user_id,timestamp,amount,merchant_category,location_risk_score,is_fraud
user_69,2025-04-12 09:05:27.531172,973.76,pharmacy,0.3,0
user_11,2025-04-12 09:13:22.531172,123.61,entertainment,0.1,0
user_563,2025-04-12 09:24:11.531172,14.92,entertainment,0.1,0
user_671,2025-04-12 09:40:37.531172,10.37,grocery,0.1,0
user_941,2025-04-12 10:20:25.531172,14.49,pharmacy,0.3,0
user_468,2025-04-12 10:34:58.531172,101.95,entertainment,0.1,0
user_490,2025-04-12 10:36:01.531172,5.69,grocery,0.1,0
user_465,2025-04-12 10:41:06.531172,6.59,hotel,0.1,0
user_656,2025-04-12 11:01:46.531172,5.93,online_retail,0.1,0
user_43,2025-04-12 11:20:25.531172,5.0,grocery,0.6,0
user_598,2025-04-12 11:21:10.531172,9.68,gas_station,0.1,0
user_848,2025-04-12 11:48:16.531172,5.0,hotel,0.3,0
user_146,2025-04-12 11:49:41.531172,25.93,restaurant,0.1,0
user_738,2025-04-12 11:59:35.531172,19.62,grocery,0.1,0
user_504,2025-04-12 12:41:10.531172,28.97,hotel,0.3,0
user_747,2025-04-12 13:11:49.531172,14.79,grocery,0.1,0
user_945,2025-04-12 13:46:43.531172,84.04,department_store,0.1,0
user_389,2025-04-12 14:01:48.531172,46.73,gas_station,0.1,0
user_228,2025-04-12 14:07:37.531172,6.32,gas_station,0.1,0
user_841,2025-04-12 14:59:06.531172,30.83,online_retail,0.4,0
user_371,2025-04-12 15:41:10.531172,41.48,gas_station,0.3,0
user_837,2025-04-12 16:02:03.531172,48.85,gas_station,0.4,0
user_140,2025-04-12 16:10:29.531172,5.0,restaurant,0.3,0
user_752,2025-04-12 16:14:50.531172,5.0,gas_station,0.1,0
user_855,2025-04-12 17:06:04.531172,1252.41,gas_station,0.3,0
user_189,2025-04-12 17:23:51.531172,13.17,grocery,0.1,0
user_589,2025-04-12 17:38:17.531172,144.94,pharmacy,0.6,0
user_119,2025-04-12 18:35:04.531172,20.18,gas_station,0.1,0
user_995,2025-04-12 18:37:17.531172,27.16,department_store,0.1,0
user_160,2025-04-12 19:00:51.531172,96.13,grocery,0.6,0
user_399,2025-04-12 19:22:37.531172,5.0,gas_station,0.1,0
user_589,2025-04-12 19:50:47.531172,24.17,gas_station,0.1,0
user_393,2025-04-12 19:53:15.531172,68.59,restaurant,0.1,0
user_173,2025-04-12 20:16:00.531172,11.2,grocery,0.1,0
user_560,2025-04-12 20:41:33.531172,17.97,grocery,0.1,0
user_920,2025-04-12 20:50:21.531172,126.09,pharmacy,0.3,0
user_314,2025-04-12 20:52:08.531172,18.24,gas_station,0.3,0
user_110,2025-04-12 21:01:06.531172,54.25,restaurant,0.1,0
user_324,2025-04-12 21:01:47.531172,101.73,restaurant,0.1,0
user_185,2025-04-12 21:24:48.531172,5.0,gas_station,0.3,0
user_47,2025-04-12 21:29:59.531172,9.03,grocery,0.1,0
user_893,2025-04-12 21:59:27.531172,987.91,electronics,0.7,1
user_827,2025-04-12 22:24:27.531172,414.35,entertainment,0.3,0
user_445,2025-04-12 22:32:47.531172,5.95,department_store,0.6,0
user_19,2025-04-12 22:37:56.531172,5.0,entertainment,0.1,0
user_489,2025-04-12 22:44:47.531172,62.7,gas_station,0.6,0
user_548,2025-04-12 22:45:11.531172,20.68,grocery,0.3,0
user_786,2025-04-12 23:17:40.531172,11.3,grocery,0.1,0
user_83,2025-04-12 23:48:12.531172,8.21,online_retail,0.1,0
user_783,2025-04-12 23:52:59.531172,7.47,grocery,0.9,0
user_316,2025-04-12 23:58:05.531172,36.81,restaurant,0.1,0
user_737,2025-04-13 00:02:21.531172,5.93,restaurant,0.3,0
user_17,2025-04-13 00:24:56.531172,5.0,grocery,0.1,0
user_91,2025-04-13 00:25:51.531172,32.25,online_retail,0.1,0
user_226,2025-04-13 01:45:49.531172,8.45,airline,0.3,0
user_533,2025-04-13 01:46:16.531172,29.49,department_store,0.3,0
user_979,2025-04-13 01:50:49.531172,21.12,grocery,0.6,0
user_764,2025-04-13 01:59:43.531172,80.22,grocery,0.3,0
user_105,2025-04-13 02:07:43.531172,8.39,grocery,0.4,0
user_123,2025-04-13 03:01:11.531172,8.08,restaurant,0.1,0
user_398,2025-04-13 03:20:13.531172,32.13,online_retail,0.1,0
user_353,2025-04-13 03:25:16.531172,12.06,grocery,0.3,0
user_756,2025-04-13 03:42:59.531172,67.75,airline,0.1,0
user_10,2025-04-13 03:47:41.531172,8.55,online_retail,0.1,0
user_378,2025-04-13 03:50:23.531172,12.2,gas_station,0.3,0
user_282,2025-04-13 03:52:38.531172,49.74,pharmacy,0.1,0
user_597,2025-04-13 03:55:37.531172,15.09,grocery,0.1,0
user_550,2025-04-13 04:03:45.531172,23.8,grocery,0.7,0
user_548,2025-04-13 04:23:16.531172,5.0,entertainment,0.1,0
user_968,2025-04-13 04:25:40.531172,54.32,airline,0.6,0
user_993,2025-04-13 04:25:46.531172,6.44,entertainment,0.1,0
user_706,2025-04-13 04:37:28.531172,27.11,department_store,0.1,0
user_821,2025-04-13 04:43:46.531172,13.28,grocery,0.1,0
user_665,2025-04-13 05:31:18.531172,57.16,department_store,0.1,0
user_714,2025-04-13 05:39:22.531172,6.69,online_retail,0.3,0
user_699,2025-04-13 05:44:29.531172,26.75,airline,0.1,0
user_249,2025-04-13 05:48:57.531172,322.52,grocery,0.1,0
user_284,2025-04-13 06:15:32.531172,222.53,gas_station,0.1,0
user_667,2025-04-13 06:17:17.531172,32.45,pharmacy,0.1,0
user_409,2025-04-13 06:34:54.531172,3824.2,entertainment,0.7,1
user_646,2025-04-13 06:41:20.531172,2000.0,electronics,0.6,0
user_456,2025-04-13 06:49:33.531172,256.64,grocery,0.3,0
user_812,2025-04-13 06:54:08.531172,5.55,airline,0.1,0
user_683,2025-04-13 06:54:19.531172,111.08,gas_station,0.1,0
user_653,2025-04-13 07:01:41.531172,30.22,gas_station,0.3,0
user_368,2025-04-13 07:20:19.531172,42.89,online_retail,0.3,0
user_126,2025-04-13 07:27:15.531172,18.96,gas_station,0.1,0
user_575,2025-04-13 07:32:23.531172,31.87,department_store,0.1,0
user_826,2025-04-13 07:42:32.531172,96.31,online_retail,0.3,0
user_281,2025-04-13 07:59:27.531172,110.93,grocery,0.1,0
user_843,2025-04-13 08:08:59.531172,5.0,gas_station,0.1,0
user_789,2025-04-13 08:11:23.531172,15.06,online_retail,0.1,0
user_603,2025-04-13 08:25:30.531172,15.71,department_store,0.1,0
user_570,2025-04-13 08:39:41.531172,35.58,grocery,0.1,0
user_684,2025-04-13 08:56:39.531172,29.94,grocery,0.7,0
user_88,2025-04-13 09:03:20.531172,9.72,department_store,0.1,0
user_846,2025-04-13 09:13:56.531172,29.89,online_retail,0.6,0
user_836,2025-04-13 09:15:38.531172,21.97,grocery,0.1,0
user_808,2025-04-13 09:19:54.531172,3576.92,jewelry,0.9,1
user_515,2025-04-13 09:41:17.531172,13.81,grocery,0.3,0
user_639,2025-04-13 09:43:22.531172,13.31,restaurant,0.1,0
user_450,2025-04-13 09:57:53.531172,9.56,department_store,0.1,0
user_798,2025-04-13 10:08:05.531172,22.18,hotel,0.6,0
user_165,2025-04-13 10:19:51.531172,30.47,restaurant,0.3,0
user_531,2025-04-13 10:44:57.531172,8.28,department_store,0.1,0
user_981,2025-04-13 10:59:22.531172,71.54,pharmacy,0.3,0
user_782,2025-04-13 11:07:49.531172,7.27,grocery,0.1,0
user_218,2025-04-13 11:19:56.531172,69.06,department_store,0.6,0
user_951,2025-04-13 11:39:06.531172,19.28,grocery,0.1,0
user_882,2025-04-13 11:45:37.531172,73.6,grocery,0.1,0
user_448,2025-04-13 11:53:36.531172,11.29,gas_station,0.3,0
user_56,2025-04-13 12:08:32.531172,5.0,department_store,0.3,0
user_828,2025-04-13 12:28:37.531172,5.0,airline,0.1,0
user_422,2025-04-13 12:37:21.531172,299.51,online_retail,0.1,0
user_446,2025-04-13 12:39:02.531172,5.0,department_store,0.6,0
user_125,2025-04-13 12:52:09.531172,301.38,online_retail,0.1,0
user_70,2025-04-13 12:52:47.531172,69.32,gas_station,0.1,0
user_324,2025-04-13 12:55:35.531172,10.64,department_store,0.3,0
user_382,2025-04-13 13:24:51.531172,79.26,gas_station,0.1,0
user_106,2025-04-13 13:38:32.531172,86.2,restaurant,0.6,0
user_322,2025-04-13 13:48:32.531172,12.4,restaurant,0.3,0
user_895,2025-04-13 13:49:03.531172,36.4,pharmacy,0.1,0
user_772,2025-04-13 13:57:19.531172,5.0,hotel,0.1,0
user_79,2025-04-13 14:04:58.531172,48.41,online_retail,0.1,0
user_849,2025-04-13 14:24:14.531172,5.0,grocery,0.1,0
user_350,2025-04-13 14:29:21.531172,5.0,hotel,0.4,0
user_146,2025-04-13 14:40:55.531172,438.25,online_retail,0.4,0
user_3,2025-04-13 14:42:57.531172,28.88,pharmacy,0.3,0
user_5,2025-04-13 14:54:49.531172,583.64,department_store,0.1,0
user_56,2025-04-13 15:13:08.531172,14.9,hotel,0.3,0
user_722,2025-04-13 15:58:46.531172,5.0,gas_station,0.1,0
user_615,2025-04-13 16:27:28.531172,5.0,gas_station,0.1,0
user_847,2025-04-13 16:35:10.531172,17.26,grocery,0.6,0
user_565,2025-04-13 16:52:17.531172,46.59,grocery,0.4,0
user_139,2025-04-13 17:20:27.531172,184.21,grocery,0.6,0
user_416,2025-04-13 17:23:51.531172,62.28,grocery,0.3,0
user_383,2025-04-13 17:48:35.531172,5.29,department_store,0.1,0
user_191,2025-04-13 17:49:34.531172,15.38,entertainment,0.1,0
user_121,2025-04-13 17:53:52.531172,8.06,hotel,0.1,0
user_310,2025-04-13 17:58:33.531172,79.07,restaurant,0.3,0
user_529,2025-04-13 18:01:44.531172,13.13,entertainment,0.6,1
user_325,2025-04-13 18:03:55.531172,5.0,online_retail,0.1,0
user_591,2025-04-13 18:29:40.531172,24.91,department_store,0.3,0
user_21,2025-04-13 19:21:31.531172,82.22,electronics,0.7,1
user_857,2025-04-13 19:23:45.531172,5.0,gas_station,0.1,0
user_822,2025-04-13 19:43:26.531172,127.56,grocery,0.7,0
user_825,2025-04-13 19:49:28.531172,20.05,pharmacy,0.1,0
user_178,2025-04-13 19:56:51.531172,70.87,department_store,0.1,0
user_993,2025-04-13 19:59:36.531172,15.01,gas_station,0.1,0
user_531,2025-04-13 20:48:51.531172,26.14,pharmacy,0.3,0
user_34,2025-04-13 21:11:43.531172,158.2,entertainment,0.1,0
user_162,2025-04-13 21:25:44.531172,5.0,gas_station,0.1,0
user_995,2025-04-13 21:26:53.531172,8.85,grocery,0.1,0
user_911,2025-04-13 21:27:54.531172,73.93,grocery,0.1,0
user_323,2025-04-13 21:29:37.531172,6.0,gas_station,0.1,0
user_664,2025-04-13 21:36:34.531172,19.82,pharmacy,0.3,0
user_332,2025-04-13 21:46:49.531172,79.65,grocery,0.1,0
user_337,2025-04-13 21:59:53.531172,127.2,online_retail,0.3,0
user_836,2025-04-13 22:01:23.531172,5.0,entertainment,0.3,0
user_94,2025-04-13 22:22:48.531172,13.55,pharmacy,0.1,0
user_373,2025-04-13 22:44:10.531172,23.74,grocery,0.1,0
user_150,2025-04-13 22:48:10.531172,5.0,hotel,0.1,0
user_766,2025-04-13 22:51:17.531172,21.69,restaurant,0.4,0
user_516,2025-04-13 22:54:59.531172,14.01,entertainment,0.3,0
user_611,2025-04-13 22:59:42.531172,64.3,online_retail,0.3,0
user_990,2025-04-13 23:15:54.531172,43.88,department_store,0.1,0
user_666,2025-04-13 23:17:03.531172,17.85,grocery,0.3,0
user_549,2025-04-13 23:18:17.531172,25.41,car_rental,0.1,0
user_112,2025-04-13 23:36:05.531172,70.49,entertainment,0.1,0
user_330,2025-04-13 23:45:33.531172,139.55,electronics,0.4,0
user_836,2025-04-13 23:46:28.531172,34.44,restaurant,0.1,0
user_75,2025-04-13 23:53:48.531172,7.24,car_rental,0.1,0
user_392,2025-04-14 01:06:57.531172,51.49,entertainment,0.9,1
user_812,2025-04-14 01:11:14.531172,28.14,restaurant,0.1,0
user_839,2025-04-14 01:31:52.531172,5.0,online_retail,0.1,0
user_437,2025-04-14 02:09:42.531172,74.58,jewelry,0.1,0
user_560,2025-04-14 02:10:57.531172,13.17,airline,0.6,0
user_292,2025-04-14 02:34:09.531172,59.78,department_store,0.1,0
user_49,2025-04-14 03:15:18.531172,10.84,gas_station,0.1,0
user_371,2025-04-14 03:29:16.531172,60.55,restaurant,0.1,0
user_685,2025-04-14 03:51:22.531172,10.45,entertainment,0.3,0
user_903,2025-04-14 04:21:23.531172,5.0,pharmacy,0.3,0
user_653,2025-04-14 04:23:44.531172,29.62,gas_station,0.3,0
user_914,2025-04-14 04:25:10.531172,5.0,grocery,0.1,0
user_905,2025-04-14 04:37:41.531172,521.54,restaurant,0.1,0
user_447,2025-04-14 04:40:43.531172,132.39,pharmacy,0.1,0
user_457,2025-04-14 04:43:58.531172,22.06,online_retail,0.1,0
user_80,2025-04-14 04:49:47.531172,77.0,grocery,0.1,0
user_185,2025-04-14 05:13:09.531172,22.81,online_retail,0.1,0
user_82,2025-04-14 05:17:24.531172,27.43,restaurant,0.1,0
user_111,2025-04-14 05:27:48.531172,15.65,restaurant,0.1,0
user_414,2025-04-14 05:34:17.531172,46.34,entertainment,0.3,0
user_482,2025-04-14 06:10:26.531172,103.23,airline,0.1,0
user_501,2025-04-14 06:23:30.531172,142.34,gas_station,0.6,0
user_814,2025-04-14 06:30:57.531172,12.85,jewelry,0.1,0
user_483,2025-04-14 06:44:37.531172,61.68,grocery,0.1,0
user_718,2025-04-14 07:01:12.531172,5.0,gas_station,0.1,0
user_494,2025-04-14 07:10:15.531172,17.89,online_retail,0.6,0
user_302,2025-04-14 07:47:34.531172,162.9,hotel,0.3,0
user_568,2025-04-14 08:23:24.531172,42.28,department_store,0.1,0
user_274,2025-04-14 08:32:54.531172,5.0,grocery,0.1,0
user_92,2025-04-14 08:48:15.531172,11.96,restaurant,0.6,0
user_230,2025-04-14 09:19:22.531172,52.62,gas_station,0.1,0
user_974,2025-04-14 09:20:53.531172,8.02,grocery,0.1,0
user_415,2025-04-14 09:36:25.531172,10.14,pharmacy,0.1,0
user_104,2025-04-14 09:55:36.531172,143.65,department_store,0.1,0
user_347,2025-04-14 10:01:16.531172,6.43,electronics,0.7,0
user_289,2025-04-14 10:03:05.531172,5.0,online_retail,0.1,0
user_812,2025-04-14 10:17:45.531172,24.85,grocery,0.1,0
user_127,2025-04-14 10:25:32.531172,174.93,online_retail,0.1,0
user_239,2025-04-14 10:26:18.531172,62.79,pharmacy,0.3,0
user_591,2025-04-14 10:34:02.531172,125.56,grocery,0.7,0
user_995,2025-04-14 10:46:27.531172,14.21,department_store,0.1,0
user_730,2025-04-14 11:04:46.531172,12.8,grocery,0.6,0
user_201,2025-04-14 11:05:16.531172,7.06,grocery,0.1,0
user_652,2025-04-14 11:28:27.531172,27.61,online_retail,0.3,0
user_741,2025-04-14 11:44:11.531172,16.56,restaurant,0.6,0
user_77,2025-04-14 11:48:21.531172,115.02,gas_station,0.3,0
user_810,2025-04-14 11:58:47.531172,76.51,gas_station,0.1,0
user_61,2025-04-14 12:04:06.531172,9.1,online_retail,0.1,0
user_815,2025-04-14 12:10:16.531172,68.07,online_retail,0.1,0
user_603,2025-04-14 12:49:20.531172,5.0,online_retail,0.1,0
user_421,2025-04-14 13:18:39.531172,6.24,grocery,0.1,0
user_320,2025-04-14 13:23:26.531172,6.44,entertainment,0.1,0
user_118,2025-04-14 13:38:05.531172,11.29,grocery,0.1,0
user_775,2025-04-14 13:59:05.531172,12.7,restaurant,0.1,0
user_971,2025-04-14 14:31:55.531172,5.0,restaurant,0.3,0
user_231,2025-04-14 14:39:50.531172,16.38,entertainment,0.3,0
user_643,2025-04-14 14:55:47.531172,28.72,pharmacy,0.1,0
user_957,2025-04-14 15:12:54.531172,2000.0,gas_station,0.6,0
user_164,2025-04-14 15:35:03.531172,88.21,gas_station,0.1,0
user_154,2025-04-14 16:11:54.531172,183.36,pharmacy,0.6,0
user_769,2025-04-14 16:13:02.531172,5.0,pharmacy,0.1,0
user_35,2025-04-14 16:14:01.531172,46.89,online_retail,0.1,0
user_158,2025-04-14 16:21:22.531172,5.0,jewelry,0.3,0
user_597,2025-04-14 17:29:53.531172,31.99,online_retail,0.1,0
user_598,2025-04-14 17:53:43.531172,79.77,electronics,0.1,0
user_151,2025-04-14 17:55:23.531172,163.86,grocery,0.6,0
user_354,2025-04-14 18:14:34.531172,5.0,department_store,0.1,0
user_290,2025-04-14 18:34:34.531172,22.12,entertainment,0.3,0
user_392,2025-04-14 18:36:19.531172,62.09,gas_station,0.1,0
user_316,2025-04-14 18:47:08.531172,5.0,airline,0.3,0
user_725,2025-04-14 18:48:19.531172,10.61,hotel,0.1,0
user_462,2025-04-14 19:03:25.531172,12.28,jewelry,0.1,0
user_110,2025-04-14 19:53:46.531172,98.19,restaurant,0.1,0
user_183,2025-04-14 19:57:02.531172,84.78,entertainment,0.9,1
user_828,2025-04-14 20:07:43.531172,33.38,hotel,0.3,0
user_96,2025-04-14 20:45:13.531172,13.39,grocery,0.1,0
user_100,2025-04-14 20:58:34.531172,45.13,gas_station,0.1,0
user_257,2025-04-14 21:16:38.531172,144.37,gas_station,0.1,0
user_389,2025-04-14 21:22:55.531172,16.2,restaurant,0.3,0
user_802,2025-04-14 21:31:37.531172,9.36,hotel,0.6,0
user_960,2025-04-14 21:34:25.531172,6.48,grocery,0.1,0
user_190,2025-04-14 22:03:14.531172,210.96,department_store,0.6,0
user_106,2025-04-14 22:12:08.531172,7.96,gas_station,0.1,0
user_506,2025-04-14 22:15:14.531172,25.51,gas_station,0.1,0
user_56,2025-04-14 22:26:32.531172,70.32,hotel,0.3,0
user_645,2025-04-14 23:06:00.531172,23.71,grocery,0.1,0
user_358,2025-04-14 23:09:13.531172,36.62,grocery,0.1,0
user_474,2025-04-14 23:15:53.531172,14.67,pharmacy,0.3,0
user_880,2025-04-14 23:29:31.531172,72.93,gas_station,0.3,0
user_598,2025-04-14 23:41:20.531172,89.85,online_retail,0.1,0
user_564,2025-04-14 23:43:36.531172,236.35,gas_station,0.3,0
user_547,2025-04-14 23:50:38.531172,37.36,grocery,0.3,0
user_679,2025-04-15 00:09:36.531172,6.02,restaurant,0.3,0
user_186,2025-04-15 00:19:16.531172,5.0,grocery,0.3,0
user_640,2025-04-15 00:37:00.531172,32.83,restaurant,0.1,0
user_340,2025-04-15 01:19:18.531172,169.15,department_store,0.1,0
user_473,2025-04-15 01:29:25.531172,9.75,restaurant,0.1,0
user_432,2025-04-15 02:07:20.531172,5.0,grocery,0.1,0
user_344,2025-04-15 02:21:58.531172,51.28,airline,0.3,0
user_63,2025-04-15 02:35:42.531172,13.58,pharmacy,0.3,0
user_251,2025-04-15 03:17:01.531172,477.29,grocery,0.1,0
user_175,2025-04-15 03:35:01.531172,141.15,department_store,0.1,0
user_274,2025-04-15 03:37:06.531172,28.67,department_store,0.3,0
user_345,2025-04-15 03:53:01.531172,15.63,pharmacy,0.1,0
user_312,2025-04-15 04:01:20.531172,5.0,hotel,0.4,0
user_150,2025-04-15 04:03:14.531172,75.11,entertainment,0.1,0
user_125,2025-04-15 04:16:42.531172,8.26,department_store,0.1,0
user_158,2025-04-15 04:17:24.531172,96.57,hotel,0.3,0
user_274,2025-04-15 04:28:24.531172,9.26,electronics,0.3,0
user_805,2025-04-15 04:44:04.531172,14.72,grocery,0.3,0
user_984,2025-04-15 04:51:22.531172,12.24,department_store,0.3,0
user_140,2025-04-15 04:54:47.531172,32.03,gas_station,0.3,0
user_733,2025-04-15 05:05:58.531172,47.18,online_retail,0.1,0
user_360,2025-04-15 05:11:11.531172,89.53,grocery,0.1,0
user_106,2025-04-15 05:15:15.531172,14.76,gas_station,0.3,0
user_509,2025-04-15 05:42:23.531172,11.57,department_store,0.1,0
user_745,2025-04-15 05:42:32.531172,222.69,hotel,0.3,0
user_223,2025-04-15 05:44:31.531172,15.5,gas_station,0.1,0
user_47,2025-04-15 05:47:55.531172,5.58,car_rental,0.1,0
user_335,2025-04-15 06:02:26.531172,5.0,grocery,0.3,0
user_999,2025-04-15 06:10:48.531172,9.38,entertainment,0.3,0
user_967,2025-04-15 06:21:37.531172,10.59,department_store,0.1,0
user_367,2025-04-15 06:57:13.531172,7.52,online_retail,0.6,0
user_500,2025-04-15 07:31:41.531172,5.0,gas_station,0.9,0
user_649,2025-04-15 08:26:38.531172,49.04,grocery,0.1,0
user_677,2025-04-15 08:49:17.531172,189.3,pharmacy,0.1,0
user_510,2025-04-15 09:01:15.531172,16.2,gas_station,0.3,0
user_552,2025-04-15 09:07:14.531172,6.09,restaurant,0.6,0
user_722,2025-04-15 09:13:37.531172,268.26,restaurant,0.1,0
user_976,2025-04-15 09:34:14.531172,126.95,online_retail,0.3,0
user_988,2025-04-15 09:35:38.531172,104.03,restaurant,0.1,0
user_637,2025-04-15 09:36:35.531172,5.43,grocery,0.6,0
user_887,2025-04-15 09:40:24.531172,20.44,gas_station,0.3,0
user_647,2025-04-15 09:41:44.531172,5.0,restaurant,0.1,0
user_582,2025-04-15 09:59:46.531172,10.8,department_store,0.3,0
user_928,2025-04-15 10:12:18.531172,9.94,online_retail,0.1,0
user_249,2025-04-15 10:34:20.531172,20.34,pharmacy,0.1,0
user_923,2025-04-15 10:39:22.531172,184.04,restaurant,0.1,0
user_727,2025-04-15 10:42:24.531172,5.0,gas_station,0.1,0
user_811,2025-04-15 10:57:38.531172,7.14,car_rental,0.4,0
user_433,2025-04-15 11:04:00.531172,22.23,online_retail,0.1,0
user_516,2025-04-15 11:30:11.531172,25.0,department_store,0.3,0
user_182,2025-04-15 11:42:39.531172,5.0,restaurant,0.3,0
user_131,2025-04-15 11:47:36.531172,7.81,online_retail,0.1,0
user_842,2025-04-15 11:48:24.531172,37.31,grocery,0.1,0
user_658,2025-04-15 11:51:02.531172,19.2,department_store,0.1,0
user_225,2025-04-15 11:53:30.531172,215.31,restaurant,0.1,0
user_805,2025-04-15 12:03:36.531172,23.3,restaurant,0.3,0
user_116,2025-04-15 12:04:46.531172,15.84,restaurant,0.1,0
user_232,2025-04-15 12:06:29.531172,5.0,hotel,0.3,0
user_31,2025-04-15 12:12:48.531172,99.33,gas_station,0.1,0
user_952,2025-04-15 12:25:40.531172,10.89,online_retail,0.7,0
user_597,2025-04-15 12:58:12.531172,5.34,restaurant,0.3,0
user_299,2025-04-15 13:03:50.531172,12.39,restaurant,0.3,0
user_300,2025-04-15 13:11:34.531172,570.92,grocery,0.1,0
user_544,2025-04-15 13:14:14.531172,30.9,entertainment,0.3,0
user_111,2025-04-15 13:25:13.531172,16.04,restaurant,0.3,0
user_37,2025-04-15 13:34:35.531172,5.0,hotel,0.3,0
user_674,2025-04-15 13:40:28.531172,6.43,pharmacy,0.1,0
user_256,2025-04-15 14:04:08.531172,162.05,grocery,0.3,0
user_883,2025-04-15 14:06:51.531172,5.0,pharmacy,0.1,0
user_939,2025-04-15 14:42:15.531172,66.41,restaurant,0.3,0
user_867,2025-04-15 14:51:54.531172,702.0,car_rental,0.6,0
user_609,2025-04-15 15:14:46.531172,50.89,grocery,0.1,0
user_200,2025-04-15 15:19:23.531172,27.51,online_retail,0.1,0
user_517,2025-04-15 15:20:57.531172,6.21,grocery,0.3,0
user_857,2025-04-15 15:39:55.531172,29.89,department_store,0.3,0
user_537,2025-04-15 15:49:22.531172,71.22,entertainment,0.3,0
user_809,2025-04-15 15:57:28.531172,5.0,pharmacy,0.1,0
user_311,2025-04-15 16:25:41.531172,5.0,grocery,0.1,0
user_720,2025-04-15 17:02:05.531172,5.0,online_retail,0.1,0
user_490,2025-04-15 17:24:58.531172,151.08,entertainment,0.9,0
user_153,2025-04-15 17:44:48.531172,12.02,airline,0.3,0
user_725,2025-04-15 17:50:21.531172,29.05,pharmacy,0.3,0
user_621,2025-04-15 18:07:10.531172,5.0,pharmacy,0.1,0
user_106,2025-04-15 18:14:22.531172,7.49,entertainment,0.3,0
user_172,2025-04-15 19:19:25.531172,16.64,restaurant,0.3,0
user_915,2025-04-15 19:33:49.531172,14.13,restaurant,0.1,0
user_369,2025-04-15 20:31:16.531172,26.07,pharmacy,0.1,0
user_188,2025-04-15 20:34:22.531172,58.5,grocery,0.1,0
user_146,2025-04-15 20:35:07.531172,20.49,hotel,0.1,0
user_555,2025-04-15 20:39:31.531172,16.09,entertainment,0.6,0
user_691,2025-04-15 21:02:10.531172,5.0,hotel,0.1,0
user_100,2025-04-15 22:01:34.531172,550.16,department_store,0.1,0
user_666,2025-04-15 22:18:08.531172,6.01,entertainment,0.1,0
user_564,2025-04-15 22:31:05.531172,166.73,department_store,0.6,0
user_358,2025-04-15 22:34:26.531172,5.0,airline,0.1,0
user_557,2025-04-15 22:40:36.531172,458.09,pharmacy,0.1,0
user_74,2025-04-15 22:56:20.531172,49.3,pharmacy,0.1,0
user_87,2025-04-15 23:09:16.531172,13.32,restaurant,0.1,0
user_298,2025-04-15 23:15:50.531172,31.02,gas_station,0.3,0
user_508,2025-04-15 23:16:11.531172,30.45,grocery,0.6,0
user_47,2025-04-15 23:43:05.531172,5.0,gas_station,0.1,0
user_960,2025-04-15 23:55:08.531172,112.68,grocery,0.1,0
user_812,2025-04-16 00:04:15.531172,11.05,electronics,0.1,0
user_334,2025-04-16 00:06:14.531172,7.91,restaurant,0.3,0
user_804,2025-04-16 00:08:40.531172,198.21,restaurant,0.3,0
user_873,2025-04-16 00:10:31.531172,7.45,grocery,0.1,0
user_898,2025-04-16 00:18:37.531172,62.48,car_rental,0.1,0
user_97,2025-04-16 00:56:23.531172,13.87,grocery,0.1,0
user_540,2025-04-16 00:57:56.531172,5.0,airline,0.1,0
user_407,2025-04-16 01:01:44.531172,33.58,gas_station,0.1,0
user_956,2025-04-16 01:10:16.531172,5.62,gas_station,0.1,0
user_35,2025-04-16 01:14:22.531172,5.0,grocery,0.1,0
user_340,2025-04-16 01:17:21.531172,9.62,restaurant,0.1,0
user_141,2025-04-16 02:15:38.531172,187.48,restaurant,0.3,0
user_671,2025-04-16 02:43:24.531172,5.0,gas_station,0.1,0
user_894,2025-04-16 03:14:33.531172,76.28,hotel,0.1,0
user_907,2025-04-16 03:28:51.531172,30.51,grocery,0.3,0
user_47,2025-04-16 03:41:02.531172,50.82,entertainment,0.6,0
user_299,2025-04-16 04:05:44.531172,8.51,restaurant,0.3,0
user_541,2025-04-16 04:09:52.531172,43.8,online_retail,0.6,0
user_177,2025-04-16 04:12:55.531172,5.0,grocery,0.1,0
user_126,2025-04-16 04:13:04.531172,11.48,entertainment,0.1,0
user_525,2025-04-16 04:19:44.531172,6.08,gas_station,0.3,0
user_165,2025-04-16 04:49:47.531172,35.37,restaurant,0.3,0
user_896,2025-04-16 04:55:12.531172,137.85,entertainment,0.3,0
user_618,2025-04-16 05:09:36.531172,16.11,department_store,0.1,0
user_500,2025-04-16 05:15:55.531172,5.0,entertainment,0.1,0
user_779,2025-04-16 05:17:59.531172,6.76,gas_station,0.1,0
user_221,2025-04-16 05:48:39.531172,8.79,pharmacy,0.1,0
user_250,2025-04-16 05:55:42.531172,200.05,grocery,0.3,0
user_922,2025-04-16 06:24:11.531172,42.17,restaurant,0.3,0
user_591,2025-04-16 06:45:15.531172,17.73,gas_station,0.1,0
user_513,2025-04-16 06:48:30.531172,11.22,online_retail,0.6,0
user_96,2025-04-16 07:14:07.531172,6.24,online_retail,0.3,0
user_596,2025-04-16 07:50:35.531172,30.66,restaurant,0.7,0
user_634,2025-04-16 08:15:06.531172,233.36,entertainment,0.3,0
user_187,2025-04-16 08:17:10.531172,5.0,airline,0.6,0
user_700,2025-04-16 08:35:08.531172,5.0,online_retail,0.1,0
user_124,2025-04-16 08:38:07.531172,19.84,hotel,0.4,0
user_802,2025-04-16 08:42:20.531172,19.63,grocery,0.1,0
user_573,2025-04-16 08:50:09.531172,5.0,airline,0.1,0
user_598,2025-04-16 08:52:39.531172,7.55,hotel,0.1,0
user_537,2025-04-16 08:58:09.531172,13.19,hotel,0.7,0
user_578,2025-04-16 08:59:50.531172,13.54,grocery,0.1,0
user_775,2025-04-16 09:58:02.531172,56.19,grocery,0.3,0
user_127,2025-04-16 10:20:46.531172,101.21,gas_station,0.1,0
user_809,2025-04-16 10:32:49.531172,5.0,department_store,0.4,0
user_908,2025-04-16 10:39:20.531172,5.0,online_retail,0.1,0
user_325,2025-04-16 10:46:16.531172,17.27,grocery,0.1,0
user_993,2025-04-16 10:51:33.531172,56.27,grocery,0.6,0
user_298,2025-04-16 11:01:47.531172,58.78,entertainment,0.3,0
user_746,2025-04-16 11:18:29.531172,19.21,entertainment,0.1,0
user_873,2025-04-16 11:24:58.531172,5.0,online_retail,0.1,0
user_981,2025-04-16 11:29:16.531172,11.18,pharmacy,0.1,0
user_760,2025-04-16 11:34:45.531172,10.23,pharmacy,0.1,0
user_458,2025-04-16 11:42:08.531172,39.14,car_rental,0.3,0
user_899,2025-04-16 11:50:38.531172,241.85,pharmacy,0.3,0
user_942,2025-04-16 12:09:38.531172,6.27,entertainment,0.1,0
user_130,2025-04-16 12:26:59.531172,5.0,restaurant,0.3,0
user_240,2025-04-16 12:45:31.531172,5.0,gas_station,0.1,0
user_804,2025-04-16 13:22:57.531172,150.36,entertainment,0.3,0
user_250,2025-04-16 13:32:28.531172,88.93,restaurant,0.1,0
user_260,2025-04-16 13:51:39.531172,48.54,grocery,0.1,0
user_918,2025-04-16 14:00:47.531172,5.51,department_store,0.3,0
user_896,2025-04-16 14:13:34.531172,7.54,gas_station,0.1,0
user_827,2025-04-16 14:15:16.531172,184.35,gas_station,0.1,0
user_540,2025-04-16 14:19:41.531172,5.0,jewelry,0.1,0
user_482,2025-04-16 14:27:01.531172,15.26,gas_station,0.3,0
user_716,2025-04-16 14:45:12.531172,61.52,pharmacy,0.1,0
user_290,2025-04-16 14:52:53.531172,7.99,grocery,0.3,0
user_660,2025-04-16 14:55:46.531172,5.0,restaurant,0.1,0
user_207,2025-04-16 15:05:01.531172,19.14,online_retail,0.6,0
user_994,2025-04-16 15:10:43.531172,27.32,gas_station,0.1,0
user_96,2025-04-16 15:18:10.531172,43.14,department_store,0.6,0
user_369,2025-04-16 15:18:48.531172,5.0,airline,0.1,0
user_390,2025-04-16 15:18:58.531172,8.45,department_store,0.1,0
user_378,2025-04-16 15:23:34.531172,9.77,online_retail,0.3,0
user_319,2025-04-16 15:36:18.531172,9.14,pharmacy,0.1,0
user_3,2025-04-16 15:37:24.531172,182.12,online_retail,0.1,0
user_817,2025-04-16 15:42:00.531172,87.97,pharmacy,0.3,0
user_284,2025-04-16 15:44:14.531172,5.0,entertainment,0.1,0
user_428,2025-04-16 16:03:27.531172,11.3,gas_station,0.1,0
user_628,2025-04-16 16:13:35.531172,20.31,gas_station,0.1,0
user_137,2025-04-16 16:19:02.531172,231.31,car_rental,0.6,0
user_261,2025-04-16 16:26:09.531172,320.56,entertainment,0.3,0
user_455,2025-04-16 16:30:12.531172,19.33,grocery,0.1,0
user_845,2025-04-16 16:45:37.531172,18.03,restaurant,0.6,0
user_457,2025-04-16 16:58:21.531172,5.0,grocery,0.1,0
user_519,2025-04-16 17:00:54.531172,8.56,department_store,0.3,0
user_308,2025-04-16 17:07:36.531172,20.71,online_retail,0.1,0
user_579,2025-04-16 17:34:22.531172,325.26,pharmacy,0.1,0
user_604,2025-04-16 17:49:38.531172,44.94,restaurant,0.3,0
user_605,2025-04-16 18:08:29.531172,5.0,car_rental,0.1,0
user_113,2025-04-16 18:16:36.531172,297.1,pharmacy,0.1,0
user_375,2025-04-16 18:25:48.531172,11.23,pharmacy,0.6,0
user_403,2025-04-16 18:28:05.531172,29.35,hotel,0.6,0
user_316,2025-04-16 18:50:16.531172,9.05,department_store,0.1,0
user_297,2025-04-16 18:54:10.531172,5.0,entertainment,0.3,0
user_289,2025-04-16 18:59:41.531172,18.79,hotel,0.1,0
user_600,2025-04-16 19:04:11.531172,5.0,hotel,0.1,0
user_230,2025-04-16 19:17:33.531172,5.0,hotel,0.3,0
user_496,2025-04-16 19:27:04.531172,13.1,electronics,0.1,0
user_424,2025-04-16 19:31:56.531172,19.48,grocery,0.1,0
user_895,2025-04-16 19:37:22.531172,206.52,entertainment,0.1,0
user_582,2025-04-16 19:40:56.531172,16.59,grocery,0.3,0
user_634,2025-04-16 19:44:00.531172,35.29,online_retail,0.3,0
user_912,2025-04-16 19:56:13.531172,29.21,airline,0.6,0
user_529,2025-04-16 20:01:44.531172,18.87,gas_station,0.1,0
user_30,2025-04-16 20:10:28.531172,13.54,department_store,0.1,0
user_308,2025-04-16 20:34:58.531172,496.25,gas_station,0.1,0
user_944,2025-04-16 20:39:01.531172,33.26,online_retail,0.6,0
user_903,2025-04-16 21:12:53.531172,11.43,restaurant,0.1,0
user_425,2025-04-16 21:21:41.531172,218.77,entertainment,0.6,0
user_278,2025-04-16 21:30:18.531172,39.85,restaurant,0.3,0
user_508,2025-04-16 22:15:20.531172,11.47,grocery,0.1,0
user_681,2025-04-16 22:28:43.531172,11.59,grocery,0.1,0
user_272,2025-04-16 23:45:49.531172,54.67,pharmacy,0.3,0
user_917,2025-04-16 23:49:19.531172,19.25,restaurant,0.3,0
user_127,2025-04-17 00:14:00.531172,29.21,entertainment,0.7,0
user_125,2025-04-17 00:16:19.531172,7.99,gas_station,0.3,0
user_714,2025-04-17 00:17:14.531172,199.39,grocery,0.3,0
user_230,2025-04-17 00:28:10.531172,55.51,gas_station,0.1,0
user_609,2025-04-17 00:45:48.531172,28.78,grocery,0.1,0
user_114,2025-04-17 00:51:49.531172,19.41,gas_station,0.3,0
user_21,2025-04-17 01:24:12.531172,10.5,hotel,0.1,0
user_781,2025-04-17 01:48:34.531172,15.94,online_retail,0.1,0
user_685,2025-04-17 02:03:16.531172,7.11,entertainment,0.1,0
user_754,2025-04-17 02:11:16.531172,16.32,online_retail,0.1,0
user_639,2025-04-17 02:13:24.531172,9.39,restaurant,0.1,0
user_432,2025-04-17 02:22:22.531172,16.58,gas_station,0.3,0
user_362,2025-04-17 02:23:22.531172,39.37,department_store,0.6,0
user_5,2025-04-17 02:24:17.531172,5.0,online_retail,0.7,0
user_894,2025-04-17 02:25:54.531172,56.17,department_store,0.3,0
user_213,2025-04-17 02:59:48.531172,100.49,grocery,0.1,0
user_90,2025-04-17 03:15:32.531172,22.66,restaurant,0.1,0
user_763,2025-04-17 03:17:20.531172,61.33,jewelry,0.1,0
user_671,2025-04-17 03:41:15.531172,10.34,jewelry,0.7,1
user_244,2025-04-17 03:51:50.531172,5.7,entertainment,0.1,0
user_986,2025-04-17 03:52:28.531172,160.34,grocery,0.1,0
user_764,2025-04-17 03:54:39.531172,46.78,hotel,0.1,0
user_672,2025-04-17 04:32:12.531172,5.73,pharmacy,0.1,0
user_99,2025-04-17 04:40:00.531172,47.52,grocery,0.1,0
user_173,2025-04-17 05:00:37.531172,43.27,restaurant,0.1,0
user_1,2025-04-17 05:17:16.531172,5.0,grocery,0.1,0
user_648,2025-04-17 05:25:06.531172,5.0,pharmacy,0.1,0
user_59,2025-04-17 05:50:52.531172,8.45,pharmacy,0.1,0
user_187,2025-04-17 06:10:46.531172,8.39,gas_station,0.1,0
user_724,2025-04-17 06:29:58.531172,53.73,restaurant,0.1,0
user_157,2025-04-17 06:43:38.531172,7.7,hotel,0.3,0
user_468,2025-04-17 06:49:09.531172,67.7,car_rental,0.3,0
user_101,2025-04-17 06:53:13.531172,47.7,online_retail,0.1,0
user_100,2025-04-17 06:55:35.531172,5.0,grocery,0.1,0
user_249,2025-04-17 07:17:59.531172,32.67,gas_station,0.3,0
user_867,2025-04-17 07:22:40.531172,48.89,grocery,0.1,0
user_612,2025-04-17 07:30:34.531172,21.56,entertainment,0.1,0
user_362,2025-04-17 07:37:43.531172,74.95,grocery,0.3,0
user_411,2025-04-17 08:12:49.531172,5.0,airline,0.1,0
user_730,2025-04-17 08:34:11.531172,248.3,online_retail,0.3,0
user_989,2025-04-17 08:43:27.531172,11.58,restaurant,0.1,0
user_810,2025-04-17 09:03:28.531172,5.0,restaurant,0.1,0
user_196,2025-04-17 09:05:48.531172,158.81,restaurant,0.1,0
user_910,2025-04-17 09:09:26.531172,130.1,grocery,0.1,0
user_849,2025-04-17 09:12:00.531172,5.0,airline,0.1,0
user_587,2025-04-17 09:17:26.531172,5.0,grocery,0.1,0
user_676,2025-04-17 09:35:28.531172,52.88,grocery,0.1,0
user_170,2025-04-17 09:40:51.531172,13.49,restaurant,0.3,0
user_909,2025-04-17 10:22:49.531172,8.89,electronics,0.1,0
user_1,2025-04-17 10:28:51.531172,9.16,entertainment,0.1,0
user_494,2025-04-17 10:30:13.531172,63.69,gas_station,0.1,0
user_257,2025-04-17 10:35:43.531172,8.3,gas_station,0.3,0
user_546,2025-04-17 10:46:53.531172,5.0,restaurant,0.6,0
user_759,2025-04-17 11:14:25.531172,54.59,airline,0.7,0
user_184,2025-04-17 11:16:36.531172,6.27,grocery,0.1,0
user_889,2025-04-17 11:19:14.531172,17.0,grocery,0.3,0
user_754,2025-04-17 11:29:46.531172,5.0,restaurant,0.1,0
user_905,2025-04-17 11:35:42.531172,36.26,entertainment,0.7,0
user_756,2025-04-17 12:09:46.531172,25.57,hotel,0.1,0
user_776,2025-04-17 12:12:50.531172,36.12,grocery,0.1,0
user_735,2025-04-17 12:33:14.531172,55.44,grocery,0.1,0
user_278,2025-04-17 12:42:19.531172,8.88,department_store,0.1,0
user_563,2025-04-17 12:48:12.531172,69.51,gas_station,0.1,0
user_342,2025-04-17 12:52:21.531172,28.41,entertainment,0.1,0
user_451,2025-04-17 13:01:28.531172,18.56,entertainment,0.1,0
user_425,2025-04-17 13:06:19.531172,24.45,department_store,0.1,0
user_254,2025-04-17 13:06:36.531172,74.68,car_rental,0.1,0
user_301,2025-04-17 13:45:20.531172,5.71,grocery,0.3,0
user_161,2025-04-17 13:48:06.531172,47.4,department_store,0.6,0
user_851,2025-04-17 14:14:10.531172,113.88,gas_station,0.1,0
user_393,2025-04-17 14:22:14.531172,9.73,electronics,0.1,0
user_45,2025-04-17 14:54:04.531172,290.92,entertainment,0.1,0
user_219,2025-04-17 15:01:03.531172,49.87,pharmacy,0.4,0
user_381,2025-04-17 15:01:51.531172,5.0,gas_station,0.1,0
user_825,2025-04-17 15:07:27.531172,6.14,gas_station,0.1,0
user_132,2025-04-17 15:10:55.531172,5.0,airline,0.1,0
user_747,2025-04-17 15:14:08.531172,5.0,restaurant,0.7,0
user_497,2025-04-17 15:37:39.531172,250.63,restaurant,0.1,0
user_873,2025-04-17 15:44:30.531172,5.0,entertainment,0.3,0
user_853,2025-04-17 15:50:43.531172,41.61,online_retail,0.3,0
user_284,2025-04-17 15:54:31.531172,21.14,pharmacy,0.3,0
user_47,2025-04-17 16:03:45.531172,75.65,grocery,0.3,0
user_942,2025-04-17 16:06:38.531172,7.43,entertainment,0.6,0
user_662,2025-04-17 16:09:47.531172,15.53,online_retail,0.4,0
user_964,2025-04-17 16:24:12.531172,7.53,gas_station,0.1,0
user_614,2025-04-17 16:39:32.531172,5.71,grocery,0.6,0
user_754,2025-04-17 16:43:41.531172,26.65,restaurant,0.3,0
user_21,2025-04-17 17:55:46.531172,47.5,electronics,0.1,0
user_22,2025-04-17 17:59:52.531172,11.4,grocery,0.1,0
user_829,2025-04-17 18:38:54.531172,5.0,grocery,0.6,0
user_401,2025-04-17 18:41:20.531172,10.79,gas_station,0.1,0
user_230,2025-04-17 19:11:03.531172,5.0,airline,0.1,0
user_151,2025-04-17 19:17:31.531172,39.25,grocery,0.3,0
user_799,2025-04-17 19:19:01.531172,51.53,restaurant,0.3,0
user_604,2025-04-17 19:19:24.531172,23.92,pharmacy,0.3,0
user_524,2025-04-17 19:36:29.531172,10.02,department_store,0.6,0
user_488,2025-04-17 19:45:54.531172,6.63,gas_station,0.3,0
user_606,2025-04-17 19:53:53.531172,5.0,entertainment,0.3,0
user_841,2025-04-17 19:58:36.531172,117.64,entertainment,0.1,0
user_795,2025-04-17 20:31:54.531172,74.15,grocery,0.3,0
user_360,2025-04-17 20:32:38.531172,5.0,pharmacy,0.1,0
user_162,2025-04-17 21:32:48.531172,8.12,grocery,0.3,0
user_39,2025-04-17 21:34:16.531172,27.29,grocery,0.3,0
user_660,2025-04-17 21:57:50.531172,5.05,online_retail,0.1,0
user_771,2025-04-17 22:06:13.531172,10.36,electronics,0.3,0
user_149,2025-04-17 22:34:03.531172,6.77,pharmacy,0.3,0
user_811,2025-04-17 22:39:42.531172,5.0,car_rental,0.1,0
user_937,2025-04-17 23:16:52.531172,48.47,grocery,0.1,0
user_858,2025-04-17 23:17:22.531172,60.02,jewelry,0.1,0
user_589,2025-04-17 23:42:51.531172,94.52,restaurant,0.1,0
user_245,2025-04-17 23:56:18.531172,145.69,pharmacy,0.3,0
user_246,2025-04-17 23:58:59.531172,5.0,department_store,0.3,0
user_650,2025-04-18 00:11:21.531172,17.74,entertainment,0.1,0
user_627,2025-04-18 00:35:15.531172,5.0,entertainment,0.3,0
user_726,2025-04-18 00:51:24.531172,106.61,department_store,0.1,0
user_223,2025-04-18 01:17:01.531172,21.59,gas_station,0.1,0
user_731,2025-04-18 01:19:36.531172,14.86,hotel,0.6,0
user_596,2025-04-18 01:20:48.531172,5.0,airline,0.1,0
user_288,2025-04-18 01:32:06.531172,42.58,department_store,0.3,0
user_981,2025-04-18 01:51:48.531172,38.63,grocery,0.3,0
user_571,2025-04-18 01:54:38.531172,8.63,pharmacy,0.1,0
user_647,2025-04-18 02:11:36.531172,313.31,grocery,0.1,0
user_662,2025-04-18 02:51:59.531172,116.77,hotel,0.1,0
user_941,2025-04-18 03:09:14.531172,104.15,grocery,0.6,0
user_784,2025-04-18 03:24:03.531172,156.95,restaurant,0.1,0
user_74,2025-04-18 03:58:28.531172,13.61,grocery,0.4,0
user_985,2025-04-18 04:34:24.531172,5.0,restaurant,0.3,0
user_750,2025-04-18 04:41:29.531172,51.64,restaurant,0.1,0
user_168,2025-04-18 04:54:09.531172,7.47,grocery,0.1,0
user_641,2025-04-18 04:56:23.531172,31.0,department_store,0.1,0
user_1,2025-04-18 05:13:32.531172,5.94,hotel,0.1,0
user_383,2025-04-18 05:52:00.531172,24.68,grocery,0.1,0
user_945,2025-04-18 05:54:37.531172,43.14,restaurant,0.3,0
user_368,2025-04-18 06:05:58.531172,55.87,department_store,0.1,0
user_276,2025-04-18 06:17:25.531172,39.75,department_store,0.3,0
user_88,2025-04-18 06:25:06.531172,43.48,restaurant,0.1,0
user_655,2025-04-18 06:26:58.531172,5.0,department_store,0.3,0
user_234,2025-04-18 06:42:43.531172,5.0,grocery,0.3,0
user_886,2025-04-18 06:49:58.531172,29.32,entertainment,0.1,0
user_282,2025-04-18 07:02:57.531172,224.59,grocery,0.6,0
user_556,2025-04-18 07:02:57.531172,5.0,gas_station,0.1,0
user_491,2025-04-18 07:05:57.531172,20.84,grocery,0.3,0
user_567,2025-04-18 07:06:36.531172,5.0,car_rental,0.1,0
user_10,2025-04-18 07:16:46.531172,36.05,grocery,0.1,0
user_267,2025-04-18 08:07:17.531172,7.25,gas_station,0.1,0
user_445,2025-04-18 08:14:21.531172,74.76,online_retail,0.3,0
user_677,2025-04-18 08:16:18.531172,5.0,grocery,0.9,0
user_981,2025-04-18 09:11:02.531172,47.93,jewelry,0.1,0
user_832,2025-04-18 09:30:03.531172,5.0,restaurant,0.1,0
user_860,2025-04-18 09:33:17.531172,5.0,department_store,0.1,0
user_95,2025-04-18 09:55:46.531172,5.76,gas_station,0.1,0
user_426,2025-04-18 10:05:50.531172,219.59,restaurant,0.1,0
user_582,2025-04-18 10:08:14.531172,244.91,online_retail,0.3,0
user_900,2025-04-18 10:14:37.531172,17.52,restaurant,0.1,0
user_390,2025-04-18 10:24:39.531172,11.35,department_store,0.3,0
user_302,2025-04-18 10:26:05.531172,5.0,online_retail,0.1,0
user_526,2025-04-18 11:15:45.531172,57.71,grocery,0.1,0
user_238,2025-04-18 11:29:05.531172,46.24,gas_station,0.7,0
user_194,2025-04-18 11:41:26.531172,6.45,restaurant,0.3,0
user_664,2025-04-18 12:18:50.531172,107.35,grocery,0.1,0
user_634,2025-04-18 12:21:43.531172,5.0,pharmacy,0.6,0
user_150,2025-04-18 12:25:51.531172,379.84,pharmacy,0.4,0
user_871,2025-04-18 12:34:44.531172,19.59,gas_station,0.6,0
user_48,2025-04-18 12:35:29.531172,41.15,gas_station,0.1,0
user_334,2025-04-18 12:58:10.531172,5.0,restaurant,0.1,0
user_567,2025-04-18 12:59:53.531172,36.96,restaurant,0.1,0
user_764,2025-04-18 13:06:31.531172,5.0,online_retail,0.3,0
user_888,2025-04-18 13:09:49.531172,101.93,hotel,0.1,0
user_827,2025-04-18 13:21:33.531172,7.95,pharmacy,0.1,0
user_494,2025-04-18 13:45:32.531172,147.77,grocery,0.6,0
user_457,2025-04-18 14:04:07.531172,12.67,hotel,0.1,0
user_231,2025-04-18 14:11:56.531172,5.97,restaurant,0.1,0
user_322,2025-04-18 14:14:23.531172,6.15,grocery,0.1,0
user_945,2025-04-18 15:00:01.531172,63.04,pharmacy,0.6,0
user_934,2025-04-18 15:08:05.531172,141.41,grocery,0.6,0
user_296,2025-04-18 15:34:30.531172,5.0,entertainment,0.1,0
user_7,2025-04-18 15:34:33.531172,5.0,grocery,0.3,0
user_616,2025-04-18 15:41:34.531172,6.76,gas_station,0.3,0
user_564,2025-04-18 16:17:45.531172,21.72,restaurant,0.6,0
user_711,2025-04-18 16:32:04.531172,5.0,gas_station,0.1,0
user_110,2025-04-18 17:12:44.531172,11.84,pharmacy,0.3,0
user_842,2025-04-18 17:16:08.531172,20.72,entertainment,0.1,0
user_163,2025-04-18 17:54:23.531172,20.47,restaurant,0.1,0
user_152,2025-04-18 18:03:30.531172,5.0,restaurant,0.1,0
user_89,2025-04-18 18:12:43.531172,16.68,car_rental,0.1,0
user_443,2025-04-18 18:18:36.531172,8.38,department_store,0.3,0
user_343,2025-04-18 18:35:36.531172,8.13,gas_station,0.1,0
user_417,2025-04-18 18:42:15.531172,5.91,entertainment,0.1,0
user_394,2025-04-18 18:56:18.531172,25.0,entertainment,0.6,0
user_659,2025-04-18 19:04:01.531172,31.25,gas_station,0.1,0
user_576,2025-04-18 19:20:48.531172,17.39,pharmacy,0.1,0
user_519,2025-04-18 19:39:16.531172,5.0,hotel,0.1,0
user_675,2025-04-18 20:22:59.531172,19.11,pharmacy,0.4,0
user_994,2025-04-18 20:29:16.531172,69.52,department_store,0.1,0
user_939,2025-04-18 20:31:56.531172,5.0,gas_station,0.1,0
user_482,2025-04-18 21:14:27.531172,22.24,online_retail,0.7,1
user_486,2025-04-18 21:26:23.531172,5.0,gas_station,0.6,0
user_821,2025-04-18 21:29:22.531172,45.68,department_store,0.3,0
user_327,2025-04-18 21:32:07.531172,167.01,grocery,0.3,0
user_280,2025-04-18 21:45:27.531172,321.02,online_retail,0.1,0
user_835,2025-04-18 21:51:35.531172,145.28,restaurant,0.1,0
user_235,2025-04-18 22:03:42.531172,117.82,jewelry,0.1,0
user_602,2025-04-18 22:22:12.531172,41.98,gas_station,0.1,0
user_414,2025-04-18 22:27:26.531172,12.23,online_retail,0.6,0
user_710,2025-04-18 22:58:51.531172,383.9,gas_station,0.3,0
user_326,2025-04-18 23:01:33.531172,47.87,restaurant,0.3,0
user_610,2025-04-18 23:22:05.531172,10.68,restaurant,0.6,0
user_237,2025-04-18 23:23:04.531172,16.67,department_store,0.6,0
user_166,2025-04-18 23:50:10.531172,5.0,gas_station,0.1,0
user_534,2025-04-18 23:52:13.531172,18.06,jewelry,0.1,0
user_851,2025-04-18 23:59:31.531172,192.78,car_rental,0.7,0
user_451,2025-04-19 00:07:34.531172,5.0,pharmacy,0.1,0
user_584,2025-04-19 00:14:40.531172,18.88,grocery,0.3,0
user_147,2025-04-19 00:25:06.531172,13.98,entertainment,0.3,0
user_633,2025-04-19 00:26:22.531172,51.08,restaurant,0.6,0
user_874,2025-04-19 00:32:25.531172,214.33,online_retail,0.3,0
user_191,2025-04-19 00:40:26.531172,36.29,department_store,0.1,0
user_193,2025-04-19 00:56:56.531172,20.27,restaurant,0.3,0
user_761,2025-04-19 01:14:13.531172,5.0,restaurant,0.3,0
user_903,2025-04-19 01:18:11.531172,21.84,online_retail,0.1,0
user_605,2025-04-19 01:25:24.531172,5.0,restaurant,0.1,0
user_165,2025-04-19 01:30:06.531172,5.0,grocery,0.1,0
user_380,2025-04-19 01:41:19.531172,5.0,pharmacy,0.1,0
user_452,2025-04-19 02:43:04.531172,5.0,grocery,0.1,0
user_886,2025-04-19 02:46:11.531172,87.92,car_rental,0.1,0
user_17,2025-04-19 02:50:51.531172,133.63,gas_station,0.1,0
user_193,2025-04-19 02:50:51.531172,210.34,grocery,0.1,0
user_204,2025-04-19 02:56:01.531172,22.32,grocery,0.1,0
user_722,2025-04-19 03:04:58.531172,5.0,gas_station,0.1,0
user_530,2025-04-19 03:08:37.531172,5.0,grocery,0.6,0
user_411,2025-04-19 03:09:12.531172,9.67,gas_station,0.1,0
user_878,2025-04-19 03:12:31.531172,26.86,department_store,0.1,0
user_885,2025-04-19 03:40:37.531172,11.54,restaurant,0.7,0
user_100,2025-04-19 03:45:00.531172,6.37,department_store,0.3,0
user_442,2025-04-19 04:03:30.531172,61.52,pharmacy,0.1,0
user_805,2025-04-19 04:21:06.531172,29.95,electronics,0.1,0
user_75,2025-04-19 05:04:49.531172,95.68,department_store,0.1,0
user_572,2025-04-19 05:08:59.531172,5.0,entertainment,0.9,0
user_209,2025-04-19 05:25:11.531172,20.74,grocery,0.3,0
user_643,2025-04-19 05:44:50.531172,222.04,restaurant,0.1,0
user_490,2025-04-19 06:02:58.531172,64.06,car_rental,0.1,0
user_119,2025-04-19 06:07:20.531172,20.72,gas_station,0.1,0
user_895,2025-04-19 06:08:28.531172,25.23,gas_station,0.1,0
user_736,2025-04-19 06:09:21.531172,7.02,online_retail,0.1,0
user_609,2025-04-19 06:28:39.531172,5.0,electronics,0.3,0
user_92,2025-04-19 06:45:42.531172,24.79,gas_station,0.6,0
user_465,2025-04-19 06:52:07.531172,27.16,gas_station,0.3,0
user_176,2025-04-19 07:00:56.531172,11.59,department_store,0.6,0
user_929,2025-04-19 07:15:05.531172,10.46,restaurant,0.1,0
user_664,2025-04-19 07:23:15.531172,12.39,gas_station,0.3,0
user_12,2025-04-19 08:11:17.531172,82.66,gas_station,0.3,0
user_401,2025-04-19 08:22:04.531172,15.76,gas_station,0.6,0
user_493,2025-04-19 08:38:21.531172,5.93,restaurant,0.1,0
user_886,2025-04-19 08:41:55.531172,5.55,grocery,0.3,0
user_147,2025-04-19 08:53:36.531172,50.97,restaurant,0.3,0
user_363,2025-04-19 08:57:21.531172,8.54,department_store,0.1,0
user_963,2025-04-19 09:03:38.531172,50.76,gas_station,0.1,0
user_374,2025-04-19 10:01:07.531172,115.77,gas_station,0.1,0
user_959,2025-04-19 10:02:43.531172,189.44,grocery,0.1,0
user_895,2025-04-19 10:36:27.531172,26.81,online_retail,0.1,0
user_367,2025-04-19 10:49:56.531172,36.78,gas_station,0.1,0
user_768,2025-04-19 10:50:03.531172,45.18,restaurant,0.1,0
user_243,2025-04-19 10:54:08.531172,34.73,entertainment,0.1,0
user_593,2025-04-19 11:10:44.531172,118.67,electronics,0.1,0
user_563,2025-04-19 11:26:49.531172,19.23,gas_station,0.3,0
user_90,2025-04-19 11:41:17.531172,13.14,grocery,0.3,0
user_103,2025-04-19 11:43:03.531172,41.33,pharmacy,0.1,0
user_455,2025-04-19 12:15:12.531172,121.52,restaurant,0.9,0
user_731,2025-04-19 12:17:26.531172,25.13,department_store,0.1,0
user_226,2025-04-19 12:20:39.531172,5.0,department_store,0.6,0
user_424,2025-04-19 12:27:07.531172,12.23,grocery,0.1,0
user_11,2025-04-19 12:48:49.531172,40.25,restaurant,0.6,0
user_589,2025-04-19 12:51:33.531172,41.32,gas_station,0.3,0
user_387,2025-04-19 13:21:32.531172,5.0,gas_station,0.6,0
user_800,2025-04-19 13:26:00.531172,5.0,pharmacy,0.1,0
user_658,2025-04-19 13:49:29.531172,11.06,restaurant,0.1,0
user_947,2025-04-19 14:15:04.531172,22.63,department_store,0.6,0
user_745,2025-04-19 14:15:23.531172,49.09,jewelry,0.7,1
user_981,2025-04-19 14:27:59.531172,203.67,airline,0.1,0
user_688,2025-04-19 15:21:38.531172,14.17,gas_station,0.3,0
user_170,2025-04-19 15:27:23.531172,22.69,gas_station,0.1,0
user_102,2025-04-19 15:29:23.531172,200.1,pharmacy,0.1,0
user_526,2025-04-19 15:44:12.531172,9.31,grocery,0.3,0
user_750,2025-04-19 15:46:33.531172,168.88,entertainment,0.1,0
user_180,2025-04-19 16:03:20.531172,88.82,online_retail,0.3,0
user_80,2025-04-19 16:06:24.531172,5.0,restaurant,0.4,0
user_115,2025-04-19 16:20:19.531172,5.0,grocery,0.3,0
user_480,2025-04-19 16:28:04.531172,296.73,pharmacy,0.6,0
user_745,2025-04-19 16:42:08.531172,44.93,grocery,0.3,0
user_959,2025-04-19 17:26:04.531172,11.92,grocery,0.1,0
user_661,2025-04-19 17:50:26.531172,22.27,restaurant,0.6,0
user_204,2025-04-19 18:05:32.531172,12.76,online_retail,0.9,0
user_859,2025-04-19 18:08:35.531172,5.0,electronics,0.1,0
user_366,2025-04-19 18:46:34.531172,35.85,online_retail,0.1,0
user_79,2025-04-19 18:58:52.531172,49.43,pharmacy,0.3,0
user_939,2025-04-19 19:02:00.531172,5.0,hotel,0.3,0
user_642,2025-04-19 19:10:40.531172,18.9,hotel,0.3,0
user_59,2025-04-19 19:31:33.531172,45.09,gas_station,0.1,0
user_82,2025-04-19 19:42:57.531172,5.04,online_retail,0.1,0
user_294,2025-04-19 19:48:14.531172,9.08,online_retail,0.1,0
user_655,2025-04-19 20:01:36.531172,18.98,gas_station,0.1,0
user_518,2025-04-19 20:06:35.531172,5.04,restaurant,0.1,0
user_782,2025-04-19 20:09:49.531172,15.3,department_store,0.1,0
user_802,2025-04-19 20:14:51.531172,11.38,grocery,0.3,0
user_408,2025-04-19 20:17:06.531172,27.53,department_store,0.1,0
user_296,2025-04-19 20:18:28.531172,11.36,grocery,0.3,0
user_903,2025-04-19 20:22:38.531172,105.67,restaurant,0.3,0
user_643,2025-04-19 20:35:38.531172,15.03,car_rental,0.1,0
user_236,2025-04-19 20:38:10.531172,35.2,grocery,0.1,0
user_159,2025-04-19 20:48:55.531172,64.65,gas_station,0.1,0
user_81,2025-04-19 21:09:23.531172,57.47,airline,0.1,0
user_112,2025-04-19 21:32:50.531172,27.45,restaurant,0.1,0
user_667,2025-04-19 21:38:59.531172,5.0,jewelry,0.3,0
user_254,2025-04-19 21:39:11.531172,5.0,online_retail,0.6,0
user_332,2025-04-19 22:15:56.531172,39.13,online_retail,0.9,1
user_764,2025-04-19 22:18:37.531172,307.86,online_retail,0.1,0
user_107,2025-04-19 22:18:53.531172,19.32,restaurant,0.7,0
user_204,2025-04-19 22:18:54.531172,74.0,restaurant,0.3,0
user_846,2025-04-19 22:29:52.531172,178.24,online_retail,0.1,0
user_686,2025-04-19 22:30:53.531172,26.72,department_store,0.3,0
user_312,2025-04-19 22:36:37.531172,5.0,pharmacy,0.3,0
user_489,2025-04-19 22:37:05.531172,14.52,department_store,0.3,0
user_583,2025-04-19 23:05:45.531172,12.12,pharmacy,0.1,0
user_660,2025-04-19 23:07:53.531172,5.0,pharmacy,0.3,0
user_544,2025-04-19 23:13:34.531172,50.05,electronics,0.7,1
user_190,2025-04-19 23:16:29.531172,7.78,entertainment,0.3,0
user_530,2025-04-19 23:18:27.531172,25.78,online_retail,0.3,0
user_434,2025-04-19 23:37:10.531172,5.46,grocery,0.1,0
user_742,2025-04-19 23:45:27.531172,8.65,jewelry,0.1,0
user_391,2025-04-19 23:52:24.531172,21.76,department_store,0.1,0
user_475,2025-04-20 00:30:54.531172,15.28,gas_station,0.1,0
user_581,2025-04-20 00:31:30.531172,19.72,grocery,0.1,0
user_943,2025-04-20 00:33:39.531172,62.3,online_retail,0.1,0
user_388,2025-04-20 00:37:31.531172,7.01,gas_station,0.1,0
user_241,2025-04-20 00:41:46.531172,127.19,gas_station,0.1,0
user_867,2025-04-20 00:45:52.531172,5.0,hotel,0.1,0
user_307,2025-04-20 00:59:10.531172,88.07,airline,0.3,0
user_180,2025-04-20 01:01:02.531172,14.37,restaurant,0.1,0
user_823,2025-04-20 01:14:50.531172,19.14,electronics,0.7,1
user_663,2025-04-20 01:15:18.531172,42.72,car_rental,0.1,0
user_270,2025-04-20 01:34:47.531172,248.95,grocery,0.1,0
user_635,2025-04-20 01:59:56.531172,297.77,entertainment,0.1,0
user_453,2025-04-20 02:02:04.531172,12.68,airline,0.1,0
user_962,2025-04-20 02:21:55.531172,13.95,restaurant,0.3,0
user_297,2025-04-20 02:56:11.531172,31.57,jewelry,0.1,0
user_853,2025-04-20 03:19:14.531172,8.96,jewelry,0.1,0
user_493,2025-04-20 03:27:30.531172,108.82,car_rental,0.3,0
user_106,2025-04-20 03:34:54.531172,7.77,hotel,0.1,0
user_339,2025-04-20 03:56:28.531172,7.19,jewelry,0.3,0
user_385,2025-04-20 04:00:13.531172,137.2,department_store,0.1,0
user_666,2025-04-20 04:09:21.531172,8.38,department_store,0.3,0
user_554,2025-04-20 04:46:02.531172,31.63,jewelry,0.1,0
user_628,2025-04-20 04:48:15.531172,87.08,online_retail,0.1,0
user_869,2025-04-20 04:51:31.531172,5.68,restaurant,0.6,0
user_921,2025-04-20 05:15:47.531172,9.6,online_retail,0.1,0
user_677,2025-04-20 06:11:17.531172,25.86,pharmacy,0.1,0
user_30,2025-04-20 06:16:14.531172,84.81,online_retail,0.1,0
user_472,2025-04-20 06:23:31.531172,82.39,electronics,0.9,1
user_814,2025-04-20 06:36:42.531172,22.91,grocery,0.1,0
user_396,2025-04-20 07:09:44.531172,516.76,hotel,0.1,0
user_415,2025-04-20 07:24:13.531172,38.61,grocery,0.1,0
user_343,2025-04-20 07:38:10.531172,5.0,pharmacy,0.6,0
user_855,2025-04-20 07:51:47.531172,5.0,pharmacy,0.1,0
user_422,2025-04-20 07:57:30.531172,15.26,online_retail,0.3,0
user_42,2025-04-20 08:39:33.531172,14.65,online_retail,0.6,0
user_527,2025-04-20 08:53:11.531172,89.4,grocery,0.1,0
user_257,2025-04-20 09:03:41.531172,7.47,grocery,0.3,0
user_412,2025-04-20 09:04:42.531172,6.37,gas_station,0.6,0
user_345,2025-04-20 09:21:06.531172,12.02,restaurant,0.1,0
user_70,2025-04-20 09:21:36.531172,13.91,grocery,0.3,0
user_821,2025-04-20 09:30:23.531172,23.74,entertainment,0.3,0
user_498,2025-04-20 09:30:51.531172,10.83,department_store,0.3,0
user_120,2025-04-20 09:33:57.531172,7.16,entertainment,0.1,0
user_282,2025-04-20 10:19:35.531172,5.0,restaurant,0.1,0
user_333,2025-04-20 10:59:07.531172,5.0,restaurant,0.3,0
user_226,2025-04-20 11:26:36.531172,8.71,department_store,0.6,0
user_383,2025-04-20 11:33:17.531172,10.63,gas_station,0.3,0
user_24,2025-04-20 11:47:07.531172,55.38,pharmacy,0.3,0
user_789,2025-04-20 11:47:58.531172,5.0,online_retail,0.3,0
user_564,2025-04-20 12:53:51.531172,12.24,online_retail,0.3,0
user_160,2025-04-20 13:28:02.531172,40.17,gas_station,0.3,0
user_732,2025-04-20 13:30:32.531172,47.4,restaurant,0.1,0
user_352,2025-04-20 13:40:38.531172,8.34,entertainment,0.3,0
user_989,2025-04-20 13:53:29.531172,28.83,jewelry,0.1,0
user_59,2025-04-20 14:06:19.531172,174.84,airline,0.1,0
user_36,2025-04-20 14:09:50.531172,5.0,jewelry,0.1,0
user_56,2025-04-20 14:16:39.531172,58.31,online_retail,0.3,0
user_798,2025-04-20 14:22:19.531172,23.72,department_store,0.3,0
user_961,2025-04-20 14:25:02.531172,76.75,grocery,0.7,0
user_203,2025-04-20 14:28:30.531172,22.04,restaurant,0.3,0
user_605,2025-04-20 14:29:39.531172,5.0,restaurant,0.1,0
user_564,2025-04-20 14:30:37.531172,264.11,entertainment,0.4,0
user_675,2025-04-20 14:35:44.531172,5.0,department_store,0.6,0
user_942,2025-04-20 14:36:58.531172,17.3,gas_station,0.1,0
user_499,2025-04-20 14:45:06.531172,9.14,restaurant,0.1,0
user_883,2025-04-20 14:52:40.531172,2333.76,entertainment,0.7,1
user_607,2025-04-20 14:56:10.531172,7.81,online_retail,0.1,0
user_611,2025-04-20 14:58:19.531172,12.41,pharmacy,0.6,0
user_725,2025-04-20 14:59:27.531172,27.62,gas_station,0.3,0
user_937,2025-04-20 15:01:48.531172,211.09,pharmacy,0.1,0
user_269,2025-04-20 15:15:22.531172,18.44,entertainment,0.1,0
user_970,2025-04-20 15:22:03.531172,10.24,gas_station,0.1,0
user_573,2025-04-20 15:25:35.531172,5.0,restaurant,0.1,0
user_176,2025-04-20 15:37:01.531172,37.58,gas_station,0.6,0
user_372,2025-04-20 15:47:11.531172,17.34,online_retail,0.3,0
user_685,2025-04-20 16:30:09.531172,5.0,department_store,0.3,0
user_970,2025-04-20 16:48:58.531172,20.15,entertainment,0.1,0
user_874,2025-04-20 16:58:11.531172,31.03,grocery,0.3,0
user_943,2025-04-20 17:03:50.531172,36.3,entertainment,0.6,0
user_977,2025-04-20 17:24:37.531172,65.51,department_store,0.3,0
user_197,2025-04-20 17:26:41.531172,27.32,restaurant,0.4,0
user_196,2025-04-20 17:37:13.531172,7.83,online_retail,0.1,0
user_251,2025-04-20 17:53:53.531172,5.0,pharmacy,0.3,0
user_336,2025-04-20 18:18:02.531172,201.19,electronics,0.6,0
user_851,2025-04-20 18:56:49.531172,45.04,grocery,0.1,0
user_879,2025-04-20 19:35:52.531172,5.47,restaurant,0.1,0
user_69,2025-04-20 19:47:47.531172,8.65,grocery,0.3,0
user_394,2025-04-20 20:16:16.531172,87.97,grocery,0.1,0
user_469,2025-04-20 20:27:06.531172,7.04,entertainment,0.3,0
user_688,2025-04-20 20:36:38.531172,20.48,grocery,0.1,0
user_575,2025-04-20 21:07:38.531172,154.71,grocery,0.1,0
user_102,2025-04-20 21:10:39.531172,7.03,gas_station,0.3,0
user_542,2025-04-20 21:17:35.531172,7.43,gas_station,0.6,0
user_298,2025-04-20 21:19:04.531172,91.56,gas_station,0.1,0
user_141,2025-04-20 21:35:05.531172,205.35,pharmacy,0.1,0
user_166,2025-04-20 21:38:43.531172,5.0,pharmacy,0.1,0
user_175,2025-04-20 22:06:05.531172,308.85,pharmacy,0.1,0
user_459,2025-04-20 22:06:32.531172,124.21,grocery,0.1,0
user_974,2025-04-20 22:06:43.531172,104.31,gas_station,0.1,0
user_466,2025-04-20 22:12:07.531172,83.91,pharmacy,0.1,0
user_371,2025-04-20 22:21:55.531172,15.09,grocery,0.1,0
user_446,2025-04-20 22:23:25.531172,23.7,gas_station,0.3,0
user_432,2025-04-20 23:03:44.531172,95.89,restaurant,0.1,0
user_625,2025-04-20 23:06:09.531172,57.56,gas_station,0.1,0
user_662,2025-04-20 23:17:50.531172,83.64,airline,0.1,0
user_987,2025-04-20 23:45:15.531172,7.5,online_retail,0.6,0
user_929,2025-04-21 00:20:17.531172,5.98,restaurant,0.3,0
user_688,2025-04-21 00:23:57.531172,5.6,hotel,0.1,0
user_115,2025-04-21 00:43:03.531172,61.56,grocery,0.1,0
user_949,2025-04-21 00:43:18.531172,49.87,gas_station,0.4,0
user_763,2025-04-21 01:01:52.531172,18.06,gas_station,0.3,0
user_662,2025-04-21 01:03:40.531172,6.41,restaurant,0.3,0
user_353,2025-04-21 01:03:45.531172,5.0,gas_station,0.1,0
user_671,2025-04-21 01:05:29.531172,552.68,grocery,0.3,0
user_717,2025-04-21 01:23:56.531172,8.31,grocery,0.1,0
user_790,2025-04-21 01:30:39.531172,66.02,entertainment,0.1,0
user_107,2025-04-21 01:52:45.531172,22.38,gas_station,0.6,0
user_136,2025-04-21 01:54:09.531172,5.0,pharmacy,0.1,0
user_24,2025-04-21 02:50:14.531172,57.46,grocery,0.1,0
user_153,2025-04-21 02:54:56.531172,243.32,gas_station,0.4,0
user_135,2025-04-21 03:02:01.531172,17.77,grocery,0.1,0
user_466,2025-04-21 03:08:29.531172,9.19,department_store,0.6,0
user_906,2025-04-21 03:18:09.531172,48.44,pharmacy,0.6,0
user_39,2025-04-21 03:19:21.531172,5.0,jewelry,0.1,0
user_876,2025-04-21 03:24:49.531172,20.65,hotel,0.6,0
user_375,2025-04-21 03:25:43.531172,5.0,pharmacy,0.3,0
user_907,2025-04-21 03:26:12.531172,321.63,gas_station,0.3,0
user_765,2025-04-21 03:36:24.531172,5.0,pharmacy,0.1,0
user_123,2025-04-21 03:42:13.531172,5.0,grocery,0.3,0
user_504,2025-04-21 03:45:08.531172,153.02,grocery,0.1,0
user_523,2025-04-21 04:00:50.531172,69.67,grocery,0.4,0
user_664,2025-04-21 04:25:22.531172,54.79,grocery,0.3,0
user_846,2025-04-21 04:48:35.531172,10.44,department_store,0.1,0
user_127,2025-04-21 05:29:55.531172,17.85,restaurant,0.3,0
user_672,2025-04-21 05:31:02.531172,11.64,hotel,0.1,0
user_504,2025-04-21 05:37:04.531172,5.0,hotel,0.3,0
user_222,2025-04-21 05:50:28.531172,69.27,electronics,0.9,1
user_512,2025-04-21 05:59:19.531172,32.27,online_retail,0.1,0
user_110,2025-04-21 06:15:57.531172,9.12,pharmacy,0.1,0
user_129,2025-04-21 06:49:21.531172,97.51,entertainment,0.1,0
user_232,2025-04-21 06:54:56.531172,5.0,restaurant,0.3,0
user_308,2025-04-21 07:09:44.531172,56.6,airline,0.3,0
user_279,2025-04-21 07:14:07.531172,7.38,gas_station,0.1,0
user_635,2025-04-21 07:14:47.531172,194.68,electronics,0.1,0
user_414,2025-04-21 07:15:23.531172,36.63,gas_station,0.6,0
user_761,2025-04-21 07:17:06.531172,11.86,restaurant,0.3,0
user_977,2025-04-21 07:18:46.531172,13.25,gas_station,0.6,0
user_132,2025-04-21 07:20:00.531172,6.85,grocery,0.1,0
user_238,2025-04-21 07:21:42.531172,5.59,grocery,0.1,0
user_790,2025-04-21 08:05:45.531172,25.54,grocery,0.3,0
user_271,2025-04-21 08:20:36.531172,60.49,jewelry,0.9,1
user_391,2025-04-21 08:40:02.531172,5.0,gas_station,0.1,0
user_936,2025-04-21 08:47:27.531172,34.01,grocery,0.1,0
user_185,2025-04-21 09:11:39.531172,5.0,pharmacy,0.1,0
user_135,2025-04-21 09:31:05.531172,25.56,department_store,0.3,0
user_751,2025-04-21 09:36:00.531172,5.72,online_retail,0.6,0
user_568,2025-04-21 09:51:47.531172,8.01,restaurant,0.4,0
user_788,2025-04-21 09:56:03.531172,33.95,restaurant,0.1,0
user_751,2025-04-21 10:02:36.531172,331.26,gas_station,0.1,0
user_121,2025-04-21 10:09:22.531172,5.0,grocery,0.1,0
user_88,2025-04-21 10:14:58.531172,60.21,entertainment,0.3,0
user_312,2025-04-21 10:16:34.531172,42.79,gas_station,0.1,0
user_209,2025-04-21 10:18:22.531172,15.12,pharmacy,0.1,0
user_993,2025-04-21 10:19:32.531172,27.25,grocery,0.1,0
user_281,2025-04-21 10:30:20.531172,330.69,department_store,0.1,0
user_540,2025-04-21 10:46:08.531172,7.28,hotel,0.1,0
user_33,2025-04-21 10:52:47.531172,5.0,gas_station,0.1,0
user_358,2025-04-21 11:03:36.531172,311.98,grocery,0.1,0
user_968,2025-04-21 11:11:23.531172,116.56,hotel,0.3,0
user_491,2025-04-21 11:19:25.531172,5.16,pharmacy,0.1,0
user_31,2025-04-21 11:20:00.531172,5.0,department_store,0.1,0
user_794,2025-04-21 11:50:03.531172,11.06,entertainment,0.1,0
user_790,2025-04-21 11:57:04.531172,87.85,restaurant,0.1,0
user_694,2025-04-21 12:45:17.531172,50.42,restaurant,0.6,0
user_195,2025-04-21 12:48:10.531172,156.48,grocery,0.1,0
user_338,2025-04-21 13:13:21.531172,17.01,gas_station,0.6,0
user_764,2025-04-21 13:19:58.531172,5.0,grocery,0.1,0
user_593,2025-04-21 13:45:11.531172,6.86,grocery,0.1,0
user_258,2025-04-21 13:46:43.531172,5.0,restaurant,0.3,0
user_119,2025-04-21 14:22:12.531172,47.13,online_retail,0.3,0
user_482,2025-04-21 14:39:10.531172,67.43,grocery,0.4,0
user_721,2025-04-21 14:48:06.531172,7.79,grocery,0.1,0
user_634,2025-04-21 14:56:16.531172,8.16,car_rental,0.1,0
user_75,2025-04-21 15:01:29.531172,181.18,pharmacy,0.1,0
user_879,2025-04-21 15:13:01.531172,10.86,department_store,0.1,0
user_686,2025-04-21 15:16:16.531172,371.59,pharmacy,0.6,0
user_106,2025-04-21 15:39:50.531172,36.53,grocery,0.1,0
user_783,2025-04-21 15:56:12.531172,7.06,electronics,0.6,0
user_412,2025-04-21 16:18:30.531172,6.2,department_store,0.1,0
user_971,2025-04-21 16:36:08.531172,47.62,hotel,0.3,0
user_58,2025-04-21 16:48:54.531172,17.17,grocery,0.3,0
user_941,2025-04-21 17:26:07.531172,715.21,restaurant,0.3,0
user_773,2025-04-21 17:52:38.531172,9.46,grocery,0.1,0
user_443,2025-04-21 18:01:09.531172,40.61,grocery,0.1,0
user_132,2025-04-21 18:17:31.531172,13.96,grocery,0.1,0
user_684,2025-04-21 18:20:28.531172,8.69,grocery,0.1,0
user_641,2025-04-21 18:23:45.531172,41.99,entertainment,0.3,0
user_533,2025-04-21 18:42:59.531172,7.57,pharmacy,0.1,0
user_119,2025-04-21 19:28:53.531172,27.41,department_store,0.1,0
user_480,2025-04-21 19:38:49.531172,18.49,grocery,0.1,0
user_404,2025-04-21 19:46:43.531172,98.58,electronics,0.1,0
user_390,2025-04-21 19:50:59.531172,5.0,hotel,0.3,0
user_609,2025-04-21 19:57:50.531172,7.34,department_store,0.1,0
user_510,2025-04-21 19:58:49.531172,5.0,gas_station,0.3,0
user_117,2025-04-21 20:03:08.531172,7.97,hotel,0.6,0
user_322,2025-04-21 20:08:31.531172,94.48,jewelry,0.9,1
user_301,2025-04-21 20:26:21.531172,5.0,gas_station,0.1,0
user_488,2025-04-21 20:29:09.531172,16.16,restaurant,0.6,0
user_569,2025-04-21 20:33:28.531172,17.62,grocery,0.3,0
user_55,2025-04-21 20:37:55.531172,25.83,entertainment,0.1,0
user_422,2025-04-21 20:39:44.531172,189.07,entertainment,0.1,0
user_590,2025-04-21 20:42:16.531172,48.79,grocery,0.7,0
user_379,2025-04-21 20:55:40.531172,5.35,department_store,0.3,0
user_466,2025-04-21 21:20:09.531172,132.0,grocery,0.1,0
user_893,2025-04-21 21:57:01.531172,5.0,grocery,0.1,0
user_662,2025-04-21 22:20:16.531172,5.0,grocery,0.1,0
user_445,2025-04-21 22:23:48.531172,236.04,hotel,0.1,0
user_11,2025-04-21 22:46:39.531172,5.0,online_retail,0.1,0
user_478,2025-04-21 22:46:53.531172,33.53,grocery,0.6,0
user_197,2025-04-21 23:07:13.531172,5.0,gas_station,0.1,0
user_705,2025-04-21 23:42:56.531172,7.94,grocery,0.3,0
user_954,2025-04-21 23:53:17.531172,22.58,restaurant,0.1,0
user_129,2025-04-22 00:43:21.531172,66.16,department_store,0.1,0
user_48,2025-04-22 01:02:01.531172,11.33,gas_station,0.6,0
user_31,2025-04-22 01:06:01.531172,5.0,grocery,0.1,0
user_727,2025-04-22 01:06:04.531172,34.9,online_retail,0.6,0
user_618,2025-04-22 01:23:43.531172,5.0,restaurant,0.1,0
user_52,2025-04-22 01:34:45.531172,33.07,entertainment,0.1,0
user_137,2025-04-22 01:56:59.531172,35.32,restaurant,0.3,0
user_684,2025-04-22 02:04:13.531172,26.29,entertainment,0.3,0
user_241,2025-04-22 02:07:46.531172,6.79,grocery,0.4,0
user_501,2025-04-22 02:09:24.531172,11.17,gas_station,0.1,0
user_826,2025-04-22 02:26:16.531172,8.06,hotel,0.3,0
user_54,2025-04-22 02:29:09.531172,41.72,department_store,0.1,0
user_777,2025-04-22 02:30:00.531172,28.59,gas_station,0.1,0
user_840,2025-04-22 02:56:47.531172,51.13,gas_station,0.1,0
user_444,2025-04-22 03:02:49.531172,6.72,jewelry,0.7,1
user_290,2025-04-22 03:15:02.531172,5.0,pharmacy,0.3,0
user_595,2025-04-22 03:46:02.531172,5.0,gas_station,0.3,0
user_622,2025-04-22 03:47:58.531172,123.74,restaurant,0.3,0
user_779,2025-04-22 03:54:36.531172,52.71,grocery,0.1,0
user_69,2025-04-22 04:06:50.531172,48.51,online_retail,0.1,0
user_504,2025-04-22 04:07:49.531172,553.91,gas_station,0.1,0
user_678,2025-04-22 04:18:28.531172,5.0,entertainment,0.1,0
user_761,2025-04-22 04:20:38.531172,2365.37,online_retail,0.6,1
user_888,2025-04-22 04:21:29.531172,62.05,restaurant,0.3,0
user_808,2025-04-22 04:40:58.531172,5.0,online_retail,0.1,0
user_100,2025-04-22 04:52:45.531172,26.26,gas_station,0.6,0
user_741,2025-04-22 05:01:54.531172,25.16,department_store,0.3,0
user_10,2025-04-22 05:08:30.531172,10.97,jewelry,0.1,0
user_692,2025-04-22 05:32:30.531172,19.93,pharmacy,0.3,0
user_605,2025-04-22 06:02:15.531172,44.03,grocery,0.3,0
user_230,2025-04-22 06:04:13.531172,77.05,restaurant,0.6,0
user_879,2025-04-22 06:22:39.531172,23.59,entertainment,0.3,0
user_249,2025-04-22 06:27:18.531172,5.0,restaurant,0.1,0
user_345,2025-04-22 07:10:29.531172,153.6,grocery,0.3,0
user_996,2025-04-22 07:19:20.531172,8.57,online_retail,0.7,0
user_826,2025-04-22 07:40:49.531172,11.66,grocery,0.1,0
user_755,2025-04-22 07:50:19.531172,10.02,gas_station,0.1,0
user_304,2025-04-22 08:00:14.531172,64.47,gas_station,0.1,0
user_568,2025-04-22 08:03:33.531172,42.7,restaurant,0.6,0
user_19,2025-04-22 08:11:02.531172,7.03,restaurant,0.3,0
user_9,2025-04-22 08:13:52.531172,11.84,restaurant,0.1,0
user_919,2025-04-22 08:32:00.531172,18.93,gas_station,0.1,0
user_683,2025-04-22 08:32:03.531172,934.61,gas_station,0.3,0
user_792,2025-04-22 08:47:36.531172,5.0,grocery,0.1,0
user_521,2025-04-22 08:51:25.531172,16.94,restaurant,0.3,0
user_48,2025-04-22 09:15:17.531172,5.0,gas_station,0.1,0
user_332,2025-04-22 09:32:22.531172,5.0,grocery,0.1,0
user_888,2025-04-22 09:59:31.531172,17.51,restaurant,0.1,0
user_462,2025-04-22 10:11:04.531172,238.46,department_store,0.1,0
user_132,2025-04-22 10:18:21.531172,13.35,pharmacy,0.3,0
user_361,2025-04-22 10:24:52.531172,75.78,restaurant,0.3,0
user_164,2025-04-22 10:40:36.531172,7.73,pharmacy,0.1,0
user_538,2025-04-22 11:07:45.531172,5.0,gas_station,0.3,0
user_86,2025-04-22 11:10:42.531172,5.56,grocery,0.6,0
user_43,2025-04-22 11:29:16.531172,43.58,gas_station,0.9,0
user_580,2025-04-22 11:36:07.531172,5.0,grocery,0.3,0
user_686,2025-04-22 11:40:34.531172,5.0,gas_station,0.1,0
user_176,2025-04-22 12:04:30.531172,12.52,restaurant,0.1,0
user_516,2025-04-22 12:13:35.531172,25.04,gas_station,0.1,0
user_45,2025-04-22 12:19:35.531172,23.73,department_store,0.6,0
user_495,2025-04-22 12:37:31.531172,22.89,gas_station,0.1,0
user_975,2025-04-22 13:02:05.531172,5.0,pharmacy,0.1,0
user_167,2025-04-22 13:19:15.531172,5.9,restaurant,0.1,0
user_388,2025-04-22 13:40:54.531172,20.9,department_store,0.1,0
user_944,2025-04-22 13:46:39.531172,17.64,online_retail,0.9,1
user_143,2025-04-22 13:59:30.531172,17.27,grocery,0.1,0
user_874,2025-04-22 14:22:11.531172,7.01,grocery,0.1,0
user_765,2025-04-22 14:52:25.531172,39.45,pharmacy,0.1,0
user_948,2025-04-22 15:09:17.531172,5.0,restaurant,0.3,0
user_219,2025-04-22 15:44:18.531172,5.0,online_retail,0.6,0
user_999,2025-04-22 15:45:13.531172,43.8,grocery,0.1,0
user_52,2025-04-22 15:50:07.531172,46.58,grocery,0.1,0
user_441,2025-04-22 15:52:35.531172,20.7,grocery,0.3,0
user_719,2025-04-22 16:01:42.531172,65.45,restaurant,0.1,0
user_952,2025-04-22 16:10:06.531172,72.1,restaurant,0.3,0
user_576,2025-04-22 16:26:03.531172,34.5,electronics,0.1,0
user_27,2025-04-22 16:32:47.531172,17.8,gas_station,0.3,0
user_659,2025-04-22 16:35:15.531172,29.64,gas_station,0.1,0
user_719,2025-04-22 16:45:23.531172,237.89,restaurant,0.1,0
user_690,2025-04-22 16:46:34.531172,44.62,online_retail,0.4,0
user_838,2025-04-22 16:46:38.531172,21.1,online_retail,0.3,0
user_909,2025-04-22 16:51:26.531172,146.68,grocery,0.1,0
user_598,2025-04-22 17:02:14.531172,214.49,jewelry,0.3,0
user_495,2025-04-22 17:31:40.531172,38.05,pharmacy,0.1,0
user_798,2025-04-22 17:36:42.531172,21.34,grocery,0.1,0
user_469,2025-04-22 18:16:17.531172,5.0,grocery,0.1,0
user_184,2025-04-22 18:22:26.531172,80.52,airline,0.1,0
user_126,2025-04-22 18:30:52.531172,164.18,pharmacy,0.3,0
user_981,2025-04-22 19:05:31.531172,152.42,gas_station,0.1,0
user_811,2025-04-22 19:14:54.531172,5.0,electronics,0.1,0
user_868,2025-04-22 19:29:38.531172,11.22,gas_station,0.3,0
user_638,2025-04-22 19:38:19.531172,34.24,entertainment,0.1,0
user_525,2025-04-22 19:55:45.531172,17.14,grocery,0.3,0
user_254,2025-04-22 20:17:40.531172,7.65,grocery,0.1,0
user_113,2025-04-22 20:23:07.531172,15.87,entertainment,0.1,0
user_655,2025-04-22 20:30:24.531172,36.86,grocery,0.3,0
user_198,2025-04-22 20:40:52.531172,11.66,gas_station,0.1,0
user_806,2025-04-22 20:44:47.531172,73.34,restaurant,0.1,0
user_701,2025-04-22 20:54:34.531172,5.0,restaurant,0.1,0
user_678,2025-04-22 20:55:49.531172,5.0,entertainment,0.3,0
user_750,2025-04-22 21:28:39.531172,24.17,restaurant,0.1,0
user_277,2025-04-22 21:36:00.531172,64.61,grocery,0.1,0
user_40,2025-04-22 21:36:14.531172,11.23,hotel,0.3,0
user_504,2025-04-22 21:40:08.531172,37.61,hotel,0.1,0
user_487,2025-04-22 22:09:12.531172,25.56,restaurant,0.1,0
user_276,2025-04-22 22:17:07.531172,7.58,restaurant,0.1,0
user_477,2025-04-22 23:16:24.531172,5.0,grocery,0.3,0
user_827,2025-04-22 23:29:09.531172,16.42,gas_station,0.1,0
user_141,2025-04-22 23:31:26.531172,27.03,gas_station,0.1,0
user_92,2025-04-22 23:38:05.531172,36.39,entertainment,0.7,0
user_664,2025-04-22 23:50:28.531172,18.77,restaurant,0.3,0
user_783,2025-04-22 23:53:10.531172,138.19,restaurant,0.4,0
user_690,2025-04-23 00:24:17.531172,29.82,restaurant,0.1,0
user_368,2025-04-23 00:37:24.531172,25.94,grocery,0.4,0
user_179,2025-04-23 01:09:17.531172,1768.5,department_store,0.3,0
user_545,2025-04-23 01:18:12.531172,50.38,grocery,0.4,0
user_22,2025-04-23 01:24:32.531172,5.0,restaurant,0.3,0
user_798,2025-04-23 01:38:09.531172,14.31,restaurant,0.1,0
user_174,2025-04-23 01:38:32.531172,21.93,online_retail,0.1,0
user_944,2025-04-23 01:41:26.531172,139.11,grocery,0.1,0
user_296,2025-04-23 01:46:13.531172,5.0,hotel,0.3,0
user_515,2025-04-23 01:52:53.531172,69.98,grocery,0.1,0
user_419,2025-04-23 02:06:34.531172,10.88,pharmacy,0.1,0
user_297,2025-04-23 02:09:24.531172,12.66,online_retail,0.4,0
user_929,2025-04-23 02:19:49.531172,5.82,restaurant,0.1,0
user_518,2025-04-23 02:21:21.531172,7.53,gas_station,0.1,0
user_330,2025-04-23 02:24:28.531172,209.25,gas_station,0.3,0
user_204,2025-04-23 02:52:38.531172,11.03,car_rental,0.1,0
user_161,2025-04-23 03:03:35.531172,43.36,gas_station,0.4,0
user_85,2025-04-23 03:15:22.531172,363.58,grocery,0.1,0
user_918,2025-04-23 03:17:43.531172,9.18,grocery,0.3,0
user_65,2025-04-23 03:19:31.531172,8.66,restaurant,0.3,0
user_774,2025-04-23 03:29:43.531172,68.88,department_store,0.6,0
user_406,2025-04-23 03:31:54.531172,21.09,online_retail,0.1,0
user_907,2025-04-23 03:35:03.531172,418.23,grocery,0.1,0
user_255,2025-04-23 03:50:58.531172,18.99,department_store,0.4,0
user_140,2025-04-23 03:54:40.531172,69.2,pharmacy,0.1,0
user_434,2025-04-23 04:05:30.531172,607.07,gas_station,0.3,0
user_655,2025-04-23 04:25:40.531172,42.31,pharmacy,0.1,0
user_312,2025-04-23 04:53:17.531172,13.4,gas_station,0.1,0
user_349,2025-04-23 04:56:35.531172,64.2,restaurant,0.1,0
user_803,2025-04-23 05:20:21.531172,73.56,gas_station,0.6,0
user_196,2025-04-23 05:46:58.531172,91.53,gas_station,0.3,0
user_283,2025-04-23 06:02:38.531172,83.24,grocery,0.6,0
user_578,2025-04-23 06:28:23.531172,51.41,department_store,0.1,0
user_706,2025-04-23 06:43:19.531172,88.39,grocery,0.3,0
user_430,2025-04-23 07:11:44.531172,16.55,grocery,0.3,0
user_92,2025-04-23 07:13:16.531172,5.0,grocery,0.1,0
user_418,2025-04-23 07:57:24.531172,15.95,hotel,0.1,0
user_224,2025-04-23 08:09:00.531172,6.05,grocery,0.1,0
user_972,2025-04-23 08:13:36.531172,5.28,gas_station,0.1,0
user_513,2025-04-23 08:43:00.531172,915.14,hotel,0.1,0
user_383,2025-04-23 08:51:39.531172,65.16,grocery,0.1,0
user_968,2025-04-23 09:11:18.531172,17.73,restaurant,0.1,0
user_344,2025-04-23 09:12:08.531172,97.93,department_store,0.1,0
user_256,2025-04-23 09:21:43.531172,5.8,online_retail,0.9,0
user_677,2025-04-23 09:33:59.531172,69.82,entertainment,0.6,1
user_553,2025-04-23 09:36:58.531172,40.63,grocery,0.4,0
user_245,2025-04-23 09:37:06.531172,104.18,grocery,0.1,0
user_325,2025-04-23 09:43:51.531172,15.37,restaurant,0.4,0
user_539,2025-04-23 09:49:47.531172,8.61,department_store,0.1,0
user_525,2025-04-23 10:13:18.531172,27.8,grocery,0.1,0
user_374,2025-04-23 10:23:08.531172,56.55,grocery,0.3,0
user_469,2025-04-23 10:32:31.531172,56.05,restaurant,0.1,0
user_822,2025-04-23 10:34:10.531172,6.92,gas_station,0.1,0
user_649,2025-04-23 10:42:32.531172,5.0,online_retail,0.1,0
user_490,2025-04-23 10:51:00.531172,77.94,department_store,0.1,0
user_976,2025-04-23 11:12:11.531172,20.48,pharmacy,0.4,0
user_499,2025-04-23 11:23:57.531172,15.95,department_store,0.1,0
user_488,2025-04-23 11:24:27.531172,32.13,restaurant,0.1,0
user_686,2025-04-23 11:33:16.531172,7.37,grocery,0.1,0
user_719,2025-04-23 11:36:42.531172,40.24,online_retail,0.3,0
user_239,2025-04-23 11:41:15.531172,59.68,grocery,0.3,0
user_281,2025-04-23 11:43:11.531172,62.71,restaurant,0.3,0
user_313,2025-04-23 11:44:42.531172,13.22,airline,0.1,0
user_257,2025-04-23 11:45:03.531172,86.09,department_store,0.1,0
user_391,2025-04-23 11:48:52.531172,74.87,gas_station,0.3,0
user_736,2025-04-23 11:53:19.531172,12.71,grocery,0.1,0
user_199,2025-04-23 12:05:51.531172,61.85,hotel,0.3,0
user_94,2025-04-23 12:08:56.531172,18.97,gas_station,0.3,0
user_31,2025-04-23 12:09:41.531172,35.62,restaurant,0.3,0
user_206,2025-04-23 12:17:55.531172,5.06,entertainment,0.3,0
user_436,2025-04-23 12:27:21.531172,105.7,online_retail,0.1,0
user_377,2025-04-23 12:42:35.531172,206.69,entertainment,0.3,0
user_786,2025-04-23 13:01:25.531172,5.0,gas_station,0.3,0
user_973,2025-04-23 13:10:00.531172,11.11,grocery,0.1,0
user_824,2025-04-23 13:22:21.531172,12.42,airline,0.3,0
user_297,2025-04-23 13:22:52.531172,73.98,car_rental,0.6,0
user_225,2025-04-23 13:24:54.531172,5.0,gas_station,0.3,0
user_569,2025-04-23 13:25:05.531172,5.0,hotel,0.1,0
user_996,2025-04-23 13:56:55.531172,8.92,grocery,0.1,0
user_865,2025-04-23 14:09:47.531172,18.41,online_retail,0.1,0
user_524,2025-04-23 14:28:55.531172,19.6,restaurant,0.1,0
user_978,2025-04-23 14:33:30.531172,5.72,department_store,0.6,0
user_266,2025-04-23 14:35:05.531172,5.0,restaurant,0.1,0
user_707,2025-04-23 14:49:03.531172,533.04,gas_station,0.1,0
user_332,2025-04-23 15:07:28.531172,5.0,grocery,0.1,0
user_840,2025-04-23 15:17:39.531172,2000.0,entertainment,0.1,0
user_763,2025-04-23 15:33:17.531172,126.82,online_retail,0.1,0
user_548,2025-04-23 15:44:17.531172,17.27,pharmacy,0.6,0
user_23,2025-04-23 16:22:35.531172,75.52,gas_station,0.1,0
user_405,2025-04-23 16:53:16.531172,5.0,car_rental,0.1,0
user_13,2025-04-23 17:00:35.531172,21.74,gas_station,0.1,0
user_565,2025-04-23 17:20:55.531172,21.07,restaurant,0.6,0
user_244,2025-04-23 17:26:41.531172,13.44,online_retail,0.3,0
user_970,2025-04-23 17:39:30.531172,13.32,restaurant,0.1,0
user_33,2025-04-23 18:07:12.531172,8.32,gas_station,0.1,0
user_920,2025-04-23 18:23:50.531172,5.89,entertainment,0.1,0
user_887,2025-04-23 18:32:13.531172,14.57,gas_station,0.1,0
user_735,2025-04-23 18:38:13.531172,115.45,online_retail,0.1,0
user_970,2025-04-23 18:43:25.531172,5.0,online_retail,0.1,0
user_186,2025-04-23 18:55:42.531172,43.85,gas_station,0.3,0
user_157,2025-04-23 19:22:01.531172,54.08,pharmacy,0.3,0
user_536,2025-04-23 19:34:05.531172,39.31,grocery,0.1,0
user_321,2025-04-23 19:38:43.531172,7.79,gas_station,0.1,0
user_879,2025-04-23 19:39:14.531172,151.23,entertainment,0.1,0
user_104,2025-04-23 19:47:55.531172,78.55,gas_station,0.3,0
user_322,2025-04-23 19:53:01.531172,5.0,grocery,0.1,0
user_908,2025-04-23 20:05:59.531172,5.0,restaurant,0.1,0
user_542,2025-04-23 20:06:11.531172,71.49,grocery,0.1,0
user_646,2025-04-23 20:06:21.531172,28.54,gas_station,0.4,0
user_2,2025-04-23 20:27:01.531172,222.07,grocery,0.1,0
user_690,2025-04-23 20:40:48.531172,5.0,car_rental,0.1,0
user_837,2025-04-23 20:44:13.531172,5.0,jewelry,0.1,0
user_517,2025-04-23 20:50:10.531172,14.64,online_retail,0.6,0
user_67,2025-04-23 21:07:02.531172,161.76,department_store,0.1,0
user_507,2025-04-23 21:09:41.531172,45.76,department_store,0.3,0
user_101,2025-04-23 21:20:15.531172,30.86,entertainment,0.1,0
user_975,2025-04-23 21:45:09.531172,294.33,pharmacy,0.1,0
user_273,2025-04-23 21:48:50.531172,83.9,grocery,0.3,0
user_35,2025-04-23 21:50:15.531172,25.34,pharmacy,0.3,0
user_626,2025-04-23 21:51:27.531172,5.0,gas_station,0.1,0
user_88,2025-04-23 22:48:19.531172,54.43,grocery,0.3,0
user_432,2025-04-23 22:54:05.531172,5.0,gas_station,0.3,0
user_180,2025-04-23 23:19:48.531172,170.19,gas_station,0.1,0
user_324,2025-04-23 23:35:25.531172,48.09,entertainment,0.1,0
user_838,2025-04-23 23:39:28.531172,9.98,restaurant,0.3,0
user_599,2025-04-23 23:48:41.531172,5.0,restaurant,0.1,0
user_513,2025-04-24 00:11:56.531172,5.0,department_store,0.1,0
user_472,2025-04-24 00:23:54.531172,5.0,restaurant,0.3,0
user_726,2025-04-24 00:34:28.531172,9.66,department_store,0.4,0
user_12,2025-04-24 00:37:44.531172,34.67,grocery,0.1,0
user_469,2025-04-24 00:55:22.531172,8.45,restaurant,0.1,0
user_20,2025-04-24 01:17:16.531172,54.09,entertainment,0.1,0
user_469,2025-04-24 01:29:09.531172,5.0,entertainment,0.3,0
user_235,2025-04-24 01:42:09.531172,9.17,gas_station,0.3,0
user_837,2025-04-24 02:00:41.531172,161.52,hotel,0.1,0
user_158,2025-04-24 02:01:50.531172,16.08,entertainment,0.1,0
user_956,2025-04-24 02:07:31.531172,19.95,pharmacy,0.1,0
user_237,2025-04-24 02:09:22.531172,51.74,department_store,0.1,0
user_233,2025-04-24 02:13:52.531172,17.36,electronics,0.6,0
user_65,2025-04-24 02:21:54.531172,51.61,grocery,0.3,0
user_193,2025-04-24 02:21:57.531172,23.43,grocery,0.6,0
user_333,2025-04-24 02:29:52.531172,103.07,restaurant,0.3,0
user_922,2025-04-24 02:52:46.531172,8.43,airline,0.3,0
user_902,2025-04-24 03:02:18.531172,42.06,restaurant,0.1,0
user_825,2025-04-24 03:05:11.531172,5.0,grocery,0.1,0
user_494,2025-04-24 03:25:57.531172,138.29,pharmacy,0.6,0
user_751,2025-04-24 03:31:22.531172,9.04,grocery,0.6,0
user_869,2025-04-24 03:47:37.531172,19.33,gas_station,0.6,0
user_949,2025-04-24 04:20:29.531172,6.32,gas_station,0.3,0
user_654,2025-04-24 04:47:57.531172,6.23,restaurant,0.1,0
user_949,2025-04-24 04:50:56.531172,5.0,online_retail,0.1,0
user_295,2025-04-24 04:59:42.531172,5.0,restaurant,0.1,0
user_138,2025-04-24 05:20:33.531172,8.08,restaurant,0.1,0
user_534,2025-04-24 05:37:05.531172,7.28,entertainment,0.1,0
user_195,2025-04-24 05:39:37.531172,42.5,airline,0.1,0
user_111,2025-04-24 05:43:52.531172,31.78,grocery,0.3,0
user_687,2025-04-24 05:49:38.531172,5.0,pharmacy,0.3,0
user_3,2025-04-24 06:03:08.531172,12.17,online_retail,0.3,0
user_478,2025-04-24 06:30:16.531172,48.85,grocery,0.1,0
user_340,2025-04-24 06:31:04.531172,75.07,restaurant,0.3,0
user_205,2025-04-24 06:46:25.531172,30.45,restaurant,0.7,0
user_216,2025-04-24 07:01:53.531172,6.76,jewelry,0.3,0
user_414,2025-04-24 07:03:51.531172,33.67,airline,0.1,0
user_628,2025-04-24 07:31:41.531172,6.02,grocery,0.1,0
user_716,2025-04-24 07:33:53.531172,26.66,car_rental,0.1,0
user_142,2025-04-24 07:34:48.531172,5.0,restaurant,0.1,0
user_687,2025-04-24 07:50:49.531172,33.76,restaurant,0.3,0
user_771,2025-04-24 07:59:05.531172,5.0,online_retail,0.3,0
user_632,2025-04-24 08:04:35.531172,11.75,entertainment,0.1,0
user_603,2025-04-24 08:07:45.531172,54.35,restaurant,0.3,0
user_608,2025-04-24 08:38:02.531172,22.69,entertainment,0.1,0
user_706,2025-04-24 08:41:59.531172,39.34,restaurant,0.4,0
user_550,2025-04-24 08:59:25.531172,7.46,grocery,0.3,0
user_390,2025-04-24 09:00:18.531172,8.43,entertainment,0.4,0
user_152,2025-04-24 09:08:34.531172,60.54,restaurant,0.1,0
user_802,2025-04-24 09:28:03.531172,13.92,department_store,0.1,0
user_421,2025-04-24 09:34:55.531172,5.0,restaurant,0.4,0
user_144,2025-04-24 09:52:12.531172,5.0,grocery,0.1,0
user_919,2025-04-24 10:04:46.531172,97.88,department_store,0.3,0
user_668,2025-04-24 10:09:24.531172,82.19,entertainment,0.1,0
user_302,2025-04-24 10:18:05.531172,138.7,grocery,0.3,0
user_484,2025-04-24 10:21:39.531172,9.2,grocery,0.6,0
user_17,2025-04-24 10:30:04.531172,74.82,online_retail,0.1,0
user_13,2025-04-24 10:39:45.531172,8.5,gas_station,0.3,0
user_481,2025-04-24 10:58:31.531172,5.11,entertainment,0.3,0
user_280,2025-04-24 11:03:20.531172,99.74,airline,0.1,0
user_944,2025-04-24 11:03:41.531172,5.0,jewelry,0.1,0
user_277,2025-04-24 11:23:46.531172,51.97,restaurant,0.1,0
user_715,2025-04-24 11:33:36.531172,56.92,entertainment,0.1,0
user_964,2025-04-24 11:41:45.531172,19.23,gas_station,0.3,0
user_9,2025-04-24 11:43:43.531172,17.75,department_store,0.1,0
user_550,2025-04-24 11:52:25.531172,79.29,entertainment,0.1,0
user_593,2025-04-24 11:52:27.531172,12.44,entertainment,0.1,0
user_24,2025-04-24 12:22:18.531172,9.18,department_store,0.1,0
user_90,2025-04-24 12:29:14.531172,247.02,grocery,0.1,0
user_974,2025-04-24 12:35:22.531172,15.86,restaurant,0.3,0
user_282,2025-04-24 12:40:32.531172,5.0,entertainment,0.6,0
user_315,2025-04-24 13:04:51.531172,11.49,car_rental,0.1,0
user_805,2025-04-24 13:36:36.531172,5.0,entertainment,0.1,0
user_878,2025-04-24 13:57:00.531172,9.95,pharmacy,0.1,0
user_403,2025-04-24 14:27:34.531172,13.38,hotel,0.1,0
user_587,2025-04-24 14:33:58.531172,5.0,grocery,0.1,0
user_901,2025-04-24 14:37:19.531172,25.69,gas_station,0.1,0
user_36,2025-04-24 15:08:42.531172,98.11,pharmacy,0.1,0
user_715,2025-04-24 15:15:37.531172,43.55,restaurant,0.1,0
user_821,2025-04-24 15:22:43.531172,8.09,entertainment,0.3,0
user_589,2025-04-24 15:42:44.531172,8.37,department_store,0.1,0
user_963,2025-04-24 15:57:40.531172,10.18,gas_station,0.3,0
user_59,2025-04-24 16:16:37.531172,5.94,online_retail,0.1,0
user_54,2025-04-24 16:22:35.531172,5.0,online_retail,0.3,0
user_85,2025-04-24 16:31:22.531172,18.32,grocery,0.3,0
user_672,2025-04-24 16:40:43.531172,5.0,restaurant,0.3,0
user_507,2025-04-24 17:27:27.531172,20.56,grocery,0.6,0
user_385,2025-04-24 17:35:50.531172,91.38,electronics,0.9,1
user_568,2025-04-24 17:36:35.531172,5.0,grocery,0.3,0
user_542,2025-04-24 17:44:52.531172,5.0,entertainment,0.3,0
user_589,2025-04-24 17:51:26.531172,73.75,hotel,0.1,0
user_67,2025-04-24 17:56:35.531172,11.91,gas_station,0.1,0
user_732,2025-04-24 17:57:01.531172,28.02,airline,0.6,0
user_441,2025-04-24 17:58:38.531172,5.0,online_retail,0.1,0
user_802,2025-04-24 18:11:15.531172,23.89,pharmacy,0.1,0
user_62,2025-04-24 18:31:31.531172,65.09,hotel,0.1,0
user_833,2025-04-24 18:47:19.531172,5.0,entertainment,0.1,0
user_45,2025-04-24 18:52:40.531172,5.0,gas_station,0.3,0
user_33,2025-04-24 18:56:46.531172,392.98,entertainment,0.6,0
user_46,2025-04-24 18:58:11.531172,22.18,online_retail,0.1,0
user_483,2025-04-24 19:08:21.531172,18.01,grocery,0.1,0
user_722,2025-04-24 19:24:15.531172,28.63,entertainment,0.9,1
user_366,2025-04-24 19:46:14.531172,11.03,grocery,0.1,0
user_353,2025-04-24 20:02:56.531172,103.16,gas_station,0.1,0
user_895,2025-04-24 20:04:29.531172,5.0,restaurant,0.1,0
user_129,2025-04-24 20:10:53.531172,9.39,pharmacy,0.1,0
user_440,2025-04-24 21:17:51.531172,12.36,department_store,0.1,0
user_320,2025-04-24 21:26:17.531172,33.77,grocery,0.1,0
user_991,2025-04-24 21:26:46.531172,26.55,online_retail,0.3,0
user_402,2025-04-24 21:29:12.531172,43.96,pharmacy,0.1,0
user_697,2025-04-24 21:33:46.531172,9.06,restaurant,0.3,0
user_990,2025-04-24 21:40:34.531172,48.77,grocery,0.1,0
user_495,2025-04-24 21:49:28.531172,5.71,electronics,0.1,0
user_583,2025-04-24 22:20:44.531172,5.0,pharmacy,0.1,0
user_91,2025-04-24 22:32:43.531172,113.32,department_store,0.6,0
user_491,2025-04-24 22:40:55.531172,119.7,department_store,0.1,0
user_365,2025-04-24 22:48:14.531172,81.57,gas_station,0.1,0
user_363,2025-04-24 23:15:40.531172,5.0,grocery,0.1,0
user_300,2025-04-24 23:16:06.531172,5.0,online_retail,0.1,0
user_565,2025-04-24 23:23:47.531172,5.0,car_rental,0.4,0
user_961,2025-04-24 23:24:13.531172,222.98,electronics,0.1,0
user_620,2025-04-24 23:42:49.531172,15.44,car_rental,0.3,0
user_271,2025-04-25 00:05:05.531172,42.44,grocery,0.1,0
user_52,2025-04-25 00:06:07.531172,5.0,electronics,0.1,0
user_782,2025-04-25 00:08:46.531172,5.0,department_store,0.1,0
user_392,2025-04-25 00:23:39.531172,48.04,entertainment,0.1,0
user_215,2025-04-25 00:26:17.531172,80.1,department_store,0.3,0
user_883,2025-04-25 00:38:51.531172,499.18,gas_station,0.1,0
user_715,2025-04-25 00:48:14.531172,5.0,hotel,0.1,0
user_826,2025-04-25 01:04:13.531172,18.79,car_rental,0.1,0
user_665,2025-04-25 01:10:57.531172,11.03,restaurant,0.3,0
user_752,2025-04-25 01:12:24.531172,5.0,gas_station,0.1,0
user_988,2025-04-25 01:34:48.531172,7.82,restaurant,0.1,0
user_947,2025-04-25 01:46:53.531172,56.3,grocery,0.1,0
user_790,2025-04-25 01:50:22.531172,5.0,department_store,0.1,0
user_406,2025-04-25 01:58:34.531172,5.0,gas_station,0.3,0
user_633,2025-04-25 02:22:27.531172,5.0,entertainment,0.3,0
user_586,2025-04-25 02:35:03.531172,15.52,airline,0.1,0
user_805,2025-04-25 02:43:13.531172,13.14,department_store,0.1,0
user_745,2025-04-25 02:44:21.531172,18.06,grocery,0.4,0
user_130,2025-04-25 02:54:20.531172,121.19,grocery,0.1,0
user_618,2025-04-25 02:55:40.531172,5.8,hotel,0.1,0
user_399,2025-04-25 03:13:59.531172,63.38,airline,0.3,0
user_110,2025-04-25 03:31:54.531172,13.11,entertainment,0.3,0
user_921,2025-04-25 03:35:25.531172,19.87,department_store,0.6,0
user_556,2025-04-25 04:03:32.531172,6.3,car_rental,0.6,0
user_290,2025-04-25 04:06:18.531172,1536.44,online_retail,0.9,1
user_27,2025-04-25 04:07:53.531172,49.91,grocery,0.3,0
user_932,2025-04-25 04:23:15.531172,9.83,grocery,0.1,0
user_465,2025-04-25 04:27:37.531172,9.73,electronics,0.1,0
user_555,2025-04-25 04:39:13.531172,5.61,electronics,0.1,0
user_206,2025-04-25 04:57:44.531172,5.0,restaurant,0.1,0
user_711,2025-04-25 04:59:53.531172,168.11,airline,0.1,0
user_152,2025-04-25 05:01:50.531172,14.19,restaurant,0.1,0
user_395,2025-04-25 05:05:12.531172,217.26,department_store,0.6,0
user_75,2025-04-25 05:28:13.531172,80.48,entertainment,0.7,1
user_105,2025-04-25 05:46:17.531172,21.13,restaurant,0.6,0
user_116,2025-04-25 05:46:55.531172,82.73,restaurant,0.4,0
user_689,2025-04-25 06:09:19.531172,150.52,grocery,0.3,0
user_693,2025-04-25 06:15:40.531172,45.98,entertainment,0.6,0
user_711,2025-04-25 06:45:37.531172,5.0,gas_station,0.1,0
user_285,2025-04-25 06:51:12.531172,8.87,grocery,0.4,0
user_896,2025-04-25 07:15:39.531172,8.24,department_store,0.1,0
user_481,2025-04-25 07:23:51.531172,67.17,department_store,0.3,0
user_468,2025-04-25 07:42:37.531172,116.64,restaurant,0.1,0
user_981,2025-04-25 08:14:44.531172,56.23,gas_station,0.1,0
user_981,2025-04-25 08:18:04.531172,12.59,grocery,0.1,0
user_42,2025-04-25 08:30:19.531172,11.18,grocery,0.1,0
user_704,2025-04-25 08:45:35.531172,8.89,grocery,0.3,0
user_298,2025-04-25 08:58:25.531172,88.77,gas_station,0.4,0
user_436,2025-04-25 08:58:40.531172,46.23,pharmacy,0.3,0
user_442,2025-04-25 09:05:55.531172,12.7,restaurant,0.1,0
user_689,2025-04-25 09:07:43.531172,12.79,department_store,0.3,0
user_911,2025-04-25 09:42:58.531172,5.0,jewelry,0.1,0
user_221,2025-04-25 09:44:06.531172,9.01,restaurant,0.3,0
user_337,2025-04-25 09:52:21.531172,11.05,pharmacy,0.3,0
user_129,2025-04-25 09:53:48.531172,5.0,gas_station,0.1,0
user_369,2025-04-25 09:57:46.531172,31.13,department_store,0.4,0
user_234,2025-04-25 10:08:55.531172,188.58,pharmacy,0.3,0
user_512,2025-04-25 10:20:58.531172,26.23,grocery,0.1,0
user_442,2025-04-25 10:23:17.531172,34.7,gas_station,0.1,0
user_644,2025-04-25 10:40:04.531172,32.04,grocery,0.1,0
user_742,2025-04-25 10:57:23.531172,32.72,restaurant,0.6,0
user_831,2025-04-25 11:14:13.531172,5.0,pharmacy,0.3,0
user_781,2025-04-25 11:16:45.531172,48.89,gas_station,0.1,0
user_531,2025-04-25 11:46:49.531172,38.06,grocery,0.1,0
user_788,2025-04-25 12:34:47.531172,21.14,entertainment,0.3,0
user_710,2025-04-25 12:44:22.531172,5.0,department_store,0.3,0
user_98,2025-04-25 12:57:10.531172,21.63,department_store,0.1,0
user_551,2025-04-25 13:07:40.531172,8.85,online_retail,0.3,0
user_439,2025-04-25 13:12:37.531172,47.16,gas_station,0.1,0
user_682,2025-04-25 13:20:35.531172,22.26,pharmacy,0.1,0
user_999,2025-04-25 13:23:17.531172,69.97,online_retail,0.3,0
user_940,2025-04-25 15:01:50.531172,46.04,gas_station,0.1,0
user_901,2025-04-25 15:05:42.531172,51.03,car_rental,0.1,0
user_497,2025-04-25 15:09:24.531172,17.64,grocery,0.1,0
user_187,2025-04-25 15:21:53.531172,5.0,grocery,0.1,0
user_342,2025-04-25 15:26:24.531172,12.56,online_retail,0.6,0
user_14,2025-04-25 16:07:23.531172,74.7,restaurant,0.3,0
user_307,2025-04-25 16:32:31.531172,15.25,grocery,0.6,0
user_934,2025-04-25 16:32:50.531172,21.79,department_store,0.6,0
user_87,2025-04-25 16:45:15.531172,53.56,restaurant,0.1,0
user_786,2025-04-25 16:47:16.531172,39.95,grocery,0.1,0
user_393,2025-04-25 16:47:27.531172,5.0,airline,0.1,0
user_540,2025-04-25 16:55:10.531172,9.08,entertainment,0.9,0
user_790,2025-04-25 17:19:45.531172,7.37,restaurant,0.1,0
user_423,2025-04-25 17:23:10.531172,94.71,online_retail,0.6,0
user_486,2025-04-25 17:26:08.531172,20.96,pharmacy,0.1,0
user_62,2025-04-25 17:32:07.531172,5.0,online_retail,0.1,0
user_592,2025-04-25 17:32:52.531172,5.0,gas_station,0.6,0
user_232,2025-04-25 17:33:29.531172,5.0,pharmacy,0.1,0
user_249,2025-04-25 17:48:30.531172,7.77,entertainment,0.1,0
user_588,2025-04-25 17:51:38.531172,17.12,restaurant,0.1,0
user_258,2025-04-25 17:54:56.531172,238.84,pharmacy,0.3,0
user_563,2025-04-25 18:02:10.531172,35.59,entertainment,0.6,0
user_765,2025-04-25 18:06:29.531172,9.47,gas_station,0.3,0
user_611,2025-04-25 18:15:42.531172,5.0,department_store,0.1,0
user_874,2025-04-25 18:16:35.531172,20.4,restaurant,0.1,0
user_884,2025-04-25 18:49:35.531172,50.07,grocery,0.1,0
user_137,2025-04-25 18:59:25.531172,5.0,gas_station,0.6,0
user_225,2025-04-25 19:20:38.531172,110.32,hotel,0.1,0
user_210,2025-04-25 19:31:00.531172,9.66,grocery,0.1,0
user_160,2025-04-25 19:31:20.531172,5.62,grocery,0.1,0
user_336,2025-04-25 19:53:15.531172,14.2,department_store,0.1,0
user_99,2025-04-25 19:59:31.531172,7.05,entertainment,0.1,0
user_174,2025-04-25 20:31:42.531172,24.22,grocery,0.1,0
user_948,2025-04-25 20:34:55.531172,30.12,gas_station,0.1,0
user_812,2025-04-25 20:36:51.531172,27.61,restaurant,0.1,0
user_837,2025-04-25 20:42:26.531172,28.05,restaurant,0.3,0
user_904,2025-04-25 20:49:38.531172,5.0,gas_station,0.1,0
user_487,2025-04-25 21:03:42.531172,13.23,grocery,0.3,0
user_945,2025-04-25 21:12:54.531172,5.0,gas_station,0.1,0
user_593,2025-04-25 21:18:43.531172,5.0,gas_station,0.1,0
user_208,2025-04-25 21:26:14.531172,95.41,entertainment,0.1,0
user_986,2025-04-25 21:36:30.531172,80.76,hotel,0.1,0
user_839,2025-04-25 21:42:54.531172,38.53,grocery,0.1,0
user_229,2025-04-25 22:09:16.531172,63.51,entertainment,0.1,0
user_272,2025-04-25 22:22:12.531172,5.33,department_store,0.7,0
user_851,2025-04-25 22:24:59.531172,82.15,jewelry,0.3,0
user_120,2025-04-25 22:42:42.531172,5.02,restaurant,0.1,0
user_528,2025-04-25 22:43:15.531172,7.58,electronics,0.1,0
user_813,2025-04-25 22:44:57.531172,5.0,restaurant,0.1,0
user_166,2025-04-25 22:56:19.531172,6.55,hotel,0.3,0
user_195,2025-04-25 23:05:54.531172,6.99,electronics,0.3,0
user_758,2025-04-25 23:06:58.531172,63.83,department_store,0.1,0
user_174,2025-04-25 23:08:05.531172,68.39,electronics,0.1,0
user_847,2025-04-25 23:14:07.531172,60.96,department_store,0.1,0
user_103,2025-04-25 23:15:43.531172,9.61,entertainment,0.1,0
user_762,2025-04-25 23:29:35.531172,45.09,entertainment,0.1,0
user_527,2025-04-26 00:05:42.531172,5.0,grocery,0.6,0
user_286,2025-04-26 00:13:27.531172,48.45,entertainment,0.9,1
user_774,2025-04-26 00:35:45.531172,86.78,online_retail,0.6,0
user_190,2025-04-26 00:39:25.531172,35.0,gas_station,0.1,0
user_254,2025-04-26 01:16:35.531172,51.93,pharmacy,0.1,0
user_281,2025-04-26 02:06:48.531172,66.65,restaurant,0.1,0
user_375,2025-04-26 02:12:29.531172,39.18,entertainment,0.1,0
user_748,2025-04-26 02:22:16.531172,8.97,gas_station,0.3,0
user_569,2025-04-26 02:25:57.531172,35.14,restaurant,0.3,0
user_680,2025-04-26 02:33:35.531172,50.02,hotel,0.6,0
user_278,2025-04-26 02:51:32.531172,5.0,online_retail,0.1,0
user_754,2025-04-26 02:56:14.531172,60.82,pharmacy,0.1,0
user_190,2025-04-26 03:09:37.531172,19.55,grocery,0.1,0
user_86,2025-04-26 03:16:51.531172,21.98,restaurant,0.6,0
user_82,2025-04-26 04:05:44.531172,5.0,gas_station,0.1,0
user_578,2025-04-26 04:07:48.531172,55.3,restaurant,0.1,0
user_147,2025-04-26 04:13:03.531172,5.0,airline,0.3,0
user_847,2025-04-26 04:26:32.531172,43.37,pharmacy,0.3,0
user_926,2025-04-26 04:27:00.531172,34.3,restaurant,0.1,0
user_711,2025-04-26 04:43:44.531172,23.84,restaurant,0.1,0
user_992,2025-04-26 04:44:49.531172,43.78,online_retail,0.1,0
user_996,2025-04-26 04:45:43.531172,291.75,grocery,0.1,0
user_525,2025-04-26 04:57:08.531172,14.61,online_retail,0.1,0
user_275,2025-04-26 05:22:22.531172,10.28,gas_station,0.1,0
user_130,2025-04-26 05:27:11.531172,205.76,entertainment,0.6,0
user_8,2025-04-26 05:30:15.531172,18.56,gas_station,0.3,0
user_616,2025-04-26 05:33:04.531172,47.4,grocery,0.1,0
user_470,2025-04-26 05:55:21.531172,72.57,airline,0.3,0
user_729,2025-04-26 05:57:05.531172,85.54,entertainment,0.7,1
user_721,2025-04-26 06:24:01.531172,12.37,grocery,0.1,0
user_290,2025-04-26 06:24:25.531172,92.95,entertainment,0.1,0
user_598,2025-04-26 06:29:46.531172,28.39,restaurant,0.1,0
user_730,2025-04-26 06:35:53.531172,19.16,grocery,0.1,0
user_977,2025-04-26 06:40:47.531172,755.13,electronics,0.9,1
user_891,2025-04-26 06:48:28.531172,18.31,gas_station,0.3,0
user_736,2025-04-26 07:33:57.531172,5.0,car_rental,0.3,0
user_89,2025-04-26 07:42:41.531172,38.91,grocery,0.1,0
user_622,2025-04-26 07:46:48.531172,2000.0,gas_station,0.1,0
user_844,2025-04-26 07:53:37.531172,394.59,hotel,0.1,0
user_958,2025-04-26 08:00:54.531172,548.83,electronics,0.3,0
user_341,2025-04-26 08:01:08.531172,2.43,online_retail,0.7,1
user_529,2025-04-26 08:54:21.531172,5.0,grocery,0.1,0
user_602,2025-04-26 08:59:54.531172,5.0,airline,0.1,0
user_774,2025-04-26 09:10:30.531172,6.67,online_retail,0.1,0
user_224,2025-04-26 09:11:58.531172,42.8,pharmacy,0.1,0
user_725,2025-04-26 09:22:18.531172,20.18,jewelry,0.1,0
user_890,2025-04-26 09:58:02.531172,5.0,electronics,0.1,0
user_565,2025-04-26 10:02:52.531172,1060.52,gas_station,0.4,0
user_286,2025-04-26 10:06:29.531172,8.01,grocery,0.1,0
user_880,2025-04-26 10:09:18.531172,22.85,car_rental,0.6,0
user_324,2025-04-26 10:11:06.531172,43.33,grocery,0.1,0
user_919,2025-04-26 10:28:10.531172,273.89,department_store,0.3,0
user_980,2025-04-26 10:31:43.531172,5.0,grocery,0.1,0
user_960,2025-04-26 10:40:34.531172,7.92,grocery,0.3,0
user_381,2025-04-26 10:58:28.531172,8.66,gas_station,0.3,0
user_991,2025-04-26 11:02:45.531172,43.1,department_store,0.1,0
user_269,2025-04-26 11:13:53.531172,35.53,entertainment,0.6,0
user_665,2025-04-26 11:14:29.531172,5.92,online_retail,0.1,0
user_391,2025-04-26 11:38:36.531172,22.71,gas_station,0.6,0
user_787,2025-04-26 11:46:36.531172,10.57,entertainment,0.1,0
user_901,2025-04-26 12:06:01.531172,10.36,entertainment,0.1,0
user_93,2025-04-26 12:10:48.531172,325.83,restaurant,0.1,0
user_442,2025-04-26 12:12:35.531172,48.8,grocery,0.1,0
user_454,2025-04-26 12:14:37.531172,5.0,grocery,0.1,0
user_795,2025-04-26 12:20:16.531172,10.37,gas_station,0.6,0
user_811,2025-04-26 13:19:38.531172,42.88,entertainment,0.1,0
user_975,2025-04-26 13:25:01.531172,8.23,car_rental,0.3,0
user_991,2025-04-26 13:40:34.531172,92.56,grocery,0.3,0
user_197,2025-04-26 13:41:59.531172,94.3,hotel,0.1,0
user_443,2025-04-26 13:47:11.531172,65.75,gas_station,0.6,0
user_257,2025-04-26 14:12:38.531172,16.57,hotel,0.1,0
user_106,2025-04-26 14:14:51.531172,195.31,grocery,0.3,0
user_824,2025-04-26 14:19:18.531172,36.83,grocery,0.3,0
user_774,2025-04-26 14:34:14.531172,16.63,grocery,0.1,0
user_31,2025-04-26 15:16:42.531172,11.46,grocery,0.3,0
user_179,2025-04-26 15:18:49.531172,20.01,restaurant,0.4,0
user_105,2025-04-26 16:13:03.531172,60.19,gas_station,0.1,0
user_526,2025-04-26 16:21:18.531172,15.67,grocery,0.3,0
user_286,2025-04-26 16:24:51.531172,7.38,pharmacy,0.1,0
user_467,2025-04-26 16:32:01.531172,77.77,department_store,0.6,0
user_636,2025-04-26 16:35:08.531172,12.6,restaurant,0.4,0
user_470,2025-04-26 16:40:35.531172,5.0,restaurant,0.1,0
user_250,2025-04-26 16:52:26.531172,21.26,grocery,0.3,0
user_949,2025-04-26 17:07:13.531172,51.36,entertainment,0.1,0
user_474,2025-04-26 17:16:31.531172,29.94,grocery,0.3,0
user_390,2025-04-26 17:21:00.531172,117.66,online_retail,0.3,0
user_643,2025-04-26 17:35:20.531172,74.38,gas_station,0.1,0
user_22,2025-04-26 17:38:26.531172,80.8,car_rental,0.3,0
user_353,2025-04-26 17:44:34.531172,58.05,pharmacy,0.1,0
user_714,2025-04-26 17:45:56.531172,192.89,gas_station,0.3,0
user_883,2025-04-26 17:52:34.531172,199.14,online_retail,0.1,0
user_566,2025-04-26 18:05:28.531172,87.71,grocery,0.6,0
user_655,2025-04-26 18:11:51.531172,5.0,airline,0.1,0
user_475,2025-04-26 18:15:31.531172,797.04,electronics,0.1,0
user_436,2025-04-26 18:15:38.531172,16.69,entertainment,0.1,0
user_190,2025-04-26 18:28:10.531172,68.17,restaurant,0.1,0
user_336,2025-04-26 18:37:38.531172,41.03,airline,0.3,0
user_49,2025-04-26 18:39:40.531172,41.1,grocery,0.1,0
user_994,2025-04-26 19:11:49.531172,90.64,gas_station,0.1,0
user_887,2025-04-26 19:15:36.531172,108.44,department_store,0.1,0
user_308,2025-04-26 19:17:09.531172,107.53,electronics,0.1,0
user_194,2025-04-26 19:19:09.531172,113.29,gas_station,0.3,0
user_794,2025-04-26 19:20:51.531172,5.01,department_store,0.3,0
user_956,2025-04-26 19:22:15.531172,5.0,online_retail,0.3,0
user_650,2025-04-26 19:33:52.531172,12.57,entertainment,0.3,0
user_537,2025-04-26 19:57:50.531172,69.47,online_retail,0.1,0
user_468,2025-04-26 20:03:52.531172,22.85,restaurant,0.6,0
user_550,2025-04-26 20:05:41.531172,5.89,online_retail,0.3,0
user_969,2025-04-26 20:07:56.531172,107.39,gas_station,0.1,0
user_664,2025-04-26 20:10:41.531172,9.0,pharmacy,0.6,0
user_267,2025-04-26 20:47:17.531172,159.69,restaurant,0.3,0
user_780,2025-04-26 20:51:28.531172,43.21,electronics,0.1,0
user_68,2025-04-26 20:54:48.531172,15.95,grocery,0.1,0
user_856,2025-04-26 21:24:49.531172,37.61,entertainment,0.1,0
user_579,2025-04-26 21:33:16.531172,5.0,gas_station,0.1,0
user_425,2025-04-26 21:41:58.531172,9.36,grocery,0.3,0
user_193,2025-04-26 22:22:06.531172,46.86,online_retail,0.1,0
user_953,2025-04-26 22:40:49.531172,8.19,online_retail,0.3,0
user_943,2025-04-26 22:43:49.531172,5.0,online_retail,0.1,0
user_698,2025-04-26 23:03:49.531172,35.28,hotel,0.6,0
user_247,2025-04-26 23:38:04.531172,23.75,online_retail,0.1,0
user_509,2025-04-26 23:41:37.531172,43.26,department_store,0.6,0
user_252,2025-04-26 23:51:10.531172,40.84,grocery,0.1,0
user_218,2025-04-26 23:58:40.531172,37.71,airline,0.6,0
user_93,2025-04-27 00:07:34.531172,27.73,car_rental,0.3,0
user_513,2025-04-27 00:16:08.531172,12.0,department_store,0.6,0
user_875,2025-04-27 00:20:49.531172,65.6,online_retail,0.1,0
user_142,2025-04-27 00:28:07.531172,6.48,electronics,0.1,0
user_514,2025-04-27 00:32:22.531172,16.54,entertainment,0.1,0
user_324,2025-04-27 00:45:50.531172,39.66,electronics,0.1,0
user_725,2025-04-27 00:55:56.531172,14.63,restaurant,0.3,0
user_620,2025-04-27 01:06:11.531172,23.68,pharmacy,0.1,0
user_64,2025-04-27 01:10:03.531172,5.0,restaurant,0.3,0
user_783,2025-04-27 01:28:48.531172,42.06,restaurant,0.1,0
user_273,2025-04-27 02:16:43.531172,61.91,pharmacy,0.1,0
user_252,2025-04-27 02:17:15.531172,1754.22,grocery,0.1,0
user_231,2025-04-27 02:30:48.531172,7.81,gas_station,0.1,0
user_55,2025-04-27 02:33:26.531172,32.61,hotel,0.6,0
user_281,2025-04-27 03:05:36.531172,100.49,gas_station,0.1,0
user_668,2025-04-27 03:26:19.531172,21.97,restaurant,0.3,0
user_20,2025-04-27 03:32:28.531172,9.53,restaurant,0.6,0
user_77,2025-04-27 04:07:43.531172,9.06,online_retail,0.1,0
user_384,2025-04-27 04:40:56.531172,48.09,restaurant,0.1,0
user_342,2025-04-27 04:49:47.531172,40.44,online_retail,0.6,0
user_551,2025-04-27 05:03:16.531172,77.71,grocery,0.1,0
user_711,2025-04-27 05:04:11.531172,37.82,hotel,0.1,0
user_204,2025-04-27 05:08:56.531172,71.84,department_store,0.6,0
user_113,2025-04-27 05:09:13.531172,5.0,entertainment,0.1,0
user_725,2025-04-27 05:30:10.531172,11.61,grocery,0.1,0
user_608,2025-04-27 05:38:12.531172,74.45,grocery,0.3,0
user_490,2025-04-27 05:57:21.531172,5.71,grocery,0.4,0
user_27,2025-04-27 06:23:53.531172,11.45,restaurant,0.1,0
user_503,2025-04-27 06:53:53.531172,5.0,online_retail,0.6,0
user_739,2025-04-27 07:05:25.531172,8.37,entertainment,0.3,0
user_41,2025-04-27 07:09:45.531172,15.0,pharmacy,0.1,0
user_921,2025-04-27 07:10:46.531172,53.66,entertainment,0.1,0
user_661,2025-04-27 07:39:49.531172,50.17,gas_station,0.6,0
user_672,2025-04-27 07:51:04.531172,30.96,pharmacy,0.3,0
user_3,2025-04-27 07:54:34.531172,9.05,gas_station,0.6,0
user_513,2025-04-27 08:02:06.531172,31.18,hotel,0.1,0
user_92,2025-04-27 08:23:00.531172,5.47,grocery,0.1,0
user_650,2025-04-27 08:29:56.531172,32.05,online_retail,0.4,0
user_102,2025-04-27 08:32:34.531172,8.72,online_retail,0.1,0
user_994,2025-04-27 08:41:43.531172,7.48,restaurant,0.1,0
user_768,2025-04-27 09:08:35.531172,86.39,restaurant,0.1,0
user_9,2025-04-27 09:09:49.531172,8.42,grocery,0.7,0
user_586,2025-04-27 09:31:09.531172,21.18,gas_station,0.1,0
user_201,2025-04-27 09:32:30.531172,89.86,online_retail,0.4,0
user_218,2025-04-27 09:33:18.531172,185.4,online_retail,0.3,0
user_110,2025-04-27 09:40:04.531172,83.09,restaurant,0.1,0
user_499,2025-04-27 09:42:37.531172,45.38,gas_station,0.1,0
user_960,2025-04-27 09:43:52.531172,5.0,restaurant,0.1,0
user_544,2025-04-27 10:14:35.531172,88.75,grocery,0.3,0
user_575,2025-04-27 10:16:12.531172,28.66,hotel,0.1,0
user_731,2025-04-27 10:20:46.531172,228.2,grocery,0.1,0
user_355,2025-04-27 10:28:00.531172,170.88,gas_station,0.1,0
user_112,2025-04-27 11:08:26.531172,16.61,grocery,0.1,0
user_567,2025-04-27 11:13:39.531172,103.26,grocery,0.1,0
user_130,2025-04-27 11:26:48.531172,5.0,hotel,0.3,0
user_8,2025-04-27 11:39:10.531172,5.0,gas_station,0.1,0
user_405,2025-04-27 11:40:43.531172,7.78,grocery,0.1,0
user_779,2025-04-27 12:13:51.531172,5.0,restaurant,0.1,0
user_114,2025-04-27 12:15:05.531172,108.72,entertainment,0.6,0
user_383,2025-04-27 12:29:37.531172,144.68,gas_station,0.1,0
user_365,2025-04-27 12:30:13.531172,13.55,restaurant,0.1,0
user_486,2025-04-27 13:16:04.531172,136.68,gas_station,0.1,0
user_77,2025-04-27 13:45:18.531172,8.07,gas_station,0.1,0
user_619,2025-04-27 14:21:02.531172,12.23,entertainment,0.1,0
user_954,2025-04-27 14:22:47.531172,8.83,restaurant,0.1,0
user_659,2025-04-27 14:40:30.531172,52.34,hotel,0.3,0
user_763,2025-04-27 14:51:23.531172,23.39,gas_station,0.3,0
user_160,2025-04-27 15:47:57.531172,5.0,hotel,0.1,0
user_1000,2025-04-27 15:52:50.531172,5.0,grocery,0.1,0
user_153,2025-04-27 16:00:00.531172,9.88,gas_station,0.1,0
user_140,2025-04-27 16:01:06.531172,157.89,gas_station,0.3,0
user_872,2025-04-27 16:01:17.531172,32.28,grocery,0.1,0
user_255,2025-04-27 16:28:18.531172,71.21,restaurant,0.1,0
user_893,2025-04-27 16:51:18.531172,54.04,entertainment,0.1,0
user_892,2025-04-27 17:00:59.531172,5.0,gas_station,0.1,0
user_952,2025-04-27 17:02:13.531172,29.76,grocery,0.4,0
user_560,2025-04-27 17:07:03.531172,461.42,online_retail,0.1,0
user_181,2025-04-27 17:16:50.531172,179.24,grocery,0.1,0
user_940,2025-04-27 17:17:10.531172,5.0,online_retail,0.1,0
user_62,2025-04-27 17:21:42.531172,11.07,department_store,0.4,0
user_892,2025-04-27 17:34:40.531172,6.6,airline,0.3,0
user_674,2025-04-27 17:35:08.531172,31.64,gas_station,0.6,0
user_783,2025-04-27 18:11:18.531172,9.19,department_store,0.1,0
user_530,2025-04-27 18:12:29.531172,157.76,department_store,0.3,0
user_694,2025-04-27 18:35:07.531172,154.83,entertainment,0.3,0
user_625,2025-04-27 18:54:47.531172,11.74,grocery,0.1,0
user_487,2025-04-27 18:59:41.531172,235.95,grocery,0.6,0
user_310,2025-04-27 19:27:07.531172,5.0,entertainment,0.1,0
user_567,2025-04-27 19:37:42.531172,38.33,restaurant,0.3,0
user_919,2025-04-27 19:52:21.531172,13.62,gas_station,0.1,0
user_869,2025-04-27 19:57:17.531172,9.08,restaurant,0.1,0
user_274,2025-04-27 19:57:56.531172,15.18,online_retail,0.3,0
user_457,2025-04-27 20:01:22.531172,38.96,pharmacy,0.3,0
user_239,2025-04-27 20:57:37.531172,63.41,entertainment,0.6,0
user_826,2025-04-27 21:02:27.531172,94.3,pharmacy,0.1,0
user_924,2025-04-27 21:08:05.531172,5.0,gas_station,0.1,0
user_315,2025-04-27 21:10:29.531172,27.5,airline,0.1,0
user_181,2025-04-27 21:16:28.531172,16.07,online_retail,0.3,0
user_627,2025-04-27 21:36:03.531172,15.6,department_store,0.1,0
user_643,2025-04-27 21:47:34.531172,22.12,pharmacy,0.1,0
user_696,2025-04-27 21:48:13.531172,26.26,grocery,0.3,0
user_845,2025-04-27 22:38:05.531172,12.53,pharmacy,0.1,0
user_803,2025-04-27 23:26:26.531172,339.85,gas_station,0.1,0
user_54,2025-04-27 23:33:16.531172,11.14,gas_station,0.1,0
user_385,2025-04-27 23:56:32.531172,5.2,online_retail,0.1,0
user_805,2025-04-28 00:00:51.531172,11.24,hotel,0.6,0
user_736,2025-04-28 00:16:28.531172,40.55,hotel,0.1,0
user_828,2025-04-28 00:24:23.531172,7.05,restaurant,0.1,0
user_607,2025-04-28 00:27:57.531172,31.18,restaurant,0.1,0
user_298,2025-04-28 00:41:04.531172,88.31,online_retail,0.3,0
user_605,2025-04-28 00:44:19.531172,30.75,gas_station,0.1,0
user_158,2025-04-28 00:45:30.531172,17.15,online_retail,0.3,0
user_22,2025-04-28 00:56:30.531172,15.32,restaurant,0.1,0
user_183,2025-04-28 00:56:45.531172,12.25,online_retail,0.1,0
user_862,2025-04-28 01:01:08.531172,9.65,online_retail,0.1,0
user_862,2025-04-28 01:09:39.531172,20.02,online_retail,0.1,0
user_973,2025-04-28 02:01:03.531172,9.68,grocery,0.1,0
user_264,2025-04-28 02:24:57.531172,46.48,entertainment,0.3,0
user_169,2025-04-28 02:25:05.531172,5.0,car_rental,0.3,0
user_82,2025-04-28 02:29:38.531172,68.26,entertainment,0.1,0
user_429,2025-04-28 02:37:50.531172,5.0,grocery,0.1,0
user_154,2025-04-28 02:47:03.531172,67.65,gas_station,0.1,0
user_158,2025-04-28 03:04:16.531172,25.08,gas_station,0.1,0
user_307,2025-04-28 03:32:39.531172,40.99,gas_station,0.1,0
user_886,2025-04-28 03:39:51.531172,50.96,hotel,0.3,0
user_327,2025-04-28 03:39:53.531172,10.49,grocery,0.1,0
user_553,2025-04-28 03:53:15.531172,8.62,grocery,0.1,0
user_681,2025-04-28 03:54:32.531172,5.0,pharmacy,0.1,0
user_844,2025-04-28 04:27:32.531172,18.02,department_store,0.3,0
user_266,2025-04-28 04:28:09.531172,104.13,entertainment,0.1,0
user_51,2025-04-28 04:36:34.531172,5.75,online_retail,0.1,0
user_318,2025-04-28 04:38:08.531172,10.11,restaurant,0.3,0
user_933,2025-04-28 04:53:35.531172,75.98,grocery,0.3,0
user_366,2025-04-28 05:32:41.531172,8.63,restaurant,0.1,0
user_926,2025-04-28 05:34:10.531172,36.68,jewelry,0.6,0
user_353,2025-04-28 06:01:19.531172,18.42,grocery,0.1,0
user_671,2025-04-28 06:26:36.531172,10.11,entertainment,0.1,0
user_296,2025-04-28 06:40:00.531172,238.36,gas_station,0.1,0
user_12,2025-04-28 06:45:55.531172,11.91,gas_station,0.4,0
user_816,2025-04-28 07:08:29.531172,790.67,grocery,0.3,0
user_620,2025-04-28 07:15:21.531172,5.0,gas_station,0.1,0
user_666,2025-04-28 07:25:37.531172,5.0,gas_station,0.1,0
user_319,2025-04-28 07:31:31.531172,47.56,gas_station,0.4,0
user_791,2025-04-28 07:54:43.531172,21.75,pharmacy,0.1,0
user_109,2025-04-28 08:01:45.531172,38.96,restaurant,0.1,0
user_202,2025-04-28 08:16:39.531172,19.26,gas_station,0.1,0
user_305,2025-04-28 08:23:53.531172,21.65,restaurant,0.4,0
user_154,2025-04-28 08:24:25.531172,5.56,jewelry,0.3,0
user_851,2025-04-28 08:25:26.531172,5.78,entertainment,0.1,0
user_61,2025-04-28 08:38:24.531172,5.0,grocery,0.1,0
user_112,2025-04-28 08:56:27.531172,15.3,restaurant,0.1,0
user_147,2025-04-28 09:03:44.531172,69.24,online_retail,0.6,1
user_390,2025-04-28 09:04:34.531172,53.3,online_retail,0.1,0
user_462,2025-04-28 09:06:38.531172,54.33,gas_station,0.3,0
user_925,2025-04-28 10:44:31.531172,369.38,grocery,0.3,0
user_451,2025-04-28 10:53:50.531172,5.0,department_store,0.4,0
user_887,2025-04-28 10:55:05.531172,64.85,grocery,0.1,0
user_793,2025-04-28 12:03:04.531172,30.05,gas_station,0.1,0
user_979,2025-04-28 12:05:12.531172,72.62,jewelry,0.7,1
user_652,2025-04-28 12:06:35.531172,5.36,grocery,0.1,0
user_430,2025-04-28 12:36:15.531172,7.45,pharmacy,0.1,0
user_467,2025-04-28 12:39:42.531172,6.15,department_store,0.1,0
user_72,2025-04-28 13:19:11.531172,197.54,gas_station,0.1,0
user_817,2025-04-28 13:37:49.531172,30.9,grocery,0.1,0
user_107,2025-04-28 13:42:05.531172,17.91,pharmacy,0.7,0
user_569,2025-04-28 13:49:57.531172,5.0,entertainment,0.1,0
user_314,2025-04-28 14:11:34.531172,29.83,grocery,0.3,0
user_108,2025-04-28 14:15:13.531172,270.47,grocery,0.1,0
user_742,2025-04-28 14:15:21.531172,30.79,gas_station,0.3,0
user_771,2025-04-28 14:27:45.531172,51.83,grocery,0.6,0
user_972,2025-04-28 14:31:47.531172,60.94,entertainment,0.1,0
user_501,2025-04-28 14:44:11.531172,36.78,entertainment,0.1,0
user_516,2025-04-28 14:51:21.531172,44.4,airline,0.3,0
user_424,2025-04-28 14:53:14.531172,53.76,pharmacy,0.1,0
user_16,2025-04-28 14:59:08.531172,5.0,restaurant,0.3,0
user_669,2025-04-28 15:02:07.531172,38.18,department_store,0.1,0
user_67,2025-04-28 15:09:22.531172,142.38,department_store,0.1,0
user_890,2025-04-28 15:29:13.531172,25.74,department_store,0.1,0
user_54,2025-04-28 15:32:42.531172,20.96,online_retail,0.6,0
user_271,2025-04-28 15:49:39.531172,9.55,restaurant,0.1,0
user_378,2025-04-28 15:59:05.531172,19.35,department_store,0.3,0
user_681,2025-04-28 16:12:11.531172,98.65,hotel,0.1,0
user_328,2025-04-28 16:12:49.531172,20.45,hotel,0.6,0
user_52,2025-04-28 16:27:03.531172,10.54,entertainment,0.1,0
user_479,2025-04-28 16:35:57.531172,14.09,pharmacy,0.1,0
user_215,2025-04-28 16:42:27.531172,4626.25,electronics,0.9,1
user_798,2025-04-28 16:47:07.531172,125.79,grocery,0.3,0
user_855,2025-04-28 17:09:48.531172,26.24,online_retail,0.3,0
user_552,2025-04-28 17:21:19.531172,68.44,restaurant,0.3,0
user_401,2025-04-28 17:31:57.531172,20.22,electronics,0.1,0
user_460,2025-04-28 17:42:59.531172,46.32,restaurant,0.1,0
user_657,2025-04-28 17:57:28.531172,5.0,restaurant,0.3,0
user_914,2025-04-28 18:09:40.531172,95.82,restaurant,0.1,0
user_517,2025-04-28 18:46:14.531172,89.78,grocery,0.3,0
user_593,2025-04-28 18:59:27.531172,5.0,gas_station,0.1,0
user_695,2025-04-28 19:15:05.531172,74.09,grocery,0.3,0
user_313,2025-04-28 19:24:04.531172,9.84,grocery,0.1,0
user_907,2025-04-28 19:33:13.531172,2909.72,jewelry,0.6,1
user_630,2025-04-28 19:55:53.531172,5.0,department_store,0.1,0
user_534,2025-04-28 20:09:52.531172,6.54,entertainment,0.6,0
user_754,2025-04-28 20:25:02.531172,10.19,department_store,0.1,0
user_322,2025-04-28 20:28:42.531172,23.69,restaurant,0.3,0
user_346,2025-04-28 20:37:19.531172,5.0,grocery,0.1,0
user_267,2025-04-28 20:49:31.531172,10.68,grocery,0.1,0
user_928,2025-04-28 20:59:10.531172,38.11,hotel,0.1,0
user_185,2025-04-28 21:05:54.531172,21.68,hotel,0.3,0
user_245,2025-04-28 21:40:42.531172,10.99,gas_station,0.1,0
user_262,2025-04-28 21:52:52.531172,664.83,airline,0.1,0
user_506,2025-04-28 22:14:53.531172,20.34,department_store,0.1,0
user_389,2025-04-28 22:15:51.531172,5.0,department_store,0.3,0
user_492,2025-04-28 22:19:46.531172,46.41,restaurant,0.3,0
user_663,2025-04-28 22:19:48.531172,5.0,electronics,0.3,0
user_442,2025-04-28 22:36:51.531172,87.6,entertainment,0.1,0
user_626,2025-04-28 22:44:34.531172,27.13,restaurant,0.1,0
user_50,2025-04-28 22:52:41.531172,38.91,entertainment,0.3,0
user_867,2025-04-28 23:00:15.531172,7.91,online_retail,0.1,0
user_212,2025-04-28 23:04:32.531172,21.32,grocery,0.3,0
user_787,2025-04-28 23:11:55.531172,5.0,department_store,0.6,0
user_211,2025-04-28 23:32:04.531172,5.0,hotel,0.3,0
user_122,2025-04-28 23:43:15.531172,13.53,airline,0.1,0
user_158,2025-04-28 23:56:02.531172,6.65,gas_station,0.3,0
user_677,2025-04-29 00:18:18.531172,5.2,gas_station,0.6,0
user_720,2025-04-29 00:21:37.531172,37.57,grocery,0.1,0
user_583,2025-04-29 00:32:11.531172,25.73,pharmacy,0.1,0
user_14,2025-04-29 01:10:48.531172,14.54,pharmacy,0.1,0
user_39,2025-04-29 02:15:44.531172,10.73,restaurant,0.1,0
user_15,2025-04-29 02:22:37.531172,20.76,department_store,0.1,0
user_978,2025-04-29 02:55:53.531172,265.75,entertainment,0.1,0
user_700,2025-04-29 03:35:30.531172,10.42,restaurant,0.4,0
user_437,2025-04-29 03:40:39.531172,5.0,pharmacy,0.1,0
user_460,2025-04-29 03:50:41.531172,151.97,grocery,0.1,0
user_495,2025-04-29 03:53:59.531172,5.0,grocery,0.3,0
user_257,2025-04-29 04:01:57.531172,5.0,restaurant,0.6,0
user_980,2025-04-29 04:33:07.531172,34.67,jewelry,0.1,0
user_954,2025-04-29 04:40:26.531172,58.75,entertainment,0.3,0
user_319,2025-04-29 04:49:50.531172,54.02,hotel,0.3,0
user_679,2025-04-29 05:04:57.531172,21.4,online_retail,0.1,0
user_593,2025-04-29 05:38:32.531172,196.4,restaurant,0.3,0
user_866,2025-04-29 05:47:10.531172,5.0,department_store,0.1,0
user_30,2025-04-29 05:50:42.531172,43.81,restaurant,0.6,0
user_503,2025-04-29 05:55:24.531172,51.26,online_retail,0.9,1
user_986,2025-04-29 05:58:47.531172,7.99,department_store,0.3,0
user_584,2025-04-29 06:06:25.531172,131.44,grocery,0.3,0
user_840,2025-04-29 06:08:56.531172,29.52,gas_station,0.3,0
user_902,2025-04-29 06:27:08.531172,43.11,restaurant,0.3,0
user_925,2025-04-29 06:31:15.531172,53.27,restaurant,0.3,0
user_654,2025-04-29 06:40:09.531172,141.87,gas_station,0.6,0
user_291,2025-04-29 06:47:55.531172,29.35,pharmacy,0.1,0
user_245,2025-04-29 07:44:10.531172,15.73,grocery,0.1,0
user_833,2025-04-29 08:05:32.531172,48.22,restaurant,0.1,0
user_795,2025-04-29 08:19:19.531172,26.4,car_rental,0.3,0
user_425,2025-04-29 08:32:16.531172,25.61,online_retail,0.1,0
user_540,2025-04-29 08:40:33.531172,99.08,restaurant,0.1,0
user_310,2025-04-29 08:49:01.531172,29.59,hotel,0.1,0
user_268,2025-04-29 08:52:06.531172,858.13,gas_station,0.1,0
user_659,2025-04-29 08:59:42.531172,189.83,grocery,0.1,0
user_871,2025-04-29 09:04:53.531172,150.53,department_store,0.1,0
user_934,2025-04-29 09:05:51.531172,5.0,pharmacy,0.3,0
user_110,2025-04-29 09:08:48.531172,35.83,grocery,0.1,0
user_840,2025-04-29 09:25:08.531172,82.97,grocery,0.3,0
user_341,2025-04-29 09:33:31.531172,9.69,department_store,0.1,0
user_187,2025-04-29 09:37:28.531172,176.89,gas_station,0.1,0
user_828,2025-04-29 09:43:04.531172,5.0,department_store,0.1,0
user_579,2025-04-29 10:01:10.531172,36.36,restaurant,0.1,0
user_853,2025-04-29 10:15:11.531172,9.54,department_store,0.1,0
user_426,2025-04-29 10:16:43.531172,55.65,pharmacy,0.3,0
user_441,2025-04-29 10:24:22.531172,9.12,entertainment,0.1,0
user_127,2025-04-29 10:29:29.531172,5.0,department_store,0.6,0
user_112,2025-04-29 10:34:54.531172,17.07,restaurant,0.1,0
user_949,2025-04-29 10:41:01.531172,45.59,online_retail,0.7,0
user_651,2025-04-29 11:21:49.531172,5.0,gas_station,0.1,0
user_446,2025-04-29 11:26:11.531172,26.5,car_rental,0.3,0
user_119,2025-04-29 11:34:14.531172,96.67,jewelry,0.7,1
user_450,2025-04-29 12:48:01.531172,4.78,jewelry,0.9,1
user_383,2025-04-29 13:12:12.531172,5.18,restaurant,0.3,0
user_553,2025-04-29 13:31:58.531172,5.0,gas_station,0.1,0
user_831,2025-04-29 13:34:10.531172,101.61,gas_station,0.1,0
user_68,2025-04-29 13:37:47.531172,6.88,restaurant,0.1,0
user_78,2025-04-29 13:47:17.531172,5.53,department_store,0.1,0
user_397,2025-04-29 13:52:57.531172,56.23,airline,0.1,0
user_103,2025-04-29 13:59:56.531172,22.33,pharmacy,0.3,0
user_99,2025-04-29 14:25:53.531172,26.32,entertainment,0.1,0
user_22,2025-04-29 14:38:52.531172,18.92,grocery,0.1,0
user_322,2025-04-29 14:55:57.531172,83.82,restaurant,0.3,0
user_131,2025-04-29 15:05:53.531172,207.02,restaurant,0.1,0
user_907,2025-04-29 15:09:31.531172,33.38,restaurant,0.1,0
user_999,2025-04-29 15:20:29.531172,5.0,gas_station,0.3,0
user_272,2025-04-29 15:36:48.531172,5.0,hotel,0.4,0
user_367,2025-04-29 15:38:18.531172,10.56,grocery,0.3,0
user_56,2025-04-29 15:45:34.531172,97.4,grocery,0.1,0
user_466,2025-04-29 15:55:09.531172,11.05,gas_station,0.1,0
user_728,2025-04-29 16:02:45.531172,2368.91,jewelry,0.9,1
user_287,2025-04-29 16:32:08.531172,1596.99,online_retail,0.9,1
user_122,2025-04-29 16:52:53.531172,52.9,online_retail,0.1,0
user_954,2025-04-29 16:54:34.531172,5.0,department_store,0.3,0
user_252,2025-04-29 17:02:22.531172,26.9,entertainment,0.1,0
user_781,2025-04-29 17:17:48.531172,8.16,car_rental,0.1,0
user_495,2025-04-29 17:27:16.531172,21.97,hotel,0.3,0
user_868,2025-04-29 17:36:20.531172,18.74,gas_station,0.1,0
user_920,2025-04-29 17:40:10.531172,33.15,entertainment,0.3,0
user_641,2025-04-29 17:52:12.531172,71.84,restaurant,0.4,0
user_402,2025-04-29 18:04:06.531172,5.0,grocery,0.1,0
user_476,2025-04-29 18:06:16.531172,12.12,grocery,0.1,0
user_795,2025-04-29 18:09:18.531172,47.47,grocery,0.7,0
user_28,2025-04-29 18:19:51.531172,5.0,online_retail,0.1,0
user_377,2025-04-29 18:48:02.531172,5.0,grocery,0.1,0
user_54,2025-04-29 18:54:37.531172,5.0,electronics,0.1,0
user_26,2025-04-29 18:56:54.531172,27.43,airline,0.1,0
user_428,2025-04-29 18:58:31.531172,130.26,restaurant,0.1,0
user_595,2025-04-29 18:58:31.531172,54.8,grocery,0.1,0
user_8,2025-04-29 19:04:12.531172,561.43,airline,0.1,0
user_370,2025-04-29 19:08:12.531172,14.8,hotel,0.1,0
user_639,2025-04-29 19:57:57.531172,29.84,hotel,0.1,0
user_452,2025-04-29 19:58:52.531172,452.68,grocery,0.1,0
user_277,2025-04-29 20:00:32.531172,5.58,restaurant,0.1,0
user_462,2025-04-29 20:10:48.531172,65.84,grocery,0.1,0
user_828,2025-04-29 20:13:19.531172,63.68,gas_station,0.1,0
user_707,2025-04-29 20:14:38.531172,59.64,entertainment,0.3,0
user_559,2025-04-29 20:16:06.531172,7.37,online_retail,0.1,0
user_419,2025-04-29 20:23:40.531172,6.13,department_store,0.1,0
user_945,2025-04-29 20:31:32.531172,89.03,department_store,0.1,0
user_88,2025-04-29 21:04:30.531172,5.0,grocery,0.7,0
user_429,2025-04-29 21:18:00.531172,109.77,restaurant,0.3,0
user_812,2025-04-29 21:21:43.531172,5.0,restaurant,0.1,0
user_585,2025-04-29 21:45:49.531172,5.0,grocery,0.1,0
user_450,2025-04-29 21:49:15.531172,292.23,hotel,0.1,0
user_561,2025-04-29 21:50:17.531172,12.95,jewelry,0.1,0
user_291,2025-04-29 21:57:51.531172,8.75,electronics,0.1,0
user_399,2025-04-29 22:00:18.531172,75.34,department_store,0.4,0
user_497,2025-04-29 22:19:25.531172,51.82,gas_station,0.1,0
user_572,2025-04-29 23:05:05.531172,22.83,gas_station,0.1,0
user_626,2025-04-29 23:12:25.531172,10.37,car_rental,0.4,0
user_615,2025-04-29 23:37:11.531172,38.59,department_store,0.6,0
user_7,2025-04-29 23:42:48.531172,13.1,electronics,0.3,0
user_285,2025-04-29 23:54:29.531172,100.89,restaurant,0.3,0
user_508,2025-04-29 23:57:53.531172,219.12,restaurant,0.1,0
user_482,2025-04-30 00:10:30.531172,14.72,grocery,0.1,0
user_333,2025-04-30 00:43:31.531172,54.29,grocery,0.1,0
user_131,2025-04-30 00:48:03.531172,14.42,grocery,0.4,0
user_377,2025-04-30 00:50:25.531172,6.92,entertainment,0.1,0
user_499,2025-04-30 01:03:43.531172,5.0,gas_station,0.7,0
user_34,2025-04-30 01:17:20.531172,138.32,entertainment,0.1,0
user_914,2025-04-30 01:31:21.531172,12.99,pharmacy,0.3,0
user_647,2025-04-30 01:44:46.531172,75.12,online_retail,0.3,0
user_148,2025-04-30 02:39:26.531172,5.0,gas_station,0.1,0
user_276,2025-04-30 02:55:35.531172,5.26,online_retail,0.1,0
user_351,2025-04-30 03:07:27.531172,28.53,restaurant,0.6,0
user_503,2025-04-30 03:07:48.531172,23.45,online_retail,0.1,0
user_120,2025-04-30 03:31:56.531172,8.17,gas_station,0.1,0
user_935,2025-04-30 03:35:16.531172,123.2,department_store,0.3,0
user_675,2025-04-30 04:27:50.531172,1105.7,electronics,0.6,0
user_752,2025-04-30 04:28:44.531172,68.38,online_retail,0.9,1
user_330,2025-04-30 04:41:59.531172,8.95,grocery,0.1,0
user_402,2025-04-30 05:02:43.531172,15.5,pharmacy,0.1,0
user_657,2025-04-30 05:09:07.531172,69.33,airline,0.1,0
user_226,2025-04-30 05:27:13.531172,77.11,grocery,0.3,0
user_386,2025-04-30 05:28:36.531172,31.75,grocery,0.3,0
user_165,2025-04-30 05:44:30.531172,163.23,grocery,0.1,0
user_496,2025-04-30 05:51:40.531172,22.08,grocery,0.1,0
user_501,2025-04-30 05:52:12.531172,18.09,gas_station,0.1,0
user_266,2025-04-30 05:56:28.531172,5.0,grocery,0.1,0
user_122,2025-04-30 06:04:26.531172,5.68,grocery,0.1,0
user_713,2025-04-30 06:22:18.531172,6.55,department_store,0.1,0
user_349,2025-04-30 06:36:22.531172,26.17,online_retail,0.1,0
user_389,2025-04-30 06:45:12.531172,5.0,grocery,0.1,0
user_379,2025-04-30 06:54:57.531172,24.71,restaurant,0.3,0
user_823,2025-04-30 07:32:59.531172,40.41,restaurant,0.6,0
user_442,2025-04-30 07:42:58.531172,247.28,restaurant,0.3,0
user_551,2025-04-30 07:49:56.531172,11.28,gas_station,0.3,0
user_471,2025-04-30 08:09:15.531172,5.0,gas_station,0.6,0
user_97,2025-04-30 08:16:21.531172,7.9,hotel,0.3,0
user_604,2025-04-30 08:22:55.531172,5.0,department_store,0.3,0
user_707,2025-04-30 08:26:17.531172,24.81,gas_station,0.6,0
user_349,2025-04-30 08:47:53.531172,149.13,online_retail,0.1,0
user_752,2025-04-30 09:20:02.531172,15.18,entertainment,0.6,0
user_443,2025-04-30 09:48:29.531172,7.93,airline,0.1,0
user_434,2025-04-30 09:50:42.531172,162.18,hotel,0.9,0
user_232,2025-04-30 09:55:56.531172,5.38,restaurant,0.1,0
user_810,2025-04-30 10:13:15.531172,91.5,grocery,0.1,0
user_456,2025-04-30 10:14:26.531172,24.75,pharmacy,0.4,0
user_23,2025-04-30 10:16:25.531172,9.73,entertainment,0.1,0
user_740,2025-04-30 10:47:12.531172,88.73,department_store,0.3,0
user_508,2025-04-30 11:08:43.531172,37.58,grocery,0.1,0
user_189,2025-04-30 11:19:14.531172,31.88,gas_station,0.6,0
user_91,2025-04-30 11:23:30.531172,5.0,gas_station,0.1,0
user_367,2025-04-30 11:42:46.531172,29.8,entertainment,0.7,0
user_379,2025-04-30 11:46:39.531172,5.0,restaurant,0.3,0
user_581,2025-04-30 11:52:46.531172,6.26,jewelry,0.3,0
user_28,2025-04-30 12:01:54.531172,5.0,gas_station,0.1,0
user_348,2025-04-30 12:19:24.531172,5.84,grocery,0.6,0
user_524,2025-04-30 12:25:25.531172,5.0,airline,0.1,0
user_154,2025-04-30 12:31:46.531172,108.33,pharmacy,0.1,0
user_77,2025-04-30 12:41:41.531172,7.26,restaurant,0.3,0
user_472,2025-04-30 12:49:07.531172,24.74,online_retail,0.3,0
user_144,2025-04-30 12:58:44.531172,18.08,department_store,0.1,0
user_931,2025-04-30 13:06:05.531172,1097.03,airline,0.1,0
user_266,2025-04-30 13:06:16.531172,24.82,grocery,0.1,0
user_90,2025-04-30 13:39:44.531172,5.0,airline,0.1,0
user_56,2025-04-30 14:06:24.531172,7.35,entertainment,0.6,0
user_867,2025-04-30 14:43:19.531172,24.52,pharmacy,0.1,0
user_798,2025-04-30 14:55:29.531172,74.02,jewelry,0.1,0
user_677,2025-04-30 14:55:40.531172,41.13,entertainment,0.1,0
user_423,2025-04-30 15:04:51.531172,128.53,pharmacy,0.3,0
user_38,2025-04-30 15:15:04.531172,5.0,pharmacy,0.1,0
user_607,2025-04-30 15:26:38.531172,150.41,entertainment,0.1,0
user_713,2025-04-30 15:35:41.531172,24.53,restaurant,0.1,0
user_577,2025-04-30 15:37:26.531172,5.0,gas_station,0.1,0
user_396,2025-04-30 15:52:07.531172,64.48,airline,0.4,0
user_68,2025-04-30 15:54:12.531172,329.83,pharmacy,0.3,0
user_769,2025-04-30 16:04:20.531172,107.96,restaurant,0.6,0
user_283,2025-04-30 16:11:56.531172,10.71,gas_station,0.3,0
user_383,2025-04-30 16:24:36.531172,10.46,airline,0.6,0
user_891,2025-04-30 16:35:58.531172,38.39,department_store,0.3,0
user_439,2025-04-30 16:54:31.531172,5.64,electronics,0.6,0
user_932,2025-04-30 16:59:52.531172,10.88,gas_station,0.1,0
user_181,2025-04-30 17:04:59.531172,107.47,grocery,0.3,0
user_264,2025-04-30 17:27:31.531172,161.78,restaurant,0.3,0
user_602,2025-04-30 17:38:51.531172,20.62,grocery,0.1,0
user_694,2025-04-30 18:15:21.531172,5.0,restaurant,0.1,0
user_535,2025-04-30 18:19:55.531172,5.0,restaurant,0.6,0
user_642,2025-04-30 18:41:07.531172,17.94,department_store,0.1,0
user_939,2025-04-30 18:52:04.531172,5.0,department_store,0.1,0
user_814,2025-04-30 18:54:13.531172,30.31,hotel,0.1,0
user_502,2025-04-30 19:13:03.531172,16.44,online_retail,0.6,0
user_549,2025-04-30 19:24:29.531172,8.4,grocery,0.1,0
user_836,2025-04-30 19:32:31.531172,20.35,department_store,0.1,0
user_211,2025-04-30 19:42:11.531172,13.83,grocery,0.3,0
user_960,2025-04-30 19:47:42.531172,20.35,grocery,0.1,0
user_591,2025-04-30 19:55:24.531172,55.86,gas_station,0.6,0
user_632,2025-04-30 20:10:07.531172,5.0,grocery,0.1,0
user_197,2025-04-30 20:13:35.531172,42.78,grocery,0.1,0
user_838,2025-04-30 20:45:00.531172,8.37,entertainment,0.1,0
user_357,2025-04-30 20:52:51.531172,5.93,pharmacy,0.7,0
user_209,2025-04-30 21:00:28.531172,29.64,pharmacy,0.1,0
user_317,2025-04-30 21:04:27.531172,64.5,gas_station,0.3,0
user_544,2025-04-30 21:05:01.531172,5.0,hotel,0.1,0
user_801,2025-04-30 21:05:18.531172,27.18,pharmacy,0.1,0
user_393,2025-04-30 21:09:43.531172,5.0,hotel,0.3,0
user_282,2025-04-30 21:14:12.531172,17.64,grocery,0.1,0
user_113,2025-04-30 21:34:02.531172,5.0,restaurant,0.3,0
user_677,2025-04-30 22:04:38.531172,36.68,entertainment,0.1,0
user_530,2025-04-30 22:12:05.531172,14.68,entertainment,0.1,0
user_663,2025-04-30 22:18:39.531172,30.89,gas_station,0.1,0
user_215,2025-04-30 22:26:25.531172,16.28,grocery,0.1,0
user_367,2025-04-30 23:15:44.531172,417.1,gas_station,0.1,0
user_281,2025-05-01 00:03:15.531172,32.84,electronics,0.3,0
user_778,2025-05-01 00:07:54.531172,77.29,grocery,0.1,0
user_242,2025-05-01 00:10:25.531172,23.73,restaurant,0.3,0
user_154,2025-05-01 00:12:16.531172,5.28,department_store,0.3,0
user_247,2025-05-01 00:14:30.531172,23.59,airline,0.1,0
user_498,2025-05-01 00:24:44.531172,30.74,entertainment,0.1,0
user_841,2025-05-01 00:45:14.531172,5.38,airline,0.1,0
user_496,2025-05-01 01:00:56.531172,10.64,pharmacy,0.1,0
user_592,2025-05-01 01:04:21.531172,36.82,restaurant,0.4,0
user_72,2025-05-01 01:29:05.531172,36.17,restaurant,0.3,0
user_739,2025-05-01 01:45:42.531172,125.41,grocery,0.1,0
user_828,2025-05-01 02:05:31.531172,5.0,department_store,0.6,0
user_67,2025-05-01 02:35:25.531172,98.74,electronics,0.9,1
user_751,2025-05-01 02:38:58.531172,15.36,airline,0.1,0
user_959,2025-05-01 02:42:32.531172,20.39,entertainment,0.3,0
user_945,2025-05-01 02:51:24.531172,10.76,entertainment,0.6,0
user_258,2025-05-01 02:54:56.531172,5.56,online_retail,0.3,0
user_37,2025-05-01 02:56:47.531172,5.0,gas_station,0.1,0
user_195,2025-05-01 03:00:31.531172,69.28,grocery,0.1,0
user_776,2025-05-01 03:06:22.531172,5.0,grocery,0.1,0
user_168,2025-05-01 03:20:08.531172,15.5,restaurant,0.1,0
user_743,2025-05-01 03:53:24.531172,18.6,airline,0.1,0
user_298,2025-05-01 04:01:28.531172,108.82,pharmacy,0.3,0
user_55,2025-05-01 04:24:20.531172,62.5,restaurant,0.3,0
user_566,2025-05-01 04:31:30.531172,6.31,department_store,0.1,0
user_527,2025-05-01 04:37:44.531172,137.31,grocery,0.3,0
user_305,2025-05-01 04:39:42.531172,373.1,restaurant,0.1,0
user_853,2025-05-01 05:20:04.531172,31.59,car_rental,0.1,0
user_738,2025-05-01 05:25:17.531172,5.0,electronics,0.7,0
user_874,2025-05-01 05:29:07.531172,8.87,online_retail,0.7,1
user_167,2025-05-01 05:35:32.531172,32.83,online_retail,0.6,0
user_451,2025-05-01 06:00:02.531172,5.0,entertainment,0.1,0
user_877,2025-05-01 06:00:03.531172,18.66,department_store,0.1,0
user_404,2025-05-01 06:06:33.531172,6.14,gas_station,0.1,0
user_621,2025-05-01 06:17:03.531172,144.06,online_retail,0.1,0
user_911,2025-05-01 06:19:39.531172,191.13,department_store,0.1,0
user_402,2025-05-01 06:28:39.531172,217.93,hotel,0.1,0
user_435,2025-05-01 06:45:46.531172,127.43,gas_station,0.1,0
user_513,2025-05-01 07:07:11.531172,34.95,pharmacy,0.1,0
user_276,2025-05-01 07:26:44.531172,17.54,department_store,0.1,0
user_622,2025-05-01 07:34:12.531172,54.89,online_retail,0.3,0
user_657,2025-05-01 07:44:22.531172,20.24,restaurant,0.1,0
user_353,2025-05-01 08:20:21.531172,68.46,online_retail,0.1,0
user_632,2025-05-01 08:40:05.531172,5.0,entertainment,0.1,0
user_690,2025-05-01 08:58:16.531172,3434.86,electronics,0.7,1
user_285,2025-05-01 09:03:30.531172,48.19,online_retail,0.6,0
user_205,2025-05-01 09:03:49.531172,15.68,online_retail,0.1,0
user_626,2025-05-01 09:32:16.531172,5.0,online_retail,0.1,0
user_391,2025-05-01 09:52:05.531172,5.53,gas_station,0.1,0
user_8,2025-05-01 09:55:23.531172,22.08,online_retail,0.1,0
user_586,2025-05-01 09:57:08.531172,69.66,pharmacy,0.6,0
user_157,2025-05-01 10:10:03.531172,5.0,hotel,0.1,0
user_257,2025-05-01 10:25:27.531172,15.75,pharmacy,0.3,0
user_44,2025-05-01 10:32:19.531172,89.54,pharmacy,0.3,0
user_334,2025-05-01 12:13:26.531172,5.0,online_retail,0.1,0
user_203,2025-05-01 12:20:17.531172,8.03,grocery,0.3,0
user_263,2025-05-01 12:41:03.531172,49.56,online_retail,0.1,0
user_795,2025-05-01 12:44:24.531172,21.05,grocery,0.3,0
user_101,2025-05-01 13:01:26.531172,148.91,restaurant,0.1,0
user_739,2025-05-01 13:18:02.531172,7.34,department_store,0.3,0
user_67,2025-05-01 13:47:58.531172,5.0,restaurant,0.3,0
user_957,2025-05-01 13:57:35.531172,13.99,grocery,0.1,0
user_204,2025-05-01 13:58:24.531172,68.29,grocery,0.3,0
user_138,2025-05-01 14:25:44.531172,6.28,online_retail,0.7,0
user_134,2025-05-01 14:41:28.531172,6.82,gas_station,0.1,0
user_440,2025-05-01 15:20:32.531172,38.9,entertainment,0.1,0
user_549,2025-05-01 15:24:21.531172,66.18,entertainment,0.7,1
user_289,2025-05-01 15:55:40.531172,9.29,grocery,0.1,0
user_999,2025-05-01 16:54:45.531172,24.71,online_retail,0.1,0
user_722,2025-05-01 16:58:01.531172,5.0,department_store,0.3,0
user_826,2025-05-01 17:00:50.531172,52.52,grocery,0.1,0
user_35,2025-05-01 17:07:49.531172,50.13,restaurant,0.1,0
user_310,2025-05-01 17:13:01.531172,5.0,restaurant,0.1,0
user_494,2025-05-01 17:15:53.531172,5.0,restaurant,0.1,0
user_141,2025-05-01 17:18:41.531172,13.7,hotel,0.1,0
user_430,2025-05-01 17:46:41.531172,13.26,restaurant,0.1,0
user_811,2025-05-01 17:48:22.531172,16.95,grocery,0.3,0
user_444,2025-05-01 17:48:32.531172,9.32,hotel,0.1,0
user_178,2025-05-01 17:50:22.531172,5.0,department_store,0.1,0
user_568,2025-05-01 17:55:49.531172,90.39,gas_station,0.1,0
user_228,2025-05-01 18:02:46.531172,99.31,jewelry,0.1,0
user_632,2025-05-01 18:12:39.531172,246.53,restaurant,0.1,0
user_755,2025-05-01 18:15:52.531172,9.8,grocery,0.1,0
user_492,2025-05-01 18:17:01.531172,5.0,grocery,0.1,0
user_837,2025-05-01 18:20:13.531172,26.96,online_retail,0.1,0
user_440,2025-05-01 18:23:27.531172,543.62,hotel,0.1,0
user_58,2025-05-01 18:48:51.531172,5.0,restaurant,0.1,0
user_891,2025-05-01 18:56:19.531172,5.0,grocery,0.3,0
user_245,2025-05-01 19:00:29.531172,5.0,grocery,0.1,0
user_923,2025-05-01 19:05:54.531172,11.73,restaurant,0.1,0
user_411,2025-05-01 19:13:01.531172,19.15,grocery,0.1,0
user_321,2025-05-01 19:13:15.531172,23.78,pharmacy,0.1,0
user_347,2025-05-01 19:39:19.531172,8.73,gas_station,0.1,0
user_141,2025-05-01 19:43:57.531172,5.0,grocery,0.1,0
user_601,2025-05-01 19:45:53.531172,49.34,gas_station,0.1,0
user_560,2025-05-01 19:51:34.531172,194.48,pharmacy,0.3,0
user_1000,2025-05-01 19:54:29.531172,41.84,restaurant,0.1,0
user_268,2025-05-01 20:13:58.531172,366.87,car_rental,0.7,0
user_329,2025-05-01 20:20:09.531172,5.0,grocery,0.6,0
user_504,2025-05-01 20:36:02.531172,5.33,restaurant,0.1,0
user_853,2025-05-01 20:44:06.531172,49.36,online_retail,0.3,0
user_191,2025-05-01 21:14:02.531172,20.59,grocery,0.1,0
user_125,2025-05-01 21:19:33.531172,15.7,gas_station,0.1,0
user_707,2025-05-01 21:43:25.531172,56.56,gas_station,0.4,0
user_656,2025-05-01 21:48:28.531172,5.0,electronics,0.3,0
user_629,2025-05-01 22:27:13.531172,9.81,restaurant,0.1,0
user_536,2025-05-01 22:56:25.531172,17.59,department_store,0.1,0
user_283,2025-05-01 23:00:33.531172,8.04,gas_station,0.1,0
user_786,2025-05-01 23:05:29.531172,17.53,grocery,0.1,0
user_869,2025-05-01 23:26:46.531172,8.3,pharmacy,0.1,0
user_38,2025-05-01 23:40:47.531172,19.81,grocery,0.3,0
user_304,2025-05-01 23:43:45.531172,9.91,department_store,0.1,0
user_220,2025-05-01 23:51:37.531172,24.61,grocery,0.1,0
user_33,2025-05-01 23:53:09.531172,50.65,gas_station,0.6,0
user_797,2025-05-01 23:55:52.531172,63.51,pharmacy,0.6,0
user_518,2025-05-02 00:04:01.531172,8.6,restaurant,0.6,0
user_820,2025-05-02 00:25:29.531172,74.41,restaurant,0.1,0
user_54,2025-05-02 01:00:19.531172,69.01,entertainment,0.1,0
user_77,2025-05-02 01:21:44.531172,13.16,gas_station,0.1,0
user_235,2025-05-02 01:29:17.531172,44.35,grocery,0.1,0
user_688,2025-05-02 01:38:39.531172,22.66,grocery,0.1,0
user_984,2025-05-02 01:41:11.531172,12.58,restaurant,0.3,0
user_602,2025-05-02 01:58:07.531172,49.48,hotel,0.3,0
user_917,2025-05-02 02:01:59.531172,5.0,pharmacy,0.1,0
user_526,2025-05-02 02:04:49.531172,19.65,restaurant,0.1,0
user_664,2025-05-02 02:18:46.531172,38.84,pharmacy,0.1,0
user_937,2025-05-02 02:19:44.531172,12.15,restaurant,0.6,0
user_379,2025-05-02 02:21:37.531172,2353.21,entertainment,0.7,1
user_944,2025-05-02 02:29:32.531172,15.6,department_store,0.1,0
user_99,2025-05-02 03:17:22.531172,5.19,department_store,0.1,0
user_81,2025-05-02 03:19:30.531172,24.13,pharmacy,0.3,0
user_650,2025-05-02 03:19:56.531172,35.94,department_store,0.1,0
user_53,2025-05-02 03:19:58.531172,12.65,grocery,0.1,0
user_805,2025-05-02 03:22:22.531172,5.0,grocery,0.1,0
user_774,2025-05-02 03:38:54.531172,96.59,restaurant,0.1,0
user_708,2025-05-02 04:06:35.531172,541.5,online_retail,0.6,0
user_303,2025-05-02 04:21:51.531172,5.0,airline,0.1,0
user_145,2025-05-02 04:52:29.531172,158.75,restaurant,0.6,0
user_143,2025-05-02 04:54:21.531172,5.0,grocery,0.1,0
user_896,2025-05-02 04:57:32.531172,5.0,grocery,0.3,0
user_254,2025-05-02 05:02:47.531172,11.53,restaurant,0.1,0
user_815,2025-05-02 05:13:55.531172,17.06,gas_station,0.1,0
user_8,2025-05-02 05:20:53.531172,5.31,entertainment,0.3,0
user_721,2025-05-02 05:33:28.531172,138.67,department_store,0.1,0
user_776,2025-05-02 05:40:19.531172,15.31,department_store,0.1,0
user_719,2025-05-02 06:50:33.531172,7.24,department_store,0.3,0
user_660,2025-05-02 07:00:13.531172,28.61,department_store,0.1,0
user_107,2025-05-02 07:08:43.531172,17.79,entertainment,0.3,0
user_579,2025-05-02 07:10:17.531172,11.24,gas_station,0.1,0
user_892,2025-05-02 07:35:32.531172,38.63,airline,0.1,0
user_157,2025-05-02 07:50:44.531172,15.47,gas_station,0.1,0
user_107,2025-05-02 08:02:34.531172,14.53,gas_station,0.4,0
user_201,2025-05-02 08:14:03.531172,8.17,gas_station,0.1,0
user_230,2025-05-02 08:23:37.531172,5.0,restaurant,0.1,0
user_291,2025-05-02 08:46:17.531172,57.67,hotel,0.1,0
user_247,2025-05-02 09:12:45.531172,5.0,grocery,0.9,0
user_130,2025-05-02 09:23:45.531172,11.71,grocery,0.1,0
user_549,2025-05-02 09:29:25.531172,42.22,online_retail,0.9,1
user_369,2025-05-02 09:44:20.531172,5.69,online_retail,0.1,0
user_887,2025-05-02 10:08:25.531172,9.91,pharmacy,0.3,0
user_105,2025-05-02 10:22:04.531172,5.0,pharmacy,0.1,0
user_694,2025-05-02 10:43:33.531172,11.05,grocery,0.1,0
user_685,2025-05-02 10:49:34.531172,60.4,grocery,0.1,0
user_272,2025-05-02 10:50:12.531172,51.79,entertainment,0.1,0
user_576,2025-05-02 11:00:22.531172,278.23,entertainment,0.1,0
user_279,2025-05-02 11:10:37.531172,5.0,electronics,0.1,0
user_640,2025-05-02 11:37:50.531172,43.47,grocery,0.4,0
user_814,2025-05-02 11:41:38.531172,33.8,hotel,0.1,0
user_985,2025-05-02 11:43:16.531172,26.65,electronics,0.3,0
user_722,2025-05-02 12:00:00.531172,25.32,grocery,0.1,0
user_869,2025-05-02 12:07:25.531172,7.23,department_store,0.1,0
user_259,2025-05-02 12:13:11.531172,67.75,gas_station,0.7,0
user_933,2025-05-02 12:58:11.531172,24.74,pharmacy,0.3,0
user_873,2025-05-02 14:12:06.531172,63.93,pharmacy,0.7,0
user_349,2025-05-02 14:14:16.531172,10.57,jewelry,0.1,0
user_20,2025-05-02 14:17:40.531172,14.87,online_retail,0.1,0
user_245,2025-05-02 15:35:42.531172,5.0,department_store,0.3,0
user_491,2025-05-02 15:45:16.531172,2000.0,grocery,0.1,0
user_713,2025-05-02 16:07:54.531172,6.39,restaurant,0.3,0
user_621,2025-05-02 16:12:51.531172,34.93,entertainment,0.9,0
user_281,2025-05-02 16:54:14.531172,9.09,online_retail,0.1,0
user_364,2025-05-02 17:11:40.531172,5.0,department_store,0.1,0
user_767,2025-05-02 17:14:15.531172,5.0,restaurant,0.1,0
user_428,2025-05-02 17:22:32.531172,30.73,gas_station,0.1,0
user_292,2025-05-02 17:23:14.531172,5.12,restaurant,0.3,0
user_206,2025-05-02 17:40:25.531172,63.49,car_rental,0.1,0
user_438,2025-05-02 17:44:07.531172,6.01,restaurant,0.1,0
user_523,2025-05-02 17:58:09.531172,63.8,restaurant,0.1,0
user_538,2025-05-02 17:58:58.531172,634.29,grocery,0.7,0
user_914,2025-05-02 17:59:01.531172,10.46,grocery,0.6,0
user_243,2025-05-02 18:03:33.531172,18.39,hotel,0.1,0
user_844,2025-05-02 18:16:44.531172,7.12,pharmacy,0.3,0
user_313,2025-05-02 18:27:59.531172,10.92,online_retail,0.1,0
user_367,2025-05-02 18:31:17.531172,5.54,grocery,0.1,0
user_294,2025-05-02 18:46:08.531172,175.15,electronics,0.1,0
user_347,2025-05-02 18:53:46.531172,17.29,online_retail,0.1,0
user_79,2025-05-02 19:01:58.531172,43.2,gas_station,0.1,0
user_305,2025-05-02 19:14:37.531172,34.75,grocery,0.1,0
user_435,2025-05-02 19:35:02.531172,5.0,department_store,0.1,0
user_82,2025-05-02 19:40:29.531172,9.67,gas_station,0.1,0
user_620,2025-05-02 19:48:37.531172,6.25,grocery,0.1,0
user_491,2025-05-02 19:59:00.531172,5.0,department_store,0.1,0
user_68,2025-05-02 20:09:51.531172,18.25,hotel,0.3,0
user_443,2025-05-02 20:19:27.531172,205.08,restaurant,0.1,0
user_172,2025-05-02 20:20:22.531172,6.34,gas_station,0.1,0
user_68,2025-05-02 20:38:00.531172,20.48,online_retail,0.1,0
user_100,2025-05-02 20:49:57.531172,196.19,grocery,0.3,0
user_192,2025-05-02 20:49:57.531172,27.52,entertainment,0.3,0
user_559,2025-05-02 21:10:36.531172,53.13,grocery,0.1,0
user_309,2025-05-02 21:13:07.531172,7.72,restaurant,0.1,0
user_236,2025-05-02 21:38:42.531172,22.61,department_store,0.3,0
user_624,2025-05-02 21:47:27.531172,9.05,department_store,0.4,0
user_288,2025-05-02 21:52:42.531172,19.24,gas_station,0.7,0
user_250,2025-05-02 22:09:59.531172,45.21,department_store,0.3,0
user_336,2025-05-02 22:12:43.531172,28.52,hotel,0.3,0
user_122,2025-05-02 22:15:13.531172,156.04,online_retail,0.1,0
user_353,2025-05-02 22:23:26.531172,8.48,gas_station,0.6,0
user_988,2025-05-02 22:32:00.531172,5.0,grocery,0.1,0
user_16,2025-05-02 22:33:20.531172,16.24,online_retail,0.3,0
user_845,2025-05-02 22:39:26.531172,6.3,grocery,0.1,0
user_761,2025-05-02 22:41:14.531172,14.39,department_store,0.3,0
user_431,2025-05-02 22:42:11.531172,23.73,pharmacy,0.1,0
user_551,2025-05-02 22:42:46.531172,5.0,restaurant,0.6,0
user_996,2025-05-02 22:44:51.531172,249.54,department_store,0.1,0
user_330,2025-05-02 22:57:04.531172,35.42,online_retail,0.1,0
user_500,2025-05-02 23:16:58.531172,116.77,jewelry,0.6,0
user_617,2025-05-02 23:24:42.531172,86.77,restaurant,0.6,0
user_62,2025-05-03 00:06:41.531172,81.93,jewelry,0.1,0
user_834,2025-05-03 00:20:22.531172,16.52,pharmacy,0.1,0
user_323,2025-05-03 00:27:48.531172,41.42,airline,0.1,0
user_498,2025-05-03 00:29:01.531172,5.0,department_store,0.1,0
user_712,2025-05-03 00:30:02.531172,5.0,hotel,0.1,0
user_399,2025-05-03 00:47:34.531172,10.56,grocery,0.1,0
user_512,2025-05-03 01:13:25.531172,234.49,grocery,0.1,0
user_740,2025-05-03 01:27:46.531172,109.02,online_retail,0.1,0
user_272,2025-05-03 01:29:14.531172,16.15,gas_station,0.1,0
user_639,2025-05-03 01:39:23.531172,13.05,hotel,0.6,0
user_551,2025-05-03 01:41:35.531172,28.1,online_retail,0.3,0
user_793,2025-05-03 01:44:30.531172,21.47,restaurant,0.3,0
user_905,2025-05-03 02:09:29.531172,5.23,department_store,0.3,0
user_2,2025-05-03 02:18:54.531172,21.73,department_store,0.1,0
user_291,2025-05-03 03:02:43.531172,51.17,restaurant,0.6,0
user_337,2025-05-03 03:08:01.531172,29.08,grocery,0.1,0
user_559,2025-05-03 03:29:47.531172,50.95,grocery,0.1,0
user_724,2025-05-03 03:33:14.531172,119.61,entertainment,0.3,0
user_538,2025-05-03 03:54:30.531172,243.3,car_rental,0.1,0
user_185,2025-05-03 04:06:46.531172,5.0,department_store,0.3,0
user_435,2025-05-03 04:18:08.531172,5.13,hotel,0.1,0
user_799,2025-05-03 04:24:22.531172,38.17,restaurant,0.1,0
user_103,2025-05-03 04:43:53.531172,19.78,pharmacy,0.1,0
user_363,2025-05-03 05:19:57.531172,5.0,car_rental,0.1,0
user_722,2025-05-03 05:31:08.531172,2000.0,grocery,0.3,0
user_228,2025-05-03 05:34:52.531172,11.94,gas_station,0.1,0
user_353,2025-05-03 05:41:17.531172,142.15,restaurant,0.3,0
user_42,2025-05-03 06:02:33.531172,5.61,online_retail,0.3,0
user_520,2025-05-03 06:14:29.531172,22.48,entertainment,0.9,1
user_544,2025-05-03 06:18:13.531172,19.16,gas_station,0.1,0
user_75,2025-05-03 06:25:23.531172,93.27,grocery,0.1,0
user_160,2025-05-03 06:43:30.531172,86.77,gas_station,0.1,0
user_291,2025-05-03 07:20:56.531172,14.19,gas_station,0.3,0
user_403,2025-05-03 07:22:03.531172,32.81,online_retail,0.3,0
user_263,2025-05-03 07:31:11.531172,38.04,online_retail,0.1,0
user_849,2025-05-03 07:38:13.531172,27.32,pharmacy,0.1,0
user_968,2025-05-03 08:05:28.531172,12.34,hotel,0.3,0
user_149,2025-05-03 08:42:32.531172,18.72,gas_station,0.1,0
user_157,2025-05-03 09:02:18.531172,10.55,online_retail,0.1,0
user_197,2025-05-03 09:13:13.531172,5.0,gas_station,0.1,0
user_856,2025-05-03 10:14:45.531172,90.47,grocery,0.1,0
user_573,2025-05-03 10:41:34.531172,58.39,gas_station,0.3,0
user_881,2025-05-03 11:13:28.531172,84.43,restaurant,0.3,0
user_553,2025-05-03 11:16:54.531172,118.2,grocery,0.1,0
user_380,2025-05-03 11:16:58.531172,15.46,airline,0.1,0
user_42,2025-05-03 11:24:44.531172,19.89,grocery,0.1,0
user_648,2025-05-03 11:27:09.531172,41.71,car_rental,0.3,0
user_404,2025-05-03 11:44:01.531172,5.0,restaurant,0.1,0
user_540,2025-05-03 11:44:03.531172,58.93,hotel,0.1,0
user_93,2025-05-03 12:04:47.531172,11.22,grocery,0.3,0
user_408,2025-05-03 12:35:17.531172,5.0,restaurant,0.3,0
user_105,2025-05-03 12:41:46.531172,11.89,gas_station,0.6,0
user_764,2025-05-03 12:45:16.531172,722.38,department_store,0.1,0
user_578,2025-05-03 12:54:07.531172,88.95,grocery,0.3,0
user_417,2025-05-03 12:59:58.531172,5.0,restaurant,0.3,0
user_215,2025-05-03 13:18:09.531172,65.19,online_retail,0.1,0
user_259,2025-05-03 13:28:18.531172,25.07,grocery,0.1,0
user_301,2025-05-03 14:01:19.531172,187.77,grocery,0.1,0
user_363,2025-05-03 14:18:13.531172,9.03,gas_station,0.3,0
user_10,2025-05-03 14:39:41.531172,43.69,electronics,0.1,0
user_134,2025-05-03 14:48:48.531172,9.8,grocery,0.6,0
user_617,2025-05-03 14:52:10.531172,98.68,restaurant,0.3,0
user_42,2025-05-03 14:53:35.531172,54.98,gas_station,0.1,0
user_436,2025-05-03 14:56:40.531172,251.11,restaurant,0.6,0
user_858,2025-05-03 15:05:29.531172,7.23,restaurant,0.3,0
user_58,2025-05-03 15:05:48.531172,26.22,department_store,0.3,0
user_99,2025-05-03 15:09:10.531172,1668.7,jewelry,0.7,1
user_612,2025-05-03 15:21:42.531172,21.09,grocery,0.1,0
user_227,2025-05-03 15:36:51.531172,13.73,hotel,0.1,0
user_520,2025-05-03 15:57:29.531172,21.83,grocery,0.1,0
user_175,2025-05-03 16:09:45.531172,80.2,gas_station,0.1,0
user_971,2025-05-03 16:16:25.531172,19.28,online_retail,0.3,0
user_360,2025-05-03 16:17:05.531172,31.02,online_retail,0.3,0
user_213,2025-05-03 16:32:27.531172,25.73,airline,0.6,0
user_352,2025-05-03 17:18:13.531172,5.0,grocery,0.3,0
user_547,2025-05-03 17:19:55.531172,10.62,grocery,0.1,0
user_104,2025-05-03 17:23:04.531172,10.41,car_rental,0.1,0
user_470,2025-05-03 17:52:08.531172,5.0,restaurant,0.4,0
user_880,2025-05-03 18:18:51.531172,5.0,gas_station,0.1,0
user_873,2025-05-03 18:25:43.531172,38.48,restaurant,0.1,0
user_862,2025-05-03 18:29:41.531172,5.55,gas_station,0.3,0
user_780,2025-05-03 18:52:43.531172,129.91,department_store,0.1,0
user_65,2025-05-03 18:58:05.531172,5.56,hotel,0.3,0
user_631,2025-05-03 18:58:44.531172,73.61,department_store,0.1,0
user_388,2025-05-03 19:01:31.531172,5.0,gas_station,0.1,0
user_453,2025-05-03 19:08:02.531172,60.24,department_store,0.3,0
user_715,2025-05-03 19:30:08.531172,6.02,grocery,0.1,0
user_590,2025-05-03 20:02:56.531172,5.0,online_retail,0.3,0
user_534,2025-05-03 20:04:28.531172,40.98,gas_station,0.1,0
user_736,2025-05-03 20:19:09.531172,342.44,gas_station,0.1,0
user_358,2025-05-03 20:26:11.531172,6.16,grocery,0.1,0
user_420,2025-05-03 20:41:51.531172,46.34,electronics,0.9,1
user_878,2025-05-03 20:47:35.531172,266.3,restaurant,0.6,0
user_625,2025-05-03 20:49:50.531172,128.22,car_rental,0.3,0
user_805,2025-05-03 21:12:00.531172,46.43,airline,0.3,0
user_516,2025-05-03 21:15:22.531172,29.46,department_store,0.1,0
user_920,2025-05-03 21:44:05.531172,81.4,pharmacy,0.3,0
user_265,2025-05-03 22:18:28.531172,12.03,airline,0.1,0
user_93,2025-05-03 22:30:17.531172,29.16,grocery,0.1,0
user_408,2025-05-03 22:31:17.531172,5.0,restaurant,0.3,0
user_605,2025-05-03 22:38:06.531172,12.27,gas_station,0.1,0
user_993,2025-05-03 22:49:51.531172,75.39,online_retail,0.1,0
user_800,2025-05-03 22:58:36.531172,39.44,car_rental,0.6,0
user_122,2025-05-03 23:08:20.531172,21.55,gas_station,0.3,0
user_731,2025-05-03 23:09:05.531172,5.0,online_retail,0.1,0
user_737,2025-05-03 23:20:23.531172,13.23,grocery,0.1,0
user_746,2025-05-03 23:54:48.531172,5.0,restaurant,0.1,0
user_234,2025-05-04 00:27:26.531172,5.0,gas_station,0.1,0
user_75,2025-05-04 00:45:17.531172,5.0,gas_station,0.3,0
user_140,2025-05-04 01:54:07.531172,9.13,airline,0.3,0
user_239,2025-05-04 01:55:08.531172,22.02,online_retail,0.1,0
user_238,2025-05-04 02:29:11.531172,12.6,pharmacy,0.1,0
user_801,2025-05-04 02:49:04.531172,20.02,gas_station,0.1,0
user_579,2025-05-04 02:55:49.531172,8.73,entertainment,0.3,0
user_24,2025-05-04 03:00:54.531172,15.28,entertainment,0.6,0
user_464,2025-05-04 03:06:26.531172,9.95,online_retail,0.9,1
user_576,2025-05-04 03:11:18.531172,79.01,restaurant,0.1,0
user_693,2025-05-04 03:30:07.531172,85.72,airline,0.1,0
user_521,2025-05-04 03:31:43.531172,14.0,pharmacy,0.6,0
user_886,2025-05-04 03:40:54.531172,30.66,restaurant,0.3,0
user_935,2025-05-04 03:41:39.531172,9.3,grocery,0.1,0
user_234,2025-05-04 03:42:51.531172,51.85,gas_station,0.6,0
user_475,2025-05-04 04:10:40.531172,110.23,gas_station,0.1,0
user_384,2025-05-04 04:13:15.531172,119.8,gas_station,0.3,0
user_739,2025-05-04 04:14:34.531172,6.54,restaurant,0.1,0
user_982,2025-05-04 04:19:10.531172,6.07,restaurant,0.6,0
user_318,2025-05-04 04:27:30.531172,297.83,entertainment,0.1,0
user_96,2025-05-04 04:35:53.531172,116.71,jewelry,0.1,0
user_558,2025-05-04 04:51:06.531172,16.77,electronics,0.1,0
user_282,2025-05-04 04:55:51.531172,20.12,entertainment,0.3,0
user_306,2025-05-04 04:59:09.531172,60.22,gas_station,0.1,0
user_926,2025-05-04 05:27:20.531172,6.66,department_store,0.3,0
user_663,2025-05-04 05:33:24.531172,25.35,hotel,0.3,0
user_520,2025-05-04 05:52:00.531172,67.72,online_retail,0.3,0
user_870,2025-05-04 06:05:55.531172,104.04,department_store,0.3,0
user_348,2025-05-04 06:26:20.531172,11.21,pharmacy,0.1,0
user_293,2025-05-04 06:27:10.531172,7.78,grocery,0.1,0
user_704,2025-05-04 06:39:13.531172,16.84,entertainment,0.3,0
user_990,2025-05-04 06:43:41.531172,7.96,gas_station,0.4,0
user_756,2025-05-04 06:45:32.531172,26.86,car_rental,0.1,0
user_544,2025-05-04 06:51:38.531172,5.2,airline,0.1,0
user_818,2025-05-04 07:04:46.531172,10.41,grocery,0.1,0
user_554,2025-05-04 07:16:08.531172,8.2,hotel,0.6,0
user_455,2025-05-04 07:19:51.531172,21.44,online_retail,0.1,0
user_257,2025-05-04 07:50:52.531172,83.28,online_retail,0.3,0
user_588,2025-05-04 07:59:47.531172,5.0,grocery,0.1,0
user_284,2025-05-04 08:18:52.531172,17.9,department_store,0.1,0
user_447,2025-05-04 08:25:16.531172,32.33,restaurant,0.1,0
user_705,2025-05-04 08:57:52.531172,8.36,gas_station,0.1,0
user_25,2025-05-04 09:11:56.531172,57.25,department_store,0.3,0
user_789,2025-05-04 09:17:53.531172,19.84,online_retail,0.4,0
user_267,2025-05-04 09:26:52.531172,98.06,department_store,0.3,0
user_234,2025-05-04 09:47:03.531172,8.29,department_store,0.1,0
user_304,2025-05-04 11:04:55.531172,17.28,gas_station,0.1,0
user_295,2025-05-04 11:05:21.531172,68.5,pharmacy,0.1,0
user_604,2025-05-04 11:09:03.531172,20.14,department_store,0.1,0
user_527,2025-05-04 11:14:51.531172,5.33,restaurant,0.1,0
user_949,2025-05-04 11:41:02.531172,46.15,jewelry,0.1,0
user_995,2025-05-04 11:42:56.531172,12.96,restaurant,0.1,0
user_334,2025-05-04 11:46:42.531172,16.5,pharmacy,0.1,0
user_877,2025-05-04 12:12:18.531172,20.41,pharmacy,0.3,0
user_503,2025-05-04 12:36:31.531172,951.46,electronics,0.4,0
user_807,2025-05-04 12:42:37.531172,8.94,pharmacy,0.1,0
user_352,2025-05-04 12:47:38.531172,104.19,online_retail,0.1,0
user_119,2025-05-04 13:13:43.531172,171.87,department_store,0.1,0
user_642,2025-05-04 13:56:03.531172,5.0,restaurant,0.3,0
user_834,2025-05-04 14:04:00.531172,24.37,department_store,0.1,0
user_94,2025-05-04 14:26:25.531172,13.89,restaurant,0.3,0
user_58,2025-05-04 14:43:42.531172,85.21,department_store,0.1,0
user_440,2025-05-04 15:44:58.531172,11.81,pharmacy,0.3,0
user_844,2025-05-04 16:09:49.531172,5.0,gas_station,0.1,0
user_876,2025-05-04 16:15:10.531172,5.0,gas_station,0.3,0
user_56,2025-05-04 16:37:18.531172,7.29,electronics,0.1,0
user_719,2025-05-04 16:47:01.531172,13.48,hotel,0.1,0
user_338,2025-05-04 16:59:24.531172,6.97,department_store,0.1,0
user_334,2025-05-04 17:05:38.531172,18.61,grocery,0.1,0
user_361,2025-05-04 17:21:37.531172,21.31,grocery,0.1,0
user_677,2025-05-04 17:45:13.531172,11.97,pharmacy,0.1,0
user_511,2025-05-04 18:16:58.531172,13.28,gas_station,0.1,0
user_510,2025-05-04 18:51:41.531172,5.0,department_store,0.4,0
user_628,2025-05-04 19:04:12.531172,68.92,online_retail,0.1,0
user_448,2025-05-04 19:12:20.531172,5.0,department_store,0.1,0
user_743,2025-05-04 19:19:07.531172,9.98,pharmacy,0.1,0
user_660,2025-05-04 19:39:01.531172,25.11,restaurant,0.7,0
user_396,2025-05-04 19:40:10.531172,7.84,restaurant,0.3,0
user_649,2025-05-04 20:16:23.531172,23.49,grocery,0.1,0
user_944,2025-05-04 20:22:40.531172,1641.08,airline,0.6,0
user_779,2025-05-04 20:31:20.531172,49.69,grocery,0.1,0
user_716,2025-05-04 20:50:24.531172,41.14,airline,0.3,0
user_163,2025-05-04 20:55:04.531172,5.0,gas_station,0.1,0
user_457,2025-05-04 20:57:42.531172,26.57,restaurant,0.3,0
user_448,2025-05-04 21:56:33.531172,114.82,restaurant,0.1,0
user_611,2025-05-04 22:01:56.531172,8.8,gas_station,0.1,0
user_588,2025-05-04 22:07:12.531172,55.72,restaurant,0.1,0
user_822,2025-05-04 22:22:17.531172,7.07,online_retail,0.1,0
user_124,2025-05-04 22:33:28.531172,24.97,grocery,0.1,0
user_760,2025-05-04 22:35:54.531172,13.08,entertainment,0.6,0
user_785,2025-05-04 22:48:07.531172,44.53,restaurant,0.7,0
user_58,2025-05-04 23:03:34.531172,25.66,gas_station,0.3,0
user_921,2025-05-04 23:07:07.531172,5.0,online_retail,0.1,0
user_224,2025-05-04 23:08:49.531172,8.16,department_store,0.1,0
user_876,2025-05-04 23:26:59.531172,111.52,gas_station,0.3,0
user_9,2025-05-04 23:29:44.531172,17.28,gas_station,0.1,0
user_397,2025-05-04 23:31:22.531172,12.67,entertainment,0.1,0
user_654,2025-05-04 23:33:22.531172,5.0,department_store,0.3,0
user_256,2025-05-04 23:55:24.531172,36.92,jewelry,0.3,0
user_25,2025-05-04 23:55:54.531172,43.86,pharmacy,0.3,0
user_891,2025-05-04 23:56:02.531172,33.45,grocery,0.1,0
user_421,2025-05-05 00:11:53.531172,32.55,airline,0.4,0
user_704,2025-05-05 00:55:28.531172,74.21,department_store,0.1,0
user_838,2025-05-05 01:04:40.531172,18.91,hotel,0.1,0
user_279,2025-05-05 01:21:41.531172,8.08,department_store,0.3,0
user_649,2025-05-05 01:39:45.531172,255.51,hotel,0.1,0
user_297,2025-05-05 02:38:37.531172,7.17,gas_station,0.1,0
user_450,2025-05-05 03:03:28.531172,41.22,department_store,0.6,0
user_293,2025-05-05 03:25:02.531172,34.72,hotel,0.1,0
user_339,2025-05-05 03:26:40.531172,353.33,online_retail,0.1,0
user_254,2025-05-05 03:43:00.531172,6.72,grocery,0.1,0
user_746,2025-05-05 03:43:43.531172,15.19,gas_station,0.6,0
user_311,2025-05-05 03:56:32.531172,33.16,pharmacy,0.1,0
user_954,2025-05-05 04:13:40.531172,7.0,hotel,0.1,0
user_704,2025-05-05 04:16:16.531172,4966.23,jewelry,0.7,1
user_840,2025-05-05 04:25:45.531172,53.65,restaurant,0.1,0
user_90,2025-05-05 05:02:50.531172,17.31,gas_station,0.1,0
user_917,2025-05-05 05:17:46.531172,63.2,restaurant,0.3,0
user_775,2025-05-05 05:40:13.531172,43.26,grocery,0.1,0
user_393,2025-05-05 05:48:43.531172,5.0,entertainment,0.1,0
user_383,2025-05-05 06:24:37.531172,5.0,grocery,0.3,0
user_69,2025-05-05 06:55:00.531172,81.43,grocery,0.4,0
user_144,2025-05-05 07:01:24.531172,6.6,hotel,0.3,0
user_348,2025-05-05 07:09:15.531172,5.0,grocery,0.1,0
user_974,2025-05-05 07:11:24.531172,5.0,online_retail,0.3,0
user_711,2025-05-05 07:17:14.531172,154.88,airline,0.3,0
user_718,2025-05-05 07:23:02.531172,26.53,grocery,0.6,0
user_310,2025-05-05 07:24:17.531172,5.0,grocery,0.1,0
user_152,2025-05-05 07:33:14.531172,23.11,grocery,0.7,0
user_710,2025-05-05 07:37:57.531172,12.82,restaurant,0.1,0
user_870,2025-05-05 07:48:42.531172,5.0,online_retail,0.3,0
user_888,2025-05-05 07:49:03.531172,21.02,grocery,0.9,0
user_317,2025-05-05 07:51:04.531172,7.33,pharmacy,0.1,0
user_393,2025-05-05 07:54:38.531172,22.31,grocery,0.1,0
user_701,2025-05-05 08:06:15.531172,5.0,restaurant,0.3,0
user_181,2025-05-05 08:12:42.531172,60.21,department_store,0.1,0
user_815,2025-05-05 08:21:56.531172,38.97,online_retail,0.1,0
user_948,2025-05-05 08:38:44.531172,17.96,grocery,0.1,0
user_749,2025-05-05 08:40:30.531172,39.76,restaurant,0.1,0
user_329,2025-05-05 09:02:03.531172,7.23,grocery,0.1,0
user_80,2025-05-05 09:12:29.531172,13.14,entertainment,0.4,0
user_46,2025-05-05 09:29:29.531172,17.7,electronics,0.3,0
user_101,2025-05-05 09:32:00.531172,10.52,pharmacy,0.1,0
user_737,2025-05-05 10:29:35.531172,153.42,online_retail,0.6,0
user_305,2025-05-05 10:32:07.531172,7.81,grocery,0.6,0
user_899,2025-05-05 10:45:15.531172,10.63,restaurant,0.6,0
user_506,2025-05-05 11:18:16.531172,42.69,grocery,0.3,0
user_393,2025-05-05 11:27:55.531172,5.71,restaurant,0.6,0
user_39,2025-05-05 11:44:13.531172,11.44,grocery,0.3,0
user_543,2025-05-05 11:58:42.531172,33.12,entertainment,0.1,0
user_60,2025-05-05 11:59:04.531172,5.0,gas_station,0.1,0
user_547,2025-05-05 12:05:35.531172,20.85,airline,0.3,0
user_947,2025-05-05 12:07:00.531172,5.0,hotel,0.1,0
user_381,2025-05-05 12:10:32.531172,5.0,pharmacy,0.1,0
user_485,2025-05-05 12:25:29.531172,466.03,restaurant,0.1,0
user_608,2025-05-05 12:43:06.531172,49.37,restaurant,0.1,0
user_157,2025-05-05 12:51:28.531172,22.71,restaurant,0.6,0
user_343,2025-05-05 13:03:44.531172,32.04,gas_station,0.6,0
user_273,2025-05-05 13:22:31.531172,16.31,department_store,0.3,0
user_636,2025-05-05 13:25:14.531172,5.7,car_rental,0.1,0
user_715,2025-05-05 13:27:54.531172,34.03,grocery,0.1,0
user_679,2025-05-05 13:38:25.531172,321.12,grocery,0.1,0
user_303,2025-05-05 14:03:48.531172,8.69,department_store,0.1,0
user_642,2025-05-05 14:29:27.531172,7.88,hotel,0.1,0
user_369,2025-05-05 14:30:58.531172,18.57,grocery,0.3,0
user_601,2025-05-05 14:34:31.531172,5.0,entertainment,0.3,0
user_813,2025-05-05 14:42:46.531172,439.97,entertainment,0.7,0
user_161,2025-05-05 15:56:02.531172,144.95,restaurant,0.3,0
user_748,2025-05-05 16:20:02.531172,82.07,entertainment,0.1,0
user_183,2025-05-05 16:26:06.531172,23.26,gas_station,0.6,0
user_777,2025-05-05 17:00:11.531172,6.19,car_rental,0.1,0
user_578,2025-05-05 17:20:54.531172,5.0,grocery,0.1,0
user_508,2025-05-05 17:26:24.531172,5.44,car_rental,0.1,0
user_541,2025-05-05 17:28:04.531172,5.0,pharmacy,0.1,0
user_113,2025-05-05 17:33:32.531172,124.62,online_retail,0.1,0
user_362,2025-05-05 17:33:47.531172,6.85,jewelry,0.3,0
user_674,2025-05-05 17:50:14.531172,58.08,restaurant,0.1,0
user_990,2025-05-05 17:56:46.531172,26.36,online_retail,0.1,0
user_700,2025-05-05 18:10:54.531172,5.0,grocery,0.4,0
user_329,2025-05-05 18:19:35.531172,44.28,online_retail,0.6,0
user_554,2025-05-05 18:20:57.531172,13.86,entertainment,0.1,0
user_485,2025-05-05 18:30:15.531172,28.73,gas_station,0.1,0
user_710,2025-05-05 18:41:12.531172,8.17,grocery,0.3,0
user_116,2025-05-05 18:46:08.531172,38.83,grocery,0.1,0
user_673,2025-05-05 18:56:04.531172,66.48,grocery,0.1,0
user_88,2025-05-05 19:24:29.531172,5.61,online_retail,0.3,0
user_590,2025-05-05 19:30:24.531172,16.52,department_store,0.6,0
user_690,2025-05-05 19:52:13.531172,15.16,gas_station,0.3,0
user_327,2025-05-05 20:17:52.531172,5.0,restaurant,0.1,0
user_666,2025-05-05 20:23:47.531172,8.05,pharmacy,0.1,0
user_768,2025-05-05 20:26:07.531172,11.04,online_retail,0.3,0
user_441,2025-05-05 20:30:54.531172,5.0,restaurant,0.1,0
user_32,2025-05-05 20:45:51.531172,12.99,pharmacy,0.3,0
user_589,2025-05-05 20:45:52.531172,26.13,department_store,0.1,0
user_311,2025-05-05 20:57:28.531172,27.96,online_retail,0.6,0
user_351,2025-05-05 21:29:19.531172,74.53,car_rental,0.1,0
user_253,2025-05-05 21:38:34.531172,13.96,restaurant,0.3,0
user_253,2025-05-05 21:43:51.531172,119.14,entertainment,0.1,0
user_894,2025-05-05 21:47:07.531172,382.22,restaurant,0.3,0
user_801,2025-05-05 21:53:50.531172,5.0,airline,0.1,0
user_432,2025-05-05 22:04:03.531172,6.18,restaurant,0.3,0
user_638,2025-05-05 22:16:10.531172,7.4,grocery,0.1,0
user_937,2025-05-05 22:17:27.531172,15.2,restaurant,0.1,0
user_600,2025-05-05 22:22:33.531172,40.85,gas_station,0.1,0
user_485,2025-05-05 23:13:56.531172,117.79,online_retail,0.1,0
user_56,2025-05-05 23:21:04.531172,7.8,department_store,0.3,0
user_789,2025-05-05 23:52:31.531172,30.71,online_retail,0.1,0
user_709,2025-05-05 23:56:59.531172,133.47,online_retail,0.1,0
user_109,2025-05-05 23:58:34.531172,5.0,department_store,0.3,0
user_776,2025-05-06 00:30:37.531172,65.31,grocery,0.1,0
user_342,2025-05-06 00:33:51.531172,398.92,airline,0.1,0
user_159,2025-05-06 01:07:24.531172,12.25,department_store,0.1,0
user_462,2025-05-06 01:15:02.531172,5.0,restaurant,0.3,0
user_670,2025-05-06 02:02:54.531172,16.13,entertainment,0.1,0
user_678,2025-05-06 02:06:08.531172,5.0,online_retail,0.3,0
user_912,2025-05-06 02:08:18.531172,22.31,gas_station,0.1,0
user_901,2025-05-06 02:13:54.531172,103.68,grocery,0.1,0
user_652,2025-05-06 02:50:59.531172,9.15,gas_station,0.1,0
user_13,2025-05-06 02:51:14.531172,5.0,online_retail,0.1,0
user_7,2025-05-06 03:13:50.531172,9.16,department_store,0.1,0
user_747,2025-05-06 03:27:30.531172,29.66,gas_station,0.1,0
user_588,2025-05-06 03:29:29.531172,62.21,restaurant,0.3,0
user_48,2025-05-06 03:31:56.531172,80.39,grocery,0.1,0
user_495,2025-05-06 03:36:52.531172,8.03,online_retail,0.6,0
user_282,2025-05-06 03:38:49.531172,214.61,grocery,0.4,0
user_551,2025-05-06 03:46:06.531172,5.0,restaurant,0.1,0
user_414,2025-05-06 03:54:05.531172,5.0,pharmacy,0.3,0
user_81,2025-05-06 04:00:21.531172,18.64,pharmacy,0.1,0
user_437,2025-05-06 04:29:26.531172,31.46,department_store,0.1,0
user_211,2025-05-06 04:34:01.531172,5.0,gas_station,0.1,0
user_7,2025-05-06 04:38:08.531172,34.2,grocery,0.3,0
user_367,2025-05-06 04:38:25.531172,50.73,grocery,0.1,0
user_873,2025-05-06 05:03:10.531172,80.78,online_retail,0.3,0
user_29,2025-05-06 05:15:57.531172,53.8,gas_station,0.3,0
user_899,2025-05-06 05:34:50.531172,65.43,car_rental,0.1,0
user_854,2025-05-06 05:36:00.531172,11.95,car_rental,0.1,0
user_632,2025-05-06 05:43:40.531172,17.88,grocery,0.3,0
user_944,2025-05-06 06:00:54.531172,31.52,restaurant,0.3,0
user_79,2025-05-06 06:35:46.531172,48.76,restaurant,0.3,0
user_321,2025-05-06 06:38:14.531172,153.5,grocery,0.1,0
user_584,2025-05-06 06:43:52.531172,248.3,restaurant,0.1,0
user_700,2025-05-06 07:02:13.531172,19.76,pharmacy,0.1,0
user_818,2025-05-06 07:16:38.531172,23.44,grocery,0.1,0
user_981,2025-05-06 07:26:20.531172,5.0,restaurant,0.1,0
user_967,2025-05-06 07:36:15.531172,5.0,pharmacy,0.3,0
user_894,2025-05-06 07:45:13.531172,18.25,restaurant,0.1,0
user_32,2025-05-06 09:13:10.531172,5.0,online_retail,0.1,0
user_718,2025-05-06 09:23:06.531172,871.72,grocery,0.1,0
user_41,2025-05-06 09:28:23.531172,5.0,department_store,0.3,0
user_235,2025-05-06 09:29:00.531172,7.24,gas_station,0.6,0
user_770,2025-05-06 09:47:53.531172,38.57,pharmacy,0.6,0
user_756,2025-05-06 10:02:06.531172,9.34,grocery,0.6,0
user_144,2025-05-06 10:23:30.531172,5.01,pharmacy,0.1,0
user_103,2025-05-06 10:33:23.531172,10.8,gas_station,0.1,0
user_124,2025-05-06 10:40:11.531172,536.31,gas_station,0.1,0
user_959,2025-05-06 10:59:57.531172,162.35,gas_station,0.3,0
user_87,2025-05-06 11:16:43.531172,16.19,electronics,0.3,0
user_831,2025-05-06 11:16:45.531172,12.63,gas_station,0.3,0
user_88,2025-05-06 11:20:04.531172,17.87,grocery,0.3,0
user_429,2025-05-06 11:31:10.531172,8.43,restaurant,0.1,0
user_1,2025-05-06 11:40:30.531172,53.0,gas_station,0.3,0
user_136,2025-05-06 11:41:19.531172,91.21,pharmacy,0.3,0
user_745,2025-05-06 12:14:02.531172,10.5,gas_station,0.1,0
user_862,2025-05-06 12:24:44.531172,5.0,pharmacy,0.1,0
user_112,2025-05-06 12:25:08.531172,5.0,grocery,0.1,0
user_752,2025-05-06 12:48:27.531172,30.62,restaurant,0.1,0
user_732,2025-05-06 13:07:55.531172,12.27,entertainment,0.1,0
user_658,2025-05-06 13:14:19.531172,5.0,online_retail,0.3,0
user_426,2025-05-06 13:32:02.531172,9.56,department_store,0.3,0
user_699,2025-05-06 14:27:15.531172,57.42,online_retail,0.1,0
user_215,2025-05-06 14:28:48.531172,63.75,grocery,0.1,0
user_162,2025-05-06 14:37:34.531172,7.37,pharmacy,0.3,0
user_136,2025-05-06 14:47:52.531172,5.24,department_store,0.1,0
user_855,2025-05-06 14:50:25.531172,6.34,grocery,0.6,0
user_952,2025-05-06 14:51:01.531172,356.34,pharmacy,0.3,0
user_696,2025-05-06 15:00:10.531172,5.0,gas_station,0.3,0
user_474,2025-05-06 15:05:56.531172,27.69,grocery,0.1,0
user_564,2025-05-06 15:12:23.531172,5.22,gas_station,0.1,0
user_405,2025-05-06 15:18:28.531172,33.28,grocery,0.1,0
user_88,2025-05-06 15:23:34.531172,62.62,car_rental,0.1,0
user_608,2025-05-06 15:28:40.531172,2875.71,entertainment,0.7,1
user_940,2025-05-06 15:30:47.531172,5.0,pharmacy,0.3,0
user_205,2025-05-06 15:35:51.531172,8.04,grocery,0.6,0
user_338,2025-05-06 15:36:18.531172,80.95,restaurant,0.1,0
user_862,2025-05-06 15:44:06.531172,56.78,gas_station,0.1,0
user_707,2025-05-06 15:46:43.531172,10.55,electronics,0.1,0
user_589,2025-05-06 15:52:46.531172,21.14,gas_station,0.1,0
user_861,2025-05-06 16:30:14.531172,87.23,restaurant,0.1,0
user_11,2025-05-06 16:57:41.531172,144.83,grocery,0.1,0
user_69,2025-05-06 17:09:08.531172,12.37,department_store,0.6,0
user_613,2025-05-06 17:37:17.531172,19.14,grocery,0.1,0
user_501,2025-05-06 18:09:45.531172,58.35,entertainment,0.1,0
user_762,2025-05-06 18:40:30.531172,26.5,grocery,0.1,0
user_446,2025-05-06 18:46:11.531172,14.76,airline,0.1,0
user_314,2025-05-06 18:49:14.531172,194.45,jewelry,0.6,0
user_678,2025-05-06 19:23:16.531172,9.79,grocery,0.1,0
user_370,2025-05-06 19:30:38.531172,456.68,grocery,0.1,0
user_814,2025-05-06 19:59:45.531172,5.0,hotel,0.3,0
user_285,2025-05-06 20:19:44.531172,97.48,department_store,0.1,0
user_277,2025-05-06 20:22:35.531172,28.68,online_retail,0.3,0
user_432,2025-05-06 20:50:34.531172,25.89,grocery,0.1,0
user_230,2025-05-06 21:07:12.531172,11.67,gas_station,0.6,0
user_323,2025-05-06 21:08:23.531172,30.9,hotel,0.1,0
user_561,2025-05-06 21:55:50.531172,79.13,restaurant,0.3,0
user_855,2025-05-06 21:56:19.531172,32.99,jewelry,0.1,0
user_438,2025-05-06 22:14:25.531172,5.0,grocery,0.3,0
user_630,2025-05-06 22:21:23.531172,56.38,entertainment,0.1,0
user_246,2025-05-06 22:30:02.531172,78.37,gas_station,0.3,0
user_784,2025-05-06 22:47:56.531172,25.62,hotel,0.1,0
user_485,2025-05-06 23:16:17.531172,77.95,pharmacy,0.6,0
user_499,2025-05-06 23:47:29.531172,14.84,gas_station,0.6,0
user_600,2025-05-07 00:00:53.531172,5.0,department_store,0.3,0
user_383,2025-05-07 00:03:20.531172,21.5,gas_station,0.1,0
user_654,2025-05-07 00:49:04.531172,12.47,online_retail,0.1,0
user_763,2025-05-07 01:04:42.531172,30.61,department_store,0.3,0
user_86,2025-05-07 01:17:19.531172,670.64,restaurant,0.6,0
user_151,2025-05-07 01:32:30.531172,72.44,car_rental,0.1,0
user_110,2025-05-07 01:32:41.531172,77.72,gas_station,0.1,0
user_406,2025-05-07 01:56:09.531172,8.06,entertainment,0.6,0
user_760,2025-05-07 02:02:17.531172,42.61,gas_station,0.1,0
user_384,2025-05-07 02:06:14.531172,49.36,grocery,0.1,0
user_957,2025-05-07 02:37:00.531172,73.62,electronics,0.9,1
user_682,2025-05-07 02:56:38.531172,7.06,grocery,0.3,0
user_249,2025-05-07 03:11:26.531172,86.0,hotel,0.1,0
user_867,2025-05-07 03:14:18.531172,31.74,grocery,0.1,0
user_162,2025-05-07 03:28:16.531172,8.06,gas_station,0.1,0
user_409,2025-05-07 03:34:57.531172,5.0,entertainment,0.1,0
user_981,2025-05-07 03:48:10.531172,362.1,restaurant,0.6,0
user_471,2025-05-07 03:57:43.531172,42.41,restaurant,0.3,0
user_101,2025-05-07 04:00:08.531172,150.2,gas_station,0.1,0
user_783,2025-05-07 04:24:40.531172,5.0,gas_station,0.6,0
user_656,2025-05-07 05:02:23.531172,5.0,entertainment,0.3,0
user_927,2025-05-07 05:16:46.531172,58.48,gas_station,0.1,0
user_605,2025-05-07 05:23:16.531172,17.95,online_retail,0.4,0
user_181,2025-05-07 05:30:04.531172,5.0,entertainment,0.1,0
user_612,2025-05-07 06:03:24.531172,247.3,gas_station,0.3,0
user_672,2025-05-07 06:33:55.531172,21.09,restaurant,0.1,0
user_165,2025-05-07 06:34:18.531172,57.03,grocery,0.1,0
user_396,2025-05-07 06:54:25.531172,158.54,online_retail,0.6,0
user_359,2025-05-07 07:03:50.531172,18.94,department_store,0.3,0
user_576,2025-05-07 07:18:11.531172,46.55,entertainment,0.1,0
user_879,2025-05-07 07:45:28.531172,20.04,grocery,0.1,0
user_392,2025-05-07 08:16:31.531172,125.65,hotel,0.1,0
user_180,2025-05-07 08:32:27.531172,72.33,gas_station,0.3,0
user_346,2025-05-07 08:37:21.531172,29.15,pharmacy,0.6,0
user_266,2025-05-07 08:53:53.531172,5.0,grocery,0.1,0
user_641,2025-05-07 09:26:39.531172,5.0,online_retail,0.3,0
user_980,2025-05-07 09:28:36.531172,5.0,grocery,0.1,0
user_120,2025-05-07 09:46:16.531172,28.11,online_retail,0.1,0
user_499,2025-05-07 09:46:36.531172,20.92,gas_station,0.3,0
user_62,2025-05-07 10:44:50.531172,30.68,entertainment,0.1,0
user_171,2025-05-07 10:47:46.531172,207.86,restaurant,0.1,0
user_759,2025-05-07 11:42:36.531172,341.69,grocery,0.3,0
user_607,2025-05-07 11:47:58.531172,14.08,pharmacy,0.3,0
user_601,2025-05-07 12:06:12.531172,11.74,online_retail,0.1,0
user_733,2025-05-07 12:30:46.531172,78.52,restaurant,0.1,0
user_131,2025-05-07 12:39:49.531172,416.46,online_retail,0.6,0
user_539,2025-05-07 13:02:53.531172,282.8,pharmacy,0.1,0
user_739,2025-05-07 13:05:49.531172,47.87,department_store,0.3,0
user_423,2025-05-07 14:24:07.531172,15.34,restaurant,0.1,0
user_532,2025-05-07 15:05:10.531172,168.15,gas_station,0.1,0
user_307,2025-05-07 15:14:25.531172,365.05,hotel,0.1,0
user_482,2025-05-07 15:22:24.531172,11.84,department_store,0.1,0
user_560,2025-05-07 15:29:03.531172,5.0,pharmacy,0.1,0
user_794,2025-05-07 15:31:36.531172,15.3,restaurant,0.3,0
user_146,2025-05-07 15:47:51.531172,12.38,restaurant,0.3,0
user_452,2025-05-07 15:48:01.531172,8.87,grocery,0.3,0
user_789,2025-05-07 15:58:10.531172,304.96,gas_station,0.3,0
user_381,2025-05-07 16:09:17.531172,38.34,entertainment,0.1,0
user_262,2025-05-07 16:25:23.531172,33.83,restaurant,0.1,0
user_137,2025-05-07 16:26:09.531172,27.38,electronics,0.1,0
user_324,2025-05-07 16:38:09.531172,5.61,grocery,0.1,0
user_7,2025-05-07 16:40:53.531172,70.74,grocery,0.1,0
user_716,2025-05-07 17:06:43.531172,28.43,grocery,0.3,0
user_327,2025-05-07 17:28:45.531172,19.01,entertainment,0.1,0
user_935,2025-05-07 17:29:50.531172,35.58,restaurant,0.4,0
user_994,2025-05-07 17:40:59.531172,27.23,online_retail,0.1,0
user_152,2025-05-07 17:57:08.531172,18.9,online_retail,0.1,0
user_651,2025-05-07 18:01:19.531172,31.99,electronics,0.3,0
user_12,2025-05-07 18:28:14.531172,5.0,online_retail,0.3,0
user_316,2025-05-07 18:29:25.531172,5.93,jewelry,0.1,0
user_121,2025-05-07 18:59:29.531172,5.0,online_retail,0.1,0
user_204,2025-05-07 19:00:24.531172,12.74,gas_station,0.1,0
user_298,2025-05-07 19:02:41.531172,30.32,department_store,0.1,0
user_653,2025-05-07 19:24:28.531172,5.0,gas_station,0.6,0
user_689,2025-05-07 19:53:17.531172,56.84,department_store,0.3,0
user_15,2025-05-07 19:56:37.531172,14.24,online_retail,0.3,0
user_417,2025-05-07 21:22:56.531172,281.48,department_store,0.3,0
user_562,2025-05-07 21:29:25.531172,5.0,online_retail,0.1,0
user_66,2025-05-07 21:43:29.531172,17.08,pharmacy,0.3,0
user_66,2025-05-07 22:03:23.531172,5.63,pharmacy,0.3,0
user_202,2025-05-07 22:23:20.531172,6.7,restaurant,0.6,0
user_760,2025-05-07 22:34:43.531172,37.02,online_retail,0.1,0
user_840,2025-05-07 22:39:21.531172,5.0,grocery,0.1,0
user_853,2025-05-07 22:39:25.531172,20.07,restaurant,0.3,0
user_477,2025-05-07 22:46:34.531172,51.01,department_store,0.1,0
user_885,2025-05-07 23:04:43.531172,29.67,pharmacy,0.1,0
user_893,2025-05-07 23:27:31.531172,30.74,online_retail,0.1,0
user_77,2025-05-07 23:32:11.531172,7.13,grocery,0.1,0
user_949,2025-05-07 23:36:29.531172,20.61,department_store,0.3,0
user_998,2025-05-07 23:46:52.531172,8.24,hotel,0.1,0
user_421,2025-05-08 00:29:26.531172,42.01,gas_station,0.1,0
user_15,2025-05-08 01:14:27.531172,20.3,pharmacy,0.6,0
user_138,2025-05-08 01:15:28.531172,19.12,online_retail,0.1,0
user_904,2025-05-08 01:16:27.531172,143.56,hotel,0.1,0
user_675,2025-05-08 01:20:07.531172,27.73,grocery,0.3,0
user_857,2025-05-08 01:22:41.531172,5.0,department_store,0.1,0
user_619,2025-05-08 01:23:09.531172,12.83,hotel,0.1,0
user_947,2025-05-08 01:27:53.531172,5.0,gas_station,0.1,0
user_217,2025-05-08 01:40:40.531172,32.74,grocery,0.6,0
user_677,2025-05-08 02:30:46.531172,9.72,entertainment,0.1,0
user_801,2025-05-08 02:33:20.531172,29.78,restaurant,0.6,0
user_170,2025-05-08 02:38:04.531172,6.84,pharmacy,0.1,0
user_519,2025-05-08 02:58:10.531172,219.16,airline,0.6,0
user_400,2025-05-08 02:58:32.531172,8.26,grocery,0.6,0
user_12,2025-05-08 02:59:51.531172,17.75,pharmacy,0.1,0
user_554,2025-05-08 03:07:10.531172,21.46,online_retail,0.3,0
user_179,2025-05-08 03:21:32.531172,6.93,grocery,0.1,0
user_956,2025-05-08 03:26:12.531172,5.0,entertainment,0.4,0
user_986,2025-05-08 03:35:21.531172,8.01,hotel,0.4,0
user_361,2025-05-08 03:51:03.531172,68.66,restaurant,0.3,0
user_245,2025-05-08 03:56:04.531172,13.4,entertainment,0.1,0
user_240,2025-05-08 03:57:30.531172,175.64,restaurant,0.3,0
user_931,2025-05-08 03:58:34.531172,17.54,gas_station,0.6,0
user_74,2025-05-08 05:25:54.531172,24.15,restaurant,0.1,0
user_58,2025-05-08 06:00:22.531172,5.79,hotel,0.3,0
user_747,2025-05-08 06:18:52.531172,4680.32,entertainment,0.7,1
user_532,2025-05-08 06:30:43.531172,21.14,airline,0.1,0
user_769,2025-05-08 06:45:19.531172,94.51,restaurant,0.3,0
user_632,2025-05-08 06:50:33.531172,54.24,pharmacy,0.3,0
user_687,2025-05-08 07:06:40.531172,40.87,airline,0.1,0
user_520,2025-05-08 07:33:54.531172,18.5,entertainment,0.3,0
user_363,2025-05-08 07:55:10.531172,9.39,online_retail,0.3,0
user_587,2025-05-08 07:57:44.531172,158.5,hotel,0.1,0
user_754,2025-05-08 08:01:29.531172,16.2,gas_station,0.1,0
user_709,2025-05-08 08:13:36.531172,22.0,airline,0.6,0
user_728,2025-05-08 08:15:49.531172,5.0,hotel,0.3,0
user_411,2025-05-08 08:53:21.531172,5.91,hotel,0.3,0
user_117,2025-05-08 09:14:03.531172,156.35,pharmacy,0.3,0
user_85,2025-05-08 09:25:40.531172,28.77,grocery,0.6,0
user_486,2025-05-08 10:16:28.531172,30.89,gas_station,0.1,0
user_507,2025-05-08 10:44:38.531172,5.44,jewelry,0.1,0
user_943,2025-05-08 10:51:16.531172,52.61,grocery,0.1,0
user_648,2025-05-08 11:09:50.531172,15.74,airline,0.1,0
user_333,2025-05-08 11:20:31.531172,5.0,online_retail,0.1,0
user_829,2025-05-08 11:24:30.531172,81.4,department_store,0.1,0
user_147,2025-05-08 11:52:22.531172,8.01,hotel,0.6,0
user_20,2025-05-08 12:11:43.531172,33.75,entertainment,0.1,0
user_247,2025-05-08 12:12:52.531172,9.35,online_retail,0.3,0
user_289,2025-05-08 12:16:40.531172,43.33,gas_station,0.3,0
user_113,2025-05-08 12:23:47.531172,7.55,department_store,0.1,0
user_979,2025-05-08 12:33:54.531172,46.96,entertainment,0.3,0
user_243,2025-05-08 12:46:28.531172,42.51,car_rental,0.1,0
user_842,2025-05-08 13:00:50.531172,5.0,department_store,0.1,0
user_999,2025-05-08 13:26:29.531172,2000.0,online_retail,0.1,0
user_780,2025-05-08 13:36:32.531172,5.0,gas_station,0.1,0
user_771,2025-05-08 13:39:45.531172,25.56,grocery,0.3,0
user_948,2025-05-08 13:49:26.531172,15.0,grocery,0.3,0
user_116,2025-05-08 14:00:27.531172,8.08,electronics,0.1,0
user_389,2025-05-08 14:01:54.531172,29.25,department_store,0.1,0
user_57,2025-05-08 14:33:38.531172,31.47,department_store,0.3,0
user_344,2025-05-08 14:54:47.531172,14.0,online_retail,0.1,0
user_731,2025-05-08 15:42:43.531172,42.63,entertainment,0.1,0
user_465,2025-05-08 16:17:19.531172,15.02,grocery,0.1,0
user_107,2025-05-08 16:42:03.531172,121.25,gas_station,0.1,0
user_405,2025-05-08 17:03:41.531172,58.48,restaurant,0.1,0
user_328,2025-05-08 17:05:04.531172,35.17,pharmacy,0.1,0
user_677,2025-05-08 17:12:24.531172,41.12,online_retail,0.1,0
user_309,2025-05-08 17:33:10.531172,92.32,grocery,0.3,0
user_713,2025-05-08 17:55:54.531172,7.39,grocery,0.1,0
user_766,2025-05-08 18:03:14.531172,38.63,entertainment,0.1,0
user_207,2025-05-08 18:29:21.531172,18.28,entertainment,0.6,0
user_702,2025-05-08 18:29:57.531172,37.05,department_store,0.3,0
user_84,2025-05-08 19:03:12.531172,83.69,restaurant,0.1,0
user_966,2025-05-08 19:23:14.531172,22.31,grocery,0.3,0
user_554,2025-05-08 19:46:45.531172,6.16,entertainment,0.7,0
user_936,2025-05-08 20:02:33.531172,169.62,grocery,0.1,0
user_452,2025-05-08 20:11:09.531172,30.62,grocery,0.1,0
user_879,2025-05-08 20:11:23.531172,17.74,department_store,0.3,0
user_121,2025-05-08 20:20:17.531172,5.0,online_retail,0.1,0
user_55,2025-05-08 20:22:32.531172,14.6,electronics,0.3,0
user_164,2025-05-08 20:28:21.531172,5.0,restaurant,0.1,0
user_165,2025-05-08 20:39:27.531172,16.35,online_retail,0.4,0
user_843,2025-05-08 20:39:29.531172,1248.68,restaurant,0.3,0
user_480,2025-05-08 20:45:51.531172,5.0,airline,0.1,0
user_225,2025-05-08 20:59:35.531172,28.1,grocery,0.3,0
user_608,2025-05-08 21:04:49.531172,307.18,grocery,0.1,0
user_464,2025-05-08 21:10:28.531172,5.0,pharmacy,0.1,0
user_325,2025-05-08 21:11:21.531172,7.93,grocery,0.1,0
user_622,2025-05-08 21:12:31.531172,1767.87,jewelry,0.7,1
user_425,2025-05-08 21:31:57.531172,560.13,gas_station,0.1,0
user_694,2025-05-08 21:43:54.531172,27.5,pharmacy,0.1,0
user_797,2025-05-08 21:44:00.531172,66.53,restaurant,0.1,0
user_185,2025-05-08 21:46:26.531172,14.96,entertainment,0.6,0
user_494,2025-05-08 21:50:59.531172,105.08,entertainment,0.3,0
user_650,2025-05-08 21:54:21.531172,5.0,gas_station,0.6,0
user_937,2025-05-08 21:54:36.531172,7.46,restaurant,0.1,0
user_723,2025-05-08 22:08:02.531172,5.0,restaurant,0.3,0
user_739,2025-05-08 22:12:36.531172,5.0,grocery,0.3,0
user_255,2025-05-08 22:31:56.531172,211.19,restaurant,0.3,0
user_275,2025-05-08 22:41:48.531172,22.08,restaurant,0.1,0
user_319,2025-05-08 22:55:19.531172,70.27,online_retail,0.7,1
user_295,2025-05-08 23:07:15.531172,13.94,electronics,0.7,1
user_40,2025-05-08 23:09:05.531172,422.34,department_store,0.1,0
user_71,2025-05-08 23:15:12.531172,13.59,department_store,0.1,0
user_989,2025-05-08 23:17:48.531172,22.14,entertainment,0.1,0
user_417,2025-05-08 23:33:25.531172,29.74,hotel,0.6,0
user_310,2025-05-08 23:35:23.531172,22.92,online_retail,0.6,1
user_130,2025-05-09 00:11:58.531172,5.0,gas_station,0.6,0
user_974,2025-05-09 00:23:21.531172,5.0,grocery,0.3,0
user_48,2025-05-09 00:26:31.531172,16.81,restaurant,0.1,0
user_220,2025-05-09 00:44:57.531172,5.0,grocery,0.1,0
user_309,2025-05-09 01:02:36.531172,10.5,restaurant,0.1,0
user_816,2025-05-09 01:02:37.531172,58.67,restaurant,0.3,0
user_890,2025-05-09 01:10:55.531172,6.51,restaurant,0.1,0
user_740,2025-05-09 01:12:00.531172,10.28,restaurant,0.1,0
user_130,2025-05-09 01:50:29.531172,77.14,pharmacy,0.1,0
user_684,2025-05-09 02:13:36.531172,64.33,entertainment,0.3,0
user_392,2025-05-09 02:18:27.531172,18.33,restaurant,0.3,0
user_288,2025-05-09 02:18:36.531172,38.74,car_rental,0.1,0
user_480,2025-05-09 02:33:36.531172,63.1,electronics,0.6,0
user_659,2025-05-09 02:41:10.531172,12.31,hotel,0.3,0
user_104,2025-05-09 02:52:29.531172,13.42,pharmacy,0.1,0
user_46,2025-05-09 03:01:43.531172,24.77,entertainment,0.9,1
user_627,2025-05-09 03:06:37.531172,8.95,online_retail,0.1,0
user_294,2025-05-09 03:43:18.531172,13.23,electronics,0.1,0
user_514,2025-05-09 03:51:02.531172,6.05,gas_station,0.1,0
user_408,2025-05-09 03:51:29.531172,186.96,car_rental,0.3,0
user_89,2025-05-09 03:59:14.531172,88.39,restaurant,0.6,0
user_666,2025-05-09 04:00:38.531172,5.0,gas_station,0.3,0
user_843,2025-05-09 04:02:04.531172,314.57,restaurant,0.1,0
user_814,2025-05-09 04:22:03.531172,21.18,gas_station,0.1,0
user_806,2025-05-09 04:28:14.531172,5.0,hotel,0.1,0
user_428,2025-05-09 04:42:36.531172,20.46,hotel,0.1,0
user_902,2025-05-09 04:45:36.531172,62.18,department_store,0.3,0
user_945,2025-05-09 05:01:41.531172,14.33,car_rental,0.1,0
user_805,2025-05-09 05:07:28.531172,56.17,airline,0.1,0
user_214,2025-05-09 05:07:42.531172,18.98,online_retail,0.1,0
user_345,2025-05-09 05:15:37.531172,16.76,hotel,0.6,0
user_128,2025-05-09 05:54:37.531172,30.78,jewelry,0.1,0
user_883,2025-05-09 06:11:47.531172,9.69,grocery,0.3,0
user_3,2025-05-09 07:06:17.531172,45.65,car_rental,0.1,0
user_653,2025-05-09 07:11:24.531172,33.78,restaurant,0.3,0
user_891,2025-05-09 07:16:27.531172,5.0,restaurant,0.6,0
user_754,2025-05-09 07:20:18.531172,5.0,entertainment,0.6,0
user_965,2025-05-09 07:20:23.531172,68.82,entertainment,0.3,0
user_368,2025-05-09 07:23:11.531172,5.0,online_retail,0.3,0
user_157,2025-05-09 07:33:16.531172,86.08,restaurant,0.1,0
user_987,2025-05-09 08:10:27.531172,55.84,jewelry,0.3,0
user_823,2025-05-09 08:15:48.531172,113.7,restaurant,0.1,0
user_349,2025-05-09 08:29:41.531172,33.01,gas_station,0.1,0
user_49,2025-05-09 08:38:19.531172,10.69,restaurant,0.1,0
user_277,2025-05-09 08:43:06.531172,23.24,restaurant,0.1,0
user_390,2025-05-09 08:43:59.531172,48.44,grocery,0.3,0
user_339,2025-05-09 09:09:39.531172,20.31,department_store,0.1,0
user_604,2025-05-09 09:14:20.531172,6.82,gas_station,0.1,0
user_768,2025-05-09 09:19:14.531172,6.75,grocery,0.3,0
user_144,2025-05-09 09:35:14.531172,5.0,pharmacy,0.1,0
user_211,2025-05-09 09:35:53.531172,13.64,jewelry,0.6,0
user_835,2025-05-09 09:51:39.531172,105.26,restaurant,0.1,0
user_244,2025-05-09 09:54:24.531172,20.24,pharmacy,0.6,0
user_512,2025-05-09 10:00:09.531172,5.0,gas_station,0.3,0
user_188,2025-05-09 10:03:54.531172,7.03,hotel,0.6,0
user_575,2025-05-09 10:05:41.531172,26.88,electronics,0.9,1
user_781,2025-05-09 10:07:07.531172,72.31,electronics,0.1,0
user_337,2025-05-09 10:11:59.531172,28.54,gas_station,0.6,0
user_683,2025-05-09 10:15:35.531172,2299.69,electronics,0.6,1
user_666,2025-05-09 10:24:07.531172,72.75,online_retail,0.1,0
user_62,2025-05-09 11:20:25.531172,5.78,entertainment,0.1,0
user_841,2025-05-09 11:27:19.531172,5.0,restaurant,0.1,0
user_474,2025-05-09 11:31:23.531172,5.96,department_store,0.1,0
user_544,2025-05-09 12:12:51.531172,40.7,grocery,0.1,0
user_411,2025-05-09 12:35:30.531172,84.85,gas_station,0.1,0
user_989,2025-05-09 12:43:56.531172,48.6,grocery,0.1,0
user_418,2025-05-09 12:50:58.531172,12.17,electronics,0.1,0
user_90,2025-05-09 12:55:59.531172,208.59,department_store,0.1,0
user_847,2025-05-09 12:56:38.531172,26.4,restaurant,0.3,0
user_498,2025-05-09 12:57:05.531172,5.0,gas_station,0.3,0
user_729,2025-05-09 13:02:52.531172,50.52,grocery,0.6,0
user_282,2025-05-09 13:06:58.531172,23.24,online_retail,0.6,0
user_972,2025-05-09 13:54:24.531172,282.51,grocery,0.1,0
user_524,2025-05-09 14:04:34.531172,351.16,car_rental,0.3,0
user_785,2025-05-09 14:17:20.531172,59.04,grocery,0.1,0
user_1000,2025-05-09 14:43:01.531172,5.0,gas_station,0.1,0
user_373,2025-05-09 14:45:01.531172,18.57,gas_station,0.1,0
user_62,2025-05-09 14:51:46.531172,5.0,online_retail,0.3,0
user_16,2025-05-09 15:05:11.531172,6.9,department_store,0.1,0
user_38,2025-05-09 15:13:03.531172,20.05,online_retail,0.1,0
user_735,2025-05-09 15:58:41.531172,47.62,hotel,0.1,0
user_256,2025-05-09 16:06:31.531172,13.35,airline,0.1,0
user_52,2025-05-09 16:36:56.531172,5.0,gas_station,0.1,0
user_531,2025-05-09 16:45:31.531172,5.48,gas_station,0.3,0
user_89,2025-05-09 16:59:27.531172,1277.37,online_retail,0.1,0
user_677,2025-05-09 17:00:14.531172,5.0,entertainment,0.1,0
user_707,2025-05-09 17:14:44.531172,5.0,restaurant,0.1,0
user_279,2025-05-09 17:32:50.531172,5.0,department_store,0.1,0
user_788,2025-05-09 17:35:00.531172,459.01,entertainment,0.1,0
user_980,2025-05-09 17:40:57.531172,5.0,grocery,0.1,0
user_307,2025-05-09 17:45:17.531172,40.25,jewelry,0.1,0
user_197,2025-05-09 17:46:54.531172,9.46,restaurant,0.6,0
user_246,2025-05-09 18:35:51.531172,5.0,gas_station,0.1,0
user_882,2025-05-09 18:36:10.531172,34.93,grocery,0.1,0
user_297,2025-05-09 18:38:09.531172,209.77,gas_station,0.1,0
user_290,2025-05-09 18:57:49.531172,120.2,restaurant,0.1,0
user_770,2025-05-09 19:03:09.531172,82.16,airline,0.1,0
user_213,2025-05-09 19:10:50.531172,37.18,grocery,0.1,0
user_146,2025-05-09 19:11:39.531172,27.93,restaurant,0.1,0
user_121,2025-05-09 19:45:44.531172,5.0,online_retail,0.1,0
user_724,2025-05-09 19:47:21.531172,19.37,department_store,0.1,0
user_940,2025-05-09 20:11:51.531172,145.1,grocery,0.3,0
user_441,2025-05-09 20:16:19.531172,9.26,grocery,0.1,0
user_660,2025-05-09 20:20:18.531172,5.0,grocery,0.1,0
user_161,2025-05-09 20:39:16.531172,46.85,electronics,0.6,1
user_114,2025-05-09 21:01:11.531172,8.83,airline,0.4,0
user_650,2025-05-09 21:01:27.531172,70.57,restaurant,0.1,0
user_86,2025-05-09 21:04:01.531172,35.5,gas_station,0.7,0
user_824,2025-05-09 21:04:09.531172,20.7,pharmacy,0.6,0
user_743,2025-05-09 21:08:15.531172,16.25,gas_station,0.1,0
user_616,2025-05-09 21:21:39.531172,158.55,restaurant,0.1,0
user_29,2025-05-09 21:25:45.531172,26.37,entertainment,0.3,0
user_842,2025-05-09 21:30:17.531172,20.82,gas_station,0.1,0
user_520,2025-05-09 21:51:14.531172,12.73,online_retail,0.1,0
user_395,2025-05-09 21:52:36.531172,5.0,grocery,0.3,0
user_62,2025-05-09 22:48:26.531172,140.32,online_retail,0.1,0
user_917,2025-05-09 22:53:17.531172,26.14,electronics,0.1,0
user_396,2025-05-09 23:07:05.531172,5.0,gas_station,0.1,0
user_756,2025-05-09 23:11:03.531172,137.29,entertainment,0.1,0
user_282,2025-05-09 23:12:46.531172,2.03,entertainment,0.9,1
user_27,2025-05-09 23:25:51.531172,5.0,online_retail,0.6,0
user_473,2025-05-09 23:37:41.531172,6.13,grocery,0.1,0
user_689,2025-05-09 23:39:44.531172,20.1,grocery,0.1,0
user_362,2025-05-09 23:39:57.531172,27.83,hotel,0.6,0
user_36,2025-05-09 23:53:57.531172,58.11,entertainment,0.1,0
user_307,2025-05-10 00:01:24.531172,294.17,jewelry,0.1,0
user_195,2025-05-10 00:52:20.531172,318.24,online_retail,0.1,0
user_623,2025-05-10 00:55:16.531172,6.81,department_store,0.1,0
user_626,2025-05-10 00:56:16.531172,46.11,online_retail,0.1,0
user_379,2025-05-10 01:04:35.531172,5.0,online_retail,0.6,0
user_128,2025-05-10 01:15:09.531172,127.1,pharmacy,0.1,0
user_93,2025-05-10 01:16:03.531172,5.0,airline,0.1,0
user_549,2025-05-10 01:40:49.531172,12.08,grocery,0.6,0
user_173,2025-05-10 01:55:31.531172,5.0,airline,0.3,0
user_329,2025-05-10 02:04:25.531172,5.0,entertainment,0.1,0
user_482,2025-05-10 02:50:59.531172,10.29,gas_station,0.1,0
user_762,2025-05-10 03:05:18.531172,209.42,gas_station,0.1,0
user_547,2025-05-10 03:16:05.531172,5.0,pharmacy,0.6,0
user_531,2025-05-10 03:27:04.531172,39.5,entertainment,0.3,0
user_925,2025-05-10 03:53:18.531172,7.19,online_retail,0.1,0
user_534,2025-05-10 04:31:46.531172,29.03,airline,0.1,0
user_629,2025-05-10 04:39:21.531172,22.47,gas_station,0.1,0
user_198,2025-05-10 04:45:29.531172,5.0,grocery,0.1,0
user_549,2025-05-10 05:02:25.531172,11.55,department_store,0.1,0
user_14,2025-05-10 05:13:41.531172,22.88,grocery,0.1,0
user_672,2025-05-10 05:24:28.531172,5.0,grocery,0.1,0
user_838,2025-05-10 05:46:45.531172,7.0,grocery,0.3,0
user_33,2025-05-10 05:58:39.531172,18.64,hotel,0.3,0
user_724,2025-05-10 06:12:09.531172,117.27,grocery,0.3,0
user_988,2025-05-10 06:20:14.531172,5.0,grocery,0.3,0
user_255,2025-05-10 06:26:27.531172,120.9,grocery,0.1,0
user_220,2025-05-10 06:35:41.531172,32.13,restaurant,0.1,0
user_53,2025-05-10 07:13:58.531172,5.0,gas_station,0.1,0
user_840,2025-05-10 07:21:45.531172,26.55,gas_station,0.1,0
user_915,2025-05-10 07:22:18.531172,5.04,restaurant,0.3,0
user_94,2025-05-10 07:53:27.531172,85.89,grocery,0.1,0
user_273,2025-05-10 08:00:28.531172,70.19,airline,0.3,0
user_611,2025-05-10 08:02:47.531172,243.36,gas_station,0.1,0
user_135,2025-05-10 08:09:51.531172,8.64,restaurant,0.1,0
user_992,2025-05-10 08:15:25.531172,108.86,grocery,0.1,0
user_795,2025-05-10 08:19:59.531172,76.21,online_retail,0.1,0
user_238,2025-05-10 08:20:26.531172,36.8,department_store,0.1,0
user_995,2025-05-10 08:26:14.531172,7.98,jewelry,0.1,0
user_508,2025-05-10 08:36:14.531172,16.5,grocery,0.1,0
user_722,2025-05-10 08:43:42.531172,83.04,grocery,0.1,0
user_833,2025-05-10 09:09:24.531172,8.61,jewelry,0.4,0
user_158,2025-05-10 09:11:37.531172,18.97,online_retail,0.3,0
user_567,2025-05-10 09:29:54.531172,8.29,restaurant,0.1,0
user_551,2025-05-10 09:39:30.531172,5.0,entertainment,0.1,0
user_502,2025-05-10 10:02:29.531172,101.72,hotel,0.1,0
user_790,2025-05-10 10:26:10.531172,35.7,department_store,0.1,0
user_302,2025-05-10 10:54:44.531172,44.79,grocery,0.1,0
user_636,2025-05-10 11:00:28.531172,164.57,airline,0.3,0
user_300,2025-05-10 11:12:11.531172,10.75,restaurant,0.1,0
user_297,2025-05-10 11:28:22.531172,187.34,grocery,0.1,0
user_391,2025-05-10 11:30:21.531172,89.76,jewelry,0.1,0
user_949,2025-05-10 11:30:52.531172,10.06,department_store,0.1,0
user_586,2025-05-10 11:48:09.531172,16.29,grocery,0.3,0
user_559,2025-05-10 11:59:29.531172,5.0,online_retail,0.3,0
user_536,2025-05-10 12:14:53.531172,19.86,hotel,0.4,0
user_443,2025-05-10 12:15:04.531172,12.76,airline,0.3,0
user_109,2025-05-10 12:22:33.531172,5.0,department_store,0.1,0
user_50,2025-05-10 12:25:18.531172,35.21,entertainment,0.3,0
user_842,2025-05-10 12:30:55.531172,21.8,entertainment,0.1,0
user_785,2025-05-10 12:39:37.531172,74.08,online_retail,0.3,0
user_556,2025-05-10 13:36:03.531172,16.03,gas_station,0.1,0
user_873,2025-05-10 14:04:42.531172,539.25,grocery,0.1,0
user_146,2025-05-10 14:05:57.531172,9.81,electronics,0.3,0
user_842,2025-05-10 14:06:03.531172,6.88,gas_station,0.1,0
user_86,2025-05-10 14:23:41.531172,5.0,grocery,0.3,0
user_83,2025-05-10 14:37:32.531172,40.95,pharmacy,0.1,0
user_972,2025-05-10 14:41:08.531172,11.26,grocery,0.3,0
user_348,2025-05-10 14:43:04.531172,19.81,department_store,0.3,0
user_46,2025-05-10 14:47:24.531172,5.0,restaurant,0.1,0
user_352,2025-05-10 15:14:09.531172,29.3,grocery,0.1,0
user_495,2025-05-10 15:16:37.531172,5.25,restaurant,0.1,0
user_239,2025-05-10 15:19:58.531172,15.14,gas_station,0.1,0
user_195,2025-05-10 15:30:17.531172,36.41,pharmacy,0.1,0
user_817,2025-05-10 15:51:31.531172,6.48,restaurant,0.1,0
user_669,2025-05-10 15:55:02.531172,22.28,hotel,0.1,0
user_507,2025-05-10 16:14:26.531172,333.74,grocery,0.1,0
user_545,2025-05-10 16:15:34.531172,82.17,entertainment,0.1,0
user_22,2025-05-10 16:17:28.531172,24.9,grocery,0.1,0
user_206,2025-05-10 16:28:24.531172,6.82,restaurant,0.1,0
user_243,2025-05-10 16:39:43.531172,5.0,department_store,0.6,0
user_673,2025-05-10 16:50:31.531172,68.57,grocery,0.4,0
user_654,2025-05-10 16:58:39.531172,5.0,pharmacy,0.1,0
user_13,2025-05-10 17:03:41.531172,284.93,gas_station,0.1,0
user_567,2025-05-10 17:44:07.531172,22.21,airline,0.1,0
user_82,2025-05-10 20:02:23.531172,30.63,department_store,0.1,0
user_24,2025-05-10 20:08:31.531172,48.91,entertainment,0.1,0
user_566,2025-05-10 20:09:45.531172,12.29,entertainment,0.6,0
user_58,2025-05-10 20:36:15.531172,58.98,grocery,0.1,0
user_38,2025-05-10 20:46:42.531172,5.0,pharmacy,0.1,0
user_420,2025-05-10 20:51:02.531172,10.02,grocery,0.1,0
user_495,2025-05-10 21:01:02.531172,56.47,hotel,0.1,0
user_207,2025-05-10 21:03:32.531172,547.28,jewelry,0.9,0
user_395,2025-05-10 21:45:29.531172,21.97,gas_station,0.1,0
user_199,2025-05-10 22:05:28.531172,5.0,entertainment,0.1,0
user_600,2025-05-10 22:11:47.531172,6.69,hotel,0.3,0
user_966,2025-05-10 22:13:27.531172,24.82,pharmacy,0.1,0
user_994,2025-05-10 22:28:54.531172,111.42,pharmacy,0.1,0
user_96,2025-05-10 22:37:34.531172,81.36,department_store,0.1,0
user_706,2025-05-10 23:16:57.531172,8.27,restaurant,0.1,0
user_85,2025-05-10 23:17:02.531172,176.23,grocery,0.1,0
user_90,2025-05-10 23:21:27.531172,5.0,gas_station,0.3,0
user_260,2025-05-10 23:24:08.531172,15.46,gas_station,0.1,0
user_573,2025-05-10 23:44:33.531172,9.97,grocery,0.1,0
user_819,2025-05-10 23:46:15.531172,5.4,entertainment,0.3,0
user_207,2025-05-11 00:00:53.531172,14.51,jewelry,0.6,0
user_544,2025-05-11 00:10:09.531172,178.35,entertainment,0.1,0
user_54,2025-05-11 00:12:49.531172,82.55,pharmacy,0.1,0
user_182,2025-05-11 00:14:59.531172,3406.85,entertainment,0.6,1
user_559,2025-05-11 00:21:26.531172,38.19,hotel,0.1,0
user_810,2025-05-11 00:27:50.531172,9.66,department_store,0.1,0
user_939,2025-05-11 00:29:42.531172,143.35,department_store,0.3,0
user_87,2025-05-11 00:31:10.531172,6.77,restaurant,0.3,0
user_663,2025-05-11 00:39:09.531172,5.0,gas_station,0.1,0
user_932,2025-05-11 00:39:53.531172,7.29,electronics,0.1,0
user_908,2025-05-11 00:47:02.531172,29.73,department_store,0.6,0
user_428,2025-05-11 00:51:20.531172,656.56,grocery,0.1,0
user_717,2025-05-11 00:56:43.531172,12.56,grocery,0.1,0
user_420,2025-05-11 01:13:33.531172,388.04,hotel,0.1,0
user_634,2025-05-11 01:17:30.531172,5.0,gas_station,0.6,0
user_402,2025-05-11 01:40:14.531172,135.86,grocery,0.6,0
user_723,2025-05-11 01:42:18.531172,5.0,department_store,0.3,0
user_510,2025-05-11 01:48:59.531172,154.51,online_retail,0.1,0
user_957,2025-05-11 01:49:29.531172,5.0,grocery,0.3,0
user_714,2025-05-11 01:56:03.531172,18.2,gas_station,0.9,0
user_461,2025-05-11 01:58:30.531172,5.38,car_rental,0.1,0
user_997,2025-05-11 02:05:44.531172,25.37,restaurant,0.1,0
user_589,2025-05-11 02:26:25.531172,5.0,online_retail,0.3,0
user_468,2025-05-11 02:47:22.531172,15.54,restaurant,0.1,0
user_45,2025-05-11 03:44:56.531172,15.4,gas_station,0.1,0
user_195,2025-05-11 04:23:13.531172,5.0,grocery,0.3,0
user_836,2025-05-11 04:39:24.531172,5.0,restaurant,0.3,0
user_88,2025-05-11 05:50:47.531172,8.74,entertainment,0.1,0
user_454,2025-05-11 05:53:26.531172,10.96,department_store,0.1,0
user_820,2025-05-11 06:06:16.531172,5.0,grocery,0.3,0
user_812,2025-05-11 06:06:48.531172,85.74,grocery,0.6,0
user_965,2025-05-11 06:29:59.531172,42.18,entertainment,0.1,0
user_460,2025-05-11 07:18:26.531172,11.97,grocery,0.1,0
user_617,2025-05-11 07:20:58.531172,5.0,pharmacy,0.4,0
user_148,2025-05-11 07:31:47.531172,5.0,restaurant,0.3,0
user_47,2025-05-11 07:52:09.531172,80.59,grocery,0.1,0
user_530,2025-05-11 07:55:37.531172,115.53,restaurant,0.3,0
user_10,2025-05-11 08:18:43.531172,5.0,pharmacy,0.1,0
user_618,2025-05-11 08:25:37.531172,54.24,entertainment,0.1,0
user_641,2025-05-11 08:26:04.531172,30.61,grocery,0.1,0
user_290,2025-05-11 08:30:25.531172,5.0,grocery,0.3,0
user_185,2025-05-11 09:09:26.531172,51.61,jewelry,0.1,0
user_668,2025-05-11 09:14:29.531172,33.2,airline,0.1,0
user_654,2025-05-11 09:17:33.531172,5.0,gas_station,0.1,0
user_602,2025-05-11 10:05:15.531172,5.0,grocery,0.1,0
user_298,2025-05-11 10:08:34.531172,22.93,online_retail,0.6,0
user_384,2025-05-11 10:23:32.531172,5.0,department_store,0.1,0
user_534,2025-05-11 10:31:45.531172,148.89,restaurant,0.1,0
user_716,2025-05-11 10:54:40.531172,5.85,entertainment,0.3,0
user_489,2025-05-11 11:09:03.531172,117.0,restaurant,0.1,0
user_631,2025-05-11 11:11:59.531172,47.67,department_store,0.3,0
user_551,2025-05-11 11:12:47.531172,11.2,pharmacy,0.4,0
user_146,2025-05-11 11:22:51.531172,7.22,online_retail,0.3,0
user_325,2025-05-11 11:26:30.531172,15.29,restaurant,0.3,0
user_153,2025-05-11 11:47:55.531172,243.62,pharmacy,0.3,0
user_913,2025-05-11 11:57:26.531172,12.3,grocery,0.3,0
user_232,2025-05-11 11:59:57.531172,446.9,hotel,0.1,0
user_499,2025-05-11 12:08:17.531172,18.91,gas_station,0.3,0
user_899,2025-05-11 12:17:34.531172,62.16,jewelry,0.7,1
user_269,2025-05-11 12:27:11.531172,7.41,online_retail,0.3,0
user_784,2025-05-11 12:42:02.531172,5.0,online_retail,0.3,0
user_922,2025-05-11 12:48:33.531172,5.0,electronics,0.4,0
user_7,2025-05-11 12:50:11.531172,12.65,gas_station,0.1,0
user_658,2025-05-11 12:58:29.531172,10.12,online_retail,0.3,0
user_925,2025-05-11 13:00:38.531172,94.0,gas_station,0.1,0
user_140,2025-05-11 13:04:21.531172,17.03,online_retail,0.3,0
user_424,2025-05-11 13:13:32.531172,6.31,airline,0.3,0
user_72,2025-05-11 13:32:45.531172,5.0,department_store,0.1,0
user_262,2025-05-11 14:07:40.531172,185.61,gas_station,0.3,0
user_159,2025-05-11 14:08:14.531172,13.01,restaurant,0.6,0
user_276,2025-05-11 14:41:40.531172,15.57,restaurant,0.1,0
user_362,2025-05-11 14:42:03.531172,5.0,grocery,0.3,0
user_244,2025-05-11 14:44:27.531172,24.99,pharmacy,0.1,0
user_678,2025-05-11 14:44:57.531172,14.02,electronics,0.1,0
user_802,2025-05-11 14:51:14.531172,12.92,online_retail,0.6,0
user_90,2025-05-11 15:12:00.531172,5.0,airline,0.3,0
user_488,2025-05-11 15:14:38.531172,5.0,entertainment,0.1,0
user_57,2025-05-11 15:29:10.531172,5.0,pharmacy,0.3,0
user_903,2025-05-11 15:37:36.531172,22.09,department_store,0.1,0
user_547,2025-05-11 15:41:34.531172,5.0,grocery,0.1,0
user_534,2025-05-11 15:51:26.531172,30.6,entertainment,0.3,0
user_68,2025-05-11 15:53:36.531172,8.82,hotel,0.6,0
user_897,2025-05-11 15:54:06.531172,108.55,department_store,0.1,0
user_912,2025-05-11 16:20:59.531172,5.0,restaurant,0.3,0
user_844,2025-05-11 16:21:44.531172,12.49,grocery,0.1,0
user_847,2025-05-11 16:42:08.531172,184.03,department_store,0.3,0
user_658,2025-05-11 16:56:17.531172,8.41,grocery,0.1,0
user_478,2025-05-11 17:03:24.531172,72.99,department_store,0.1,0
user_718,2025-05-11 17:09:42.531172,5.0,grocery,0.1,0
user_709,2025-05-11 17:13:49.531172,21.76,pharmacy,0.1,0
user_721,2025-05-11 17:55:25.531172,245.56,grocery,0.1,0
user_850,2025-05-11 18:11:01.531172,5.0,online_retail,0.1,0
user_824,2025-05-11 18:14:56.531172,5.0,entertainment,0.1,0
user_501,2025-05-11 18:19:32.531172,11.21,gas_station,0.1,0
user_157,2025-05-11 18:28:20.531172,36.1,pharmacy,0.4,0
user_499,2025-05-11 18:34:58.531172,26.59,department_store,0.1,0
user_647,2025-05-11 18:37:49.531172,14.73,department_store,0.1,0
user_641,2025-05-11 18:38:24.531172,162.42,entertainment,0.3,0
user_675,2025-05-11 18:53:08.531172,8.57,pharmacy,0.1,0
user_799,2025-05-11 19:09:10.531172,39.61,restaurant,0.1,0
user_255,2025-05-11 19:17:01.531172,28.73,restaurant,0.3,0
user_341,2025-05-11 19:29:13.531172,12.24,department_store,0.3,0
user_213,2025-05-11 19:35:15.531172,27.29,department_store,0.1,0
user_384,2025-05-11 19:39:17.531172,121.05,airline,0.1,0
user_266,2025-05-11 20:00:16.531172,22.25,department_store,0.1,0
user_160,2025-05-11 20:23:02.531172,64.63,restaurant,0.1,0
user_577,2025-05-11 20:59:45.531172,75.54,online_retail,0.1,0
user_1,2025-05-11 21:05:15.531172,5.0,hotel,0.1,0
user_793,2025-05-11 21:14:39.531172,106.02,pharmacy,0.1,0
user_706,2025-05-11 21:35:29.531172,83.55,hotel,0.1,0
user_157,2025-05-11 21:40:09.531172,5.0,pharmacy,0.1,0
user_703,2025-05-11 21:52:48.531172,80.81,gas_station,0.1,0
user_53,2025-05-11 22:03:17.531172,17.7,gas_station,0.1,0
user_970,2025-05-11 22:03:18.531172,6.26,online_retail,0.3,0
user_895,2025-05-11 22:07:54.531172,135.35,department_store,0.1,0
user_906,2025-05-11 22:40:13.531172,21.25,online_retail,0.1,0
user_653,2025-05-11 22:46:20.531172,6.4,entertainment,0.3,0
user_103,2025-05-11 22:46:57.531172,5.0,entertainment,0.3,0
user_139,2025-05-11 22:54:44.531172,5.0,car_rental,0.1,0
user_56,2025-05-11 23:12:16.531172,49.78,online_retail,0.1,0
user_946,2025-05-11 23:17:21.531172,5.0,pharmacy,0.1,0
user_686,2025-05-11 23:19:42.531172,9.29,gas_station,0.1,0
user_381,2025-05-11 23:32:00.531172,7.3,department_store,0.1,0
user_237,2025-05-11 23:34:03.531172,5.0,airline,0.1,0
user_309,2025-05-11 23:42:00.531172,10.16,grocery,0.3,0
user_114,2025-05-11 23:59:03.531172,17.54,gas_station,0.7,0
user_677,2025-05-12 00:03:15.531172,12.84,restaurant,0.1,0
user_245,2025-05-12 00:35:41.531172,8.58,grocery,0.6,0
user_440,2025-05-12 00:35:43.531172,5.0,entertainment,0.1,0
user_966,2025-05-12 00:46:49.531172,180.88,restaurant,0.9,0
user_794,2025-05-12 00:48:31.531172,5.78,restaurant,0.3,0
user_644,2025-05-12 00:59:06.531172,172.11,entertainment,0.1,0
user_971,2025-05-12 01:15:02.531172,48.76,restaurant,0.3,0
user_676,2025-05-12 01:16:59.531172,52.21,entertainment,0.1,0
user_224,2025-05-12 02:02:13.531172,75.81,restaurant,0.1,0
user_809,2025-05-12 03:11:34.531172,42.04,restaurant,0.1,0
user_303,2025-05-12 03:11:41.531172,29.97,car_rental,0.1,0
user_897,2025-05-12 03:19:12.531172,21.92,grocery,0.1,0
user_260,2025-05-12 03:33:40.531172,299.55,gas_station,0.1,0
user_893,2025-05-12 04:34:05.531172,136.56,entertainment,0.1,0
user_927,2025-05-12 05:09:20.531172,150.57,gas_station,0.6,0
user_168,2025-05-12 05:16:00.531172,28.56,gas_station,0.3,0
user_745,2025-05-12 05:33:34.531172,96.8,online_retail,0.3,0
user_827,2025-05-12 05:34:03.531172,16.52,department_store,0.1,0
user_70,2025-05-12 06:10:11.531172,24.89,restaurant,0.1,0
user_502,2025-05-12 06:15:32.531172,53.98,restaurant,0.3,0
user_181,2025-05-12 06:46:58.531172,83.01,grocery,0.6,0
user_430,2025-05-12 06:50:41.531172,59.68,grocery,0.1,0
user_360,2025-05-12 06:53:55.531172,5.07,entertainment,0.1,0
user_827,2025-05-12 07:05:41.531172,47.75,restaurant,0.3,0
user_842,2025-05-12 07:05:57.531172,46.24,grocery,0.1,0
user_43,2025-05-12 07:18:06.531172,5.0,grocery,0.3,0
user_6,2025-05-12 07:19:22.531172,9.16,pharmacy,0.1,0
user_96,2025-05-12 08:06:33.531172,15.42,restaurant,0.1,0
user_725,2025-05-12 08:40:33.531172,5.0,gas_station,0.3,0
user_372,2025-05-12 08:43:04.531172,290.82,pharmacy,0.1,0
user_41,2025-05-12 08:52:24.531172,27.07,gas_station,0.3,0
user_556,2025-05-12 09:09:13.531172,51.93,restaurant,0.1,0
user_932,2025-05-12 09:18:35.531172,72.98,restaurant,0.3,0
user_520,2025-05-12 09:41:35.531172,8.69,pharmacy,0.1,0
user_57,2025-05-12 09:42:21.531172,99.29,gas_station,0.7,0
user_400,2025-05-12 09:53:37.531172,159.92,airline,0.3,0
user_245,2025-05-12 10:07:12.531172,5.0,online_retail,0.3,0
user_892,2025-05-12 10:17:37.531172,52.01,gas_station,0.3,0
user_547,2025-05-12 10:34:15.531172,72.09,grocery,0.1,0
user_211,2025-05-12 10:47:39.531172,5.0,gas_station,0.3,0
user_86,2025-05-12 11:08:35.531172,5.0,online_retail,0.1,0
user_324,2025-05-12 11:32:13.531172,84.57,grocery,0.1,0
user_944,2025-05-12 11:35:46.531172,5.0,gas_station,0.1,0
user_892,2025-05-12 11:59:59.531172,276.18,hotel,0.6,0
user_962,2025-05-12 12:05:28.531172,88.9,restaurant,0.3,0
user_537,2025-05-12 12:11:45.531172,79.75,grocery,0.1,0
user_467,2025-05-12 12:16:22.531172,24.66,grocery,0.1,0
user_76,2025-05-12 12:18:37.531172,6.93,restaurant,0.3,0
user_866,2025-05-12 12:59:09.531172,5.0,car_rental,0.1,0
user_163,2025-05-12 13:06:29.531172,11.53,pharmacy,0.1,0
user_2,2025-05-12 13:13:18.531172,28.42,online_retail,0.1,0
user_338,2025-05-12 13:14:16.531172,7.97,gas_station,0.1,0
user_644,2025-05-12 13:26:09.531172,14.91,online_retail,0.1,0
user_311,2025-05-12 13:34:19.531172,5.0,grocery,0.3,0
user_168,2025-05-12 13:46:51.531172,44.46,gas_station,0.1,0
user_357,2025-05-12 15:01:35.531172,104.78,gas_station,0.3,0
user_431,2025-05-12 15:02:02.531172,5.0,entertainment,0.1,0
user_602,2025-05-12 15:03:13.531172,11.16,gas_station,0.1,0
user_731,2025-05-12 15:21:33.531172,11.0,grocery,0.4,0
user_779,2025-05-12 15:36:49.531172,5.0,restaurant,0.3,0
user_27,2025-05-12 15:55:15.531172,16.18,department_store,0.3,0
user_664,2025-05-12 16:15:08.531172,75.96,online_retail,0.1,0
user_985,2025-05-12 16:16:31.531172,5.66,hotel,0.6,0
user_513,2025-05-12 16:34:41.531172,25.56,restaurant,0.3,0
user_566,2025-05-12 16:36:31.531172,75.38,department_store,0.1,0
user_994,2025-05-12 16:54:44.531172,7.07,grocery,0.6,0
user_365,2025-05-12 17:02:50.531172,95.0,gas_station,0.6,0
user_615,2025-05-12 17:03:59.531172,51.33,online_retail,0.1,0
user_438,2025-05-12 17:14:25.531172,5.0,entertainment,0.3,0
user_98,2025-05-12 17:17:53.531172,40.24,gas_station,0.3,0
user_694,2025-05-12 17:40:05.531172,53.67,restaurant,0.1,0
user_739,2025-05-12 17:41:10.531172,220.92,gas_station,0.3,0
user_380,2025-05-12 18:10:08.531172,5.0,pharmacy,0.1,0
user_530,2025-05-12 18:22:28.531172,172.88,grocery,0.1,0
user_88,2025-05-12 18:31:30.531172,34.65,grocery,0.1,0
user_828,2025-05-12 18:35:49.531172,42.85,online_retail,0.1,0
user_794,2025-05-12 18:45:27.531172,129.63,online_retail,0.6,0
user_489,2025-05-12 18:47:33.531172,5.79,pharmacy,0.3,0
user_711,2025-05-12 18:57:27.531172,5.0,department_store,0.3,0
user_120,2025-05-12 18:58:43.531172,57.99,online_retail,0.1,0
user_387,2025-05-12 19:00:06.531172,5.0,department_store,0.1,0
user_106,2025-05-12 19:10:10.531172,61.11,online_retail,0.1,0
user_880,2025-05-12 19:11:14.531172,5.0,grocery,0.1,0
user_827,2025-05-12 19:18:24.531172,410.08,gas_station,0.1,0
user_182,2025-05-12 19:18:55.531172,55.26,online_retail,0.1,0
user_766,2025-05-12 19:45:35.531172,90.87,gas_station,0.3,0
user_640,2025-05-12 19:51:16.531172,5.68,car_rental,0.7,0
user_806,2025-05-12 19:55:44.531172,19.11,grocery,0.1,0
user_386,2025-05-12 20:06:15.531172,18.13,restaurant,0.1,0
user_488,2025-05-12 20:23:03.531172,38.3,online_retail,0.1,0
user_86,2025-05-12 20:27:32.531172,8.06,gas_station,0.1,0
user_882,2025-05-12 20:28:22.531172,119.29,entertainment,0.3,0
user_639,2025-05-12 20:29:03.531172,10.28,gas_station,0.3,0
user_305,2025-05-12 20:33:20.531172,763.66,department_store,0.3,0
user_734,2025-05-12 21:06:33.531172,33.13,grocery,0.3,0
user_780,2025-05-12 21:20:02.531172,6.55,restaurant,0.3,0
user_820,2025-05-12 21:22:14.531172,120.64,department_store,0.1,0
user_408,2025-05-12 21:34:44.531172,48.14,restaurant,0.1,0
user_799,2025-05-12 21:44:10.531172,17.21,grocery,0.1,0
user_879,2025-05-12 21:50:40.531172,7.82,department_store,0.1,0
user_461,2025-05-12 21:59:01.531172,5.0,grocery,0.1,0
user_50,2025-05-12 22:01:58.531172,104.65,restaurant,0.1,0
user_877,2025-05-12 22:47:19.531172,6.18,pharmacy,0.3,0
user_925,2025-05-12 23:22:19.531172,26.37,entertainment,0.6,0
user_825,2025-05-13 00:03:59.531172,5.29,electronics,0.1,0
user_926,2025-05-13 00:04:24.531172,18.65,airline,0.1,0
user_695,2025-05-13 00:10:57.531172,292.02,restaurant,0.1,0
user_169,2025-05-13 00:16:33.531172,5.0,restaurant,0.1,0
user_472,2025-05-13 00:31:42.531172,9.03,gas_station,0.1,0
user_695,2025-05-13 00:36:56.531172,5.0,restaurant,0.1,0
user_820,2025-05-13 00:42:49.531172,12.16,grocery,0.3,0
user_591,2025-05-13 00:59:31.531172,8.06,department_store,0.1,0
user_824,2025-05-13 01:06:43.531172,6.25,gas_station,0.1,0
user_458,2025-05-13 01:29:04.531172,38.34,online_retail,0.1,0
user_894,2025-05-13 01:49:53.531172,5.0,department_store,0.9,0
user_828,2025-05-13 02:07:02.531172,51.18,grocery,0.1,0
user_158,2025-05-13 02:10:50.531172,52.77,restaurant,0.1,0
user_147,2025-05-13 02:14:04.531172,23.52,department_store,0.1,0
user_444,2025-05-13 02:16:59.531172,82.14,online_retail,0.1,0
user_957,2025-05-13 02:26:33.531172,67.62,gas_station,0.3,0
user_869,2025-05-13 02:28:46.531172,17.57,gas_station,0.3,0
user_43,2025-05-13 02:47:58.531172,5.63,grocery,0.1,0
user_390,2025-05-13 02:52:54.531172,12.5,grocery,0.1,0
user_239,2025-05-13 03:03:51.531172,102.92,online_retail,0.1,0
user_322,2025-05-13 03:23:15.531172,5.0,online_retail,0.1,0
user_452,2025-05-13 03:31:48.531172,51.65,airline,0.1,0
user_682,2025-05-13 03:32:24.531172,7.29,grocery,0.1,0
user_129,2025-05-13 03:44:08.531172,5.0,online_retail,0.3,0
user_501,2025-05-13 03:45:58.531172,6.4,entertainment,0.1,0
user_665,2025-05-13 04:19:54.531172,5.0,gas_station,0.1,0
user_67,2025-05-13 04:20:06.531172,5.0,department_store,0.3,0
user_541,2025-05-13 04:33:44.531172,50.73,gas_station,0.1,0
user_285,2025-05-13 04:55:35.531172,45.26,jewelry,0.6,0
user_692,2025-05-13 05:06:43.531172,85.7,entertainment,0.6,1
user_11,2025-05-13 05:16:28.531172,96.81,electronics,0.7,1
user_503,2025-05-13 05:26:13.531172,13.15,car_rental,0.1,0
user_446,2025-05-13 05:29:47.531172,5.0,department_store,0.1,0
user_199,2025-05-13 05:30:09.531172,67.53,restaurant,0.1,0
user_384,2025-05-13 05:53:19.531172,35.71,electronics,0.1,0
user_607,2025-05-13 06:00:41.531172,131.86,grocery,0.3,0
user_926,2025-05-13 06:17:33.531172,8.33,online_retail,0.6,0
user_45,2025-05-13 06:24:44.531172,5.0,grocery,0.1,0
user_617,2025-05-13 06:30:24.531172,5.0,gas_station,0.6,0
user_563,2025-05-13 07:07:53.531172,21.98,online_retail,0.1,0
user_421,2025-05-13 07:31:24.531172,15.9,electronics,0.1,0
user_29,2025-05-13 07:35:50.531172,5.9,online_retail,0.6,0
user_784,2025-05-13 07:36:12.531172,55.65,department_store,0.1,0
user_836,2025-05-13 07:44:45.531172,82.15,restaurant,0.3,0
user_274,2025-05-13 08:00:10.531172,15.11,pharmacy,0.3,0
user_27,2025-05-13 08:02:46.531172,8.71,department_store,0.3,0
user_992,2025-05-13 08:39:08.531172,5.0,entertainment,0.1,0
user_362,2025-05-13 09:04:02.531172,136.46,gas_station,0.3,0
user_736,2025-05-13 09:04:08.531172,359.66,restaurant,0.1,0
user_130,2025-05-13 09:06:24.531172,13.97,jewelry,0.3,0
user_812,2025-05-13 09:15:42.531172,449.84,restaurant,0.3,0
user_434,2025-05-13 09:49:47.531172,5.0,grocery,0.1,0
user_150,2025-05-13 09:55:07.531172,5.0,pharmacy,0.3,0
user_265,2025-05-13 10:04:41.531172,5.0,online_retail,0.1,0
user_253,2025-05-13 10:17:27.531172,25.63,gas_station,0.3,0
user_102,2025-05-13 10:45:30.531172,5.47,restaurant,0.3,0
user_833,2025-05-13 10:56:41.531172,25.95,entertainment,0.7,0
user_614,2025-05-13 10:59:11.531172,7.53,department_store,0.1,0
user_219,2025-05-13 11:05:48.531172,84.33,gas_station,0.1,0
user_951,2025-05-13 11:10:10.531172,6.4,restaurant,0.1,0
user_860,2025-05-13 11:12:19.531172,20.68,entertainment,0.1,0
user_151,2025-05-13 11:15:30.531172,50.1,gas_station,0.1,0
user_198,2025-05-13 11:23:26.531172,9.78,department_store,0.6,0
user_231,2025-05-13 11:44:33.531172,5.0,pharmacy,0.1,0
user_292,2025-05-13 11:47:12.531172,8.08,grocery,0.6,0
user_193,2025-05-13 12:09:42.531172,13.62,electronics,0.1,0
user_846,2025-05-13 12:41:06.531172,5.0,entertainment,0.3,0
user_677,2025-05-13 12:58:02.531172,5.0,restaurant,0.1,0
user_179,2025-05-13 13:21:46.531172,80.98,gas_station,0.1,0
user_301,2025-05-13 13:29:04.531172,5.0,grocery,0.3,0
user_38,2025-05-13 14:01:27.531172,21.35,entertainment,0.7,1
user_193,2025-05-13 14:13:09.531172,17.43,pharmacy,0.1,0
user_815,2025-05-13 14:17:59.531172,23.36,online_retail,0.1,0
user_141,2025-05-13 14:21:59.531172,5.0,gas_station,0.1,0
user_956,2025-05-13 14:48:12.531172,7.67,pharmacy,0.3,0
user_230,2025-05-13 14:51:38.531172,697.93,grocery,0.1,0
user_904,2025-05-13 14:57:29.531172,25.66,gas_station,0.3,0
user_914,2025-05-13 15:49:07.531172,15.81,online_retail,0.1,0
user_671,2025-05-13 15:54:10.531172,26.97,entertainment,0.1,0
user_275,2025-05-13 16:01:54.531172,7.65,electronics,0.3,0
user_536,2025-05-13 16:13:18.531172,50.08,jewelry,0.7,1
user_972,2025-05-13 16:15:54.531172,5.0,online_retail,0.6,0
user_290,2025-05-13 16:43:13.531172,26.91,grocery,0.1,0
user_310,2025-05-13 16:43:39.531172,21.28,airline,0.1,0
user_557,2025-05-13 16:44:10.531172,57.13,grocery,0.1,0
user_951,2025-05-13 16:47:24.531172,54.53,pharmacy,0.1,0
user_293,2025-05-13 17:11:11.531172,66.92,electronics,0.7,1
user_307,2025-05-13 17:14:13.531172,41.36,pharmacy,0.3,0
user_962,2025-05-13 17:39:02.531172,8.36,online_retail,0.1,0
user_93,2025-05-13 17:46:36.531172,80.04,gas_station,0.3,0
user_959,2025-05-13 17:47:58.531172,22.74,hotel,0.3,0
user_640,2025-05-13 18:08:15.531172,26.73,online_retail,0.1,0
user_893,2025-05-13 18:13:31.531172,5.0,online_retail,0.3,0
user_366,2025-05-13 18:30:33.531172,5.0,hotel,0.1,0
user_789,2025-05-13 18:35:38.531172,159.2,pharmacy,0.3,0
user_135,2025-05-13 18:37:39.531172,5.0,pharmacy,0.1,0
user_424,2025-05-13 18:43:34.531172,70.6,restaurant,0.1,0
user_858,2025-05-13 18:54:24.531172,40.18,restaurant,0.1,0
user_890,2025-05-13 19:01:27.531172,43.56,airline,0.6,0
user_489,2025-05-13 19:03:15.531172,48.25,gas_station,0.6,0
user_488,2025-05-13 19:11:19.531172,11.88,grocery,0.3,0
user_804,2025-05-13 19:20:44.531172,88.99,online_retail,0.7,1
user_149,2025-05-13 19:21:33.531172,15.34,grocery,0.1,0
user_564,2025-05-13 19:48:18.531172,47.38,entertainment,0.3,0
user_257,2025-05-13 20:09:24.531172,8.21,entertainment,0.3,0
user_614,2025-05-13 20:20:46.531172,104.39,grocery,0.6,0
user_915,2025-05-13 20:29:23.531172,82.97,restaurant,0.1,0
user_615,2025-05-13 20:48:28.531172,18.19,restaurant,0.1,0
user_804,2025-05-13 20:59:06.531172,7.77,restaurant,0.6,0
user_445,2025-05-13 21:10:44.531172,229.98,electronics,0.3,0
user_302,2025-05-13 21:27:44.531172,12.63,restaurant,0.1,0
user_564,2025-05-13 21:30:24.531172,14.53,pharmacy,0.1,0
user_990,2025-05-13 21:46:20.531172,74.74,jewelry,0.1,0
user_656,2025-05-13 22:37:55.531172,5.0,restaurant,0.1,0
user_730,2025-05-13 22:44:41.531172,19.89,online_retail,0.1,0
user_938,2025-05-13 22:46:54.531172,5.0,gas_station,0.1,0
user_746,2025-05-13 22:48:59.531172,28.95,restaurant,0.1,0
user_985,2025-05-13 22:59:24.531172,26.65,online_retail,0.1,0
user_475,2025-05-13 23:11:37.531172,5.0,gas_station,0.3,0
user_754,2025-05-13 23:32:11.531172,84.61,restaurant,0.1,0
user_209,2025-05-14 00:09:04.531172,5.0,restaurant,0.3,0
user_110,2025-05-14 00:20:21.531172,14.6,restaurant,0.1,0
user_754,2025-05-14 01:13:44.531172,5.0,grocery,0.1,0
user_95,2025-05-14 01:29:48.531172,5.54,online_retail,0.1,0
user_165,2025-05-14 01:48:35.531172,13.02,restaurant,0.1,0
user_26,2025-05-14 01:54:08.531172,78.79,department_store,0.1,0
user_756,2025-05-14 02:25:59.531172,76.02,grocery,0.3,0
user_176,2025-05-14 02:26:30.531172,5.0,department_store,0.1,0
user_466,2025-05-14 02:36:49.531172,5.0,online_retail,0.1,0
user_696,2025-05-14 02:52:12.531172,5.0,gas_station,0.7,0
user_836,2025-05-14 03:18:09.531172,38.53,online_retail,0.3,0
user_254,2025-05-14 03:39:45.531172,12.45,pharmacy,0.1,0
user_795,2025-05-14 03:45:37.531172,61.48,grocery,0.3,0
user_389,2025-05-14 03:55:27.531172,223.75,department_store,0.1,0
user_834,2025-05-14 03:59:18.531172,6.22,pharmacy,0.4,0
user_153,2025-05-14 04:33:32.531172,26.14,grocery,0.1,0
user_108,2025-05-14 04:56:47.531172,6.92,online_retail,0.1,0
user_528,2025-05-14 05:07:56.531172,7.72,airline,0.1,0
user_297,2025-05-14 05:35:17.531172,7.38,restaurant,0.1,0
user_811,2025-05-14 06:24:49.531172,5.0,gas_station,0.1,0
user_472,2025-05-14 06:35:20.531172,214.0,department_store,0.1,0
user_873,2025-05-14 06:37:15.531172,85.46,electronics,0.3,0
user_429,2025-05-14 06:44:44.531172,164.0,car_rental,0.1,0
user_909,2025-05-14 06:50:09.531172,5.0,hotel,0.1,0
user_250,2025-05-14 06:53:53.531172,5.0,car_rental,0.1,0
user_412,2025-05-14 06:58:56.531172,14.74,pharmacy,0.1,0
user_282,2025-05-14 08:07:09.531172,31.96,restaurant,0.1,0
user_6,2025-05-14 08:37:41.531172,18.22,hotel,0.1,0
user_752,2025-05-14 09:03:10.531172,27.23,pharmacy,0.1,0
user_274,2025-05-14 09:05:25.531172,5.24,grocery,0.6,0
user_576,2025-05-14 09:08:18.531172,101.76,gas_station,0.1,0
user_165,2025-05-14 09:30:21.531172,13.43,restaurant,0.1,0
user_717,2025-05-14 09:34:09.531172,18.55,gas_station,0.3,0
user_216,2025-05-14 10:22:34.531172,60.87,electronics,0.9,1
user_943,2025-05-14 10:25:46.531172,214.04,department_store,0.6,0
user_158,2025-05-14 10:32:50.531172,35.96,hotel,0.1,0
user_895,2025-05-14 10:33:29.531172,23.98,hotel,0.1,0
user_209,2025-05-14 10:34:34.531172,18.59,grocery,0.1,0
user_424,2025-05-14 10:38:51.531172,100.27,department_store,0.7,0
user_881,2025-05-14 10:57:43.531172,16.91,restaurant,0.1,0
user_199,2025-05-14 11:09:47.531172,21.55,department_store,0.3,0
user_6,2025-05-14 11:16:29.531172,112.41,online_retail,0.1,0
user_116,2025-05-14 11:33:27.531172,56.58,grocery,0.4,0
user_564,2025-05-14 11:48:26.531172,10.18,entertainment,0.1,0
user_499,2025-05-14 11:56:46.531172,33.0,online_retail,0.1,0
user_418,2025-05-14 12:01:02.531172,16.04,online_retail,0.1,0
user_554,2025-05-14 12:06:24.531172,72.57,grocery,0.4,0
user_164,2025-05-14 12:16:10.531172,43.6,grocery,0.7,0
user_104,2025-05-14 12:30:50.531172,36.44,grocery,0.1,0
user_145,2025-05-14 12:41:10.531172,59.07,car_rental,0.1,0
user_910,2025-05-14 12:44:58.531172,5.0,pharmacy,0.1,0
user_762,2025-05-14 12:47:28.531172,65.31,entertainment,0.6,0
user_378,2025-05-14 12:51:07.531172,36.37,restaurant,0.1,0
user_751,2025-05-14 12:55:24.531172,7.39,online_retail,0.1,0
user_708,2025-05-14 13:00:37.531172,44.71,hotel,0.1,0
user_909,2025-05-14 13:01:57.531172,13.04,gas_station,0.1,0
user_100,2025-05-14 13:02:06.531172,22.86,online_retail,0.1,0
user_752,2025-05-14 13:29:28.531172,57.26,grocery,0.1,0
user_554,2025-05-14 13:59:39.531172,6.04,electronics,0.1,0
user_24,2025-05-14 14:20:11.531172,43.07,grocery,0.1,0
user_680,2025-05-14 14:21:08.531172,47.47,gas_station,0.3,0
user_672,2025-05-14 14:26:54.531172,5.0,restaurant,0.3,0
user_466,2025-05-14 14:33:36.531172,56.78,online_retail,0.6,0
user_192,2025-05-14 14:59:08.531172,20.84,gas_station,0.1,0
user_775,2025-05-14 15:49:56.531172,5.0,grocery,0.1,0
user_398,2025-05-14 16:08:58.531172,25.83,gas_station,0.6,0
user_862,2025-05-14 16:18:24.531172,5.0,gas_station,0.1,0
user_54,2025-05-14 16:38:01.531172,108.12,online_retail,0.4,0
user_708,2025-05-14 16:44:07.531172,8.02,grocery,0.1,0
user_227,2025-05-14 17:06:50.531172,5.0,grocery,0.1,0
user_90,2025-05-14 17:37:45.531172,30.12,gas_station,0.1,0
user_419,2025-05-14 17:40:21.531172,76.9,entertainment,0.1,0
user_154,2025-05-14 17:47:51.531172,5.0,grocery,0.1,0
user_652,2025-05-14 18:02:16.531172,61.95,online_retail,0.3,0
user_110,2025-05-14 18:04:49.531172,115.25,airline,0.3,0
user_932,2025-05-14 18:09:34.531172,67.34,grocery,0.1,0
user_4,2025-05-14 18:15:03.531172,6.98,online_retail,0.1,0
user_313,2025-05-14 18:16:52.531172,5.35,restaurant,0.3,0
user_842,2025-05-14 18:19:30.531172,5.43,grocery,0.6,0
user_631,2025-05-14 18:38:34.531172,43.15,entertainment,0.1,0
user_728,2025-05-14 18:40:32.531172,5.0,gas_station,0.3,0
user_206,2025-05-14 18:43:11.531172,60.53,electronics,0.3,0
user_47,2025-05-14 18:48:00.531172,311.06,jewelry,0.1,0
user_53,2025-05-14 18:56:05.531172,570.92,department_store,0.1,0
user_439,2025-05-14 19:24:37.531172,27.33,grocery,0.1,0
user_373,2025-05-14 19:56:29.531172,9.05,restaurant,0.1,0
user_958,2025-05-14 19:59:20.531172,26.56,online_retail,0.1,0
user_551,2025-05-14 20:25:58.531172,25.97,electronics,0.3,0
user_763,2025-05-14 20:48:50.531172,5.0,online_retail,0.1,0
user_544,2025-05-14 21:15:03.531172,5.0,grocery,0.1,0
user_369,2025-05-14 21:34:52.531172,35.46,department_store,0.1,0
user_31,2025-05-14 21:38:24.531172,11.54,hotel,0.3,0
user_10,2025-05-14 21:39:17.531172,10.8,restaurant,0.3,0
user_110,2025-05-14 21:42:44.531172,37.75,online_retail,0.6,0
user_326,2025-05-14 21:49:26.531172,226.93,online_retail,0.1,0
user_70,2025-05-14 21:51:34.531172,25.42,pharmacy,0.1,0
user_918,2025-05-14 21:52:11.531172,64.01,gas_station,0.1,0
user_635,2025-05-14 22:03:10.531172,191.54,online_retail,0.1,0
user_935,2025-05-14 22:03:51.531172,33.79,grocery,0.1,0
user_666,2025-05-14 22:17:27.531172,17.93,grocery,0.6,0
user_538,2025-05-14 22:35:07.531172,55.73,restaurant,0.1,0
user_178,2025-05-14 22:47:17.531172,5.0,gas_station,0.1,0
user_922,2025-05-14 23:05:17.531172,6.95,grocery,0.1,0
user_987,2025-05-14 23:09:12.531172,9.02,online_retail,0.1,0
user_902,2025-05-14 23:13:59.531172,59.39,grocery,0.1,0
user_279,2025-05-14 23:35:21.531172,105.46,gas_station,0.3,0
user_661,2025-05-14 23:39:31.531172,7.91,restaurant,0.6,0
user_208,2025-05-14 23:41:28.531172,56.98,grocery,0.3,0
user_211,2025-05-14 23:52:07.531172,59.15,gas_station,0.1,0
user_228,2025-05-15 00:21:32.531172,79.53,department_store,0.3,0
user_637,2025-05-15 00:48:57.531172,5.69,grocery,0.3,0
user_440,2025-05-15 01:13:35.531172,5.0,airline,0.1,0
user_104,2025-05-15 01:15:06.531172,102.29,gas_station,0.1,0
user_678,2025-05-15 01:43:32.531172,98.31,grocery,0.3,0
user_122,2025-05-15 01:49:40.531172,7.63,jewelry,0.9,1
user_607,2025-05-15 01:53:50.531172,5.0,hotel,0.3,0
user_755,2025-05-15 02:32:09.531172,5.11,grocery,0.3,0
user_15,2025-05-15 02:32:47.531172,42.06,pharmacy,0.1,0
user_740,2025-05-15 03:03:35.531172,5.0,hotel,0.1,0
user_951,2025-05-15 03:10:46.531172,10.84,restaurant,0.1,0
user_402,2025-05-15 03:13:49.531172,41.75,pharmacy,0.3,0
user_517,2025-05-15 03:28:11.531172,191.1,grocery,0.1,0
user_303,2025-05-15 03:30:54.531172,18.54,car_rental,0.1,0
user_620,2025-05-15 03:43:06.531172,83.46,online_retail,0.3,0
user_58,2025-05-15 03:56:56.531172,195.28,department_store,0.1,0
user_291,2025-05-15 04:02:03.531172,39.36,gas_station,0.1,0
user_537,2025-05-15 04:13:14.531172,275.56,grocery,0.3,0
user_21,2025-05-15 04:17:34.531172,5.0,gas_station,0.1,0
user_734,2025-05-15 04:27:00.531172,19.07,restaurant,0.1,0
user_854,2025-05-15 04:27:27.531172,43.87,airline,0.3,0
user_96,2025-05-15 04:29:22.531172,73.41,department_store,0.1,0
user_895,2025-05-15 05:18:19.531172,99.11,restaurant,0.3,0
user_87,2025-05-15 05:18:44.531172,11.98,grocery,0.6,0
user_794,2025-05-15 05:27:37.531172,18.98,electronics,0.1,0
user_805,2025-05-15 05:37:30.531172,49.68,restaurant,0.3,0
user_666,2025-05-15 05:44:12.531172,5.9,pharmacy,0.1,0
user_453,2025-05-15 06:11:58.531172,40.7,grocery,0.4,0
user_892,2025-05-15 06:16:17.531172,2000.0,entertainment,0.3,0
user_914,2025-05-15 06:19:35.531172,5.0,jewelry,0.1,0
user_814,2025-05-15 07:08:01.531172,84.49,grocery,0.1,0
user_32,2025-05-15 07:17:24.531172,15.56,hotel,0.3,0
user_953,2025-05-15 07:20:48.531172,100.75,car_rental,0.3,0
user_38,2025-05-15 07:35:57.531172,5.05,grocery,0.6,0
user_577,2025-05-15 07:36:47.531172,17.5,gas_station,0.4,0
user_746,2025-05-15 07:38:24.531172,34.81,grocery,0.1,0
user_764,2025-05-15 08:07:51.531172,110.32,gas_station,0.1,0
user_684,2025-05-15 08:11:31.531172,5.0,online_retail,0.1,0
user_104,2025-05-15 08:22:17.531172,7.34,grocery,0.1,0
user_776,2025-05-15 08:28:28.531172,17.23,online_retail,0.3,0
user_179,2025-05-15 08:50:23.531172,13.58,online_retail,0.1,0
user_425,2025-05-15 08:58:28.531172,8.22,online_retail,0.1,0
user_302,2025-05-15 09:11:08.531172,5.57,restaurant,0.1,0
user_984,2025-05-15 09:24:41.531172,5.0,jewelry,0.4,0
user_195,2025-05-15 09:32:06.531172,152.96,car_rental,0.6,0
user_209,2025-05-15 09:42:50.531172,176.08,department_store,0.3,0
user_265,2025-05-15 10:03:17.531172,7.56,online_retail,0.3,0
user_108,2025-05-15 10:18:50.531172,5.0,online_retail,0.1,0
user_534,2025-05-15 10:55:01.531172,46.97,grocery,0.1,0
user_982,2025-05-15 11:08:02.531172,9.8,online_retail,0.6,0
user_468,2025-05-15 11:15:20.531172,15.64,grocery,0.1,0
user_465,2025-05-15 11:21:10.531172,26.46,grocery,0.3,0
user_29,2025-05-15 11:27:56.531172,85.06,online_retail,0.1,0
user_506,2025-05-15 11:52:06.531172,1382.13,entertainment,0.9,1
user_641,2025-05-15 12:11:35.531172,37.08,restaurant,0.1,0
user_486,2025-05-15 12:20:28.531172,33.7,department_store,0.3,0
user_272,2025-05-15 12:22:28.531172,17.35,department_store,0.1,0
user_342,2025-05-15 12:26:16.531172,5.05,restaurant,0.7,0
user_71,2025-05-15 12:52:53.531172,11.51,hotel,0.1,0
user_294,2025-05-15 12:55:39.531172,236.65,entertainment,0.3,0
user_330,2025-05-15 13:03:46.531172,16.95,online_retail,0.3,0
user_526,2025-05-15 13:19:51.531172,36.68,gas_station,0.6,0
user_76,2025-05-15 13:28:43.531172,72.05,grocery,0.1,0
user_223,2025-05-15 13:43:20.531172,259.31,online_retail,0.1,0
user_841,2025-05-15 13:54:32.531172,77.07,department_store,0.3,0
user_782,2025-05-15 14:01:50.531172,28.13,pharmacy,0.4,0
user_850,2025-05-15 14:15:14.531172,161.12,grocery,0.6,0
user_66,2025-05-15 14:16:46.531172,21.4,gas_station,0.1,0
user_213,2025-05-15 14:20:51.531172,53.8,jewelry,0.9,1
user_546,2025-05-15 14:41:15.531172,86.46,department_store,0.1,0
user_699,2025-05-15 15:24:20.531172,14.81,grocery,0.3,0
user_1000,2025-05-15 15:48:50.531172,5.0,online_retail,0.3,0
user_408,2025-05-15 15:55:36.531172,12.0,restaurant,0.6,0
user_735,2025-05-15 15:58:36.531172,81.74,grocery,0.1,0
user_634,2025-05-15 16:01:04.531172,58.53,gas_station,0.1,0
user_320,2025-05-15 16:24:39.531172,6.36,department_store,0.1,0
user_912,2025-05-15 16:26:10.531172,34.13,department_store,0.4,0
user_870,2025-05-15 16:26:14.531172,27.21,grocery,0.4,0
user_199,2025-05-15 16:32:54.531172,5.0,department_store,0.1,0
user_660,2025-05-15 16:46:54.531172,28.22,department_store,0.3,0
user_15,2025-05-15 16:53:16.531172,140.38,restaurant,0.3,0
user_858,2025-05-15 17:16:32.531172,5.0,gas_station,0.1,0
user_713,2025-05-15 17:35:36.531172,11.74,restaurant,0.1,0
user_391,2025-05-15 17:47:17.531172,5.0,gas_station,0.3,0
user_808,2025-05-15 17:58:44.531172,74.24,restaurant,0.3,0
user_544,2025-05-15 18:01:14.531172,48.85,restaurant,0.1,0
user_140,2025-05-15 18:19:03.531172,5.0,entertainment,0.1,0
user_868,2025-05-15 18:28:57.531172,22.89,gas_station,0.1,0
user_264,2025-05-15 18:54:45.531172,5.88,department_store,0.3,0
user_899,2025-05-15 19:24:03.531172,5.0,car_rental,0.1,0
user_592,2025-05-15 19:24:58.531172,5.0,entertainment,0.1,0
user_996,2025-05-15 19:33:08.531172,30.02,grocery,0.7,0
user_329,2025-05-15 19:48:32.531172,26.33,entertainment,0.1,0
user_70,2025-05-15 20:27:20.531172,9.02,restaurant,0.1,0
user_292,2025-05-15 20:43:48.531172,29.06,restaurant,0.1,0
user_768,2025-05-15 21:03:26.531172,5.0,pharmacy,0.6,0
user_863,2025-05-15 21:05:32.531172,50.79,grocery,0.1,0
user_496,2025-05-15 21:12:17.531172,7.85,gas_station,0.4,0
user_839,2025-05-15 21:13:47.531172,5.0,online_retail,0.1,0
user_439,2025-05-15 21:14:57.531172,30.72,jewelry,0.1,0
user_968,2025-05-15 22:14:02.531172,20.29,entertainment,0.1,0
user_494,2025-05-15 22:39:44.531172,28.43,pharmacy,0.1,0
user_37,2025-05-15 22:53:10.531172,24.37,online_retail,0.3,0
user_998,2025-05-15 22:55:07.531172,5.0,pharmacy,0.6,0
user_231,2025-05-15 23:17:59.531172,28.92,restaurant,0.1,0
user_81,2025-05-16 00:05:35.531172,5.83,department_store,0.1,0
user_555,2025-05-16 00:14:00.531172,5.0,gas_station,0.1,0
user_843,2025-05-16 00:43:10.531172,22.4,entertainment,0.1,0
user_56,2025-05-16 00:43:36.531172,14.44,hotel,0.1,0
user_486,2025-05-16 00:52:40.531172,13.22,grocery,0.1,0
user_509,2025-05-16 00:53:21.531172,17.95,hotel,0.1,0
user_19,2025-05-16 01:03:48.531172,6.48,department_store,0.4,0
user_244,2025-05-16 01:08:02.531172,393.65,entertainment,0.1,0
user_812,2025-05-16 01:34:16.531172,5.0,pharmacy,0.1,0
user_931,2025-05-16 01:58:06.531172,79.23,restaurant,0.6,0
user_999,2025-05-16 02:22:03.531172,133.59,grocery,0.1,0
user_102,2025-05-16 02:22:54.531172,2072.16,online_retail,0.9,1
user_357,2025-05-16 02:41:00.531172,5.54,entertainment,0.4,0
user_557,2025-05-16 03:07:30.531172,15.46,department_store,0.1,0
user_881,2025-05-16 03:22:13.531172,13.75,grocery,0.1,0
user_782,2025-05-16 03:27:03.531172,105.88,grocery,0.1,0
user_117,2025-05-16 03:43:51.531172,26.48,online_retail,0.1,0
user_343,2025-05-16 03:44:38.531172,23.25,grocery,0.6,0
user_482,2025-05-16 03:48:56.531172,5.0,entertainment,0.4,0
user_222,2025-05-16 04:06:21.531172,10.09,restaurant,0.1,0
user_495,2025-05-16 04:36:22.531172,5.0,gas_station,0.4,0
user_485,2025-05-16 04:37:20.531172,5.0,restaurant,0.3,0
user_146,2025-05-16 04:40:20.531172,5.0,pharmacy,0.1,0
user_270,2025-05-16 05:15:03.531172,43.74,gas_station,0.3,0
user_561,2025-05-16 05:25:07.531172,5.0,gas_station,0.6,0
user_654,2025-05-16 05:32:47.531172,22.6,electronics,0.7,1
user_492,2025-05-16 05:46:41.531172,95.05,restaurant,0.3,0
user_216,2025-05-16 05:51:00.531172,11.1,car_rental,0.1,0
user_696,2025-05-16 05:52:32.531172,5.0,entertainment,0.6,0
user_376,2025-05-16 05:56:58.531172,124.25,pharmacy,0.1,0
user_96,2025-05-16 06:05:31.531172,6.17,restaurant,0.1,0
user_136,2025-05-16 06:15:26.531172,9.33,restaurant,0.1,0
user_204,2025-05-16 06:52:49.531172,5.0,department_store,0.1,0
user_795,2025-05-16 07:06:40.531172,23.54,department_store,0.6,0
user_472,2025-05-16 07:46:15.531172,166.34,hotel,0.7,0
user_322,2025-05-16 07:47:31.531172,14.86,department_store,0.3,0
user_241,2025-05-16 07:56:12.531172,16.35,electronics,0.1,0
user_565,2025-05-16 08:00:26.531172,1002.54,grocery,0.1,0
user_939,2025-05-16 08:08:57.531172,5.0,restaurant,0.1,0
user_54,2025-05-16 08:28:28.531172,123.92,online_retail,0.3,0
user_111,2025-05-16 08:49:57.531172,46.73,restaurant,0.3,0
user_666,2025-05-16 09:10:02.531172,14.76,grocery,0.3,0
user_556,2025-05-16 09:18:29.531172,7.04,online_retail,0.3,0
user_240,2025-05-16 09:21:08.531172,10.38,grocery,0.1,0
user_348,2025-05-16 10:57:05.531172,9.61,grocery,0.1,0
user_966,2025-05-16 10:57:15.531172,12.65,restaurant,0.3,0
user_125,2025-05-16 11:06:28.531172,9.53,grocery,0.3,0
user_286,2025-05-16 11:14:15.531172,25.78,department_store,0.1,0
user_451,2025-05-16 11:20:04.531172,84.62,grocery,0.6,0
user_388,2025-05-16 11:26:08.531172,173.22,gas_station,0.1,0
user_390,2025-05-16 11:52:15.531172,5.0,gas_station,0.1,0
user_116,2025-05-16 11:55:27.531172,15.24,gas_station,0.1,0
user_394,2025-05-16 12:08:42.531172,5.0,entertainment,0.1,0
user_455,2025-05-16 12:10:17.531172,27.64,entertainment,0.3,0
user_594,2025-05-16 12:21:48.531172,25.8,restaurant,0.1,0
user_718,2025-05-16 12:29:11.531172,21.75,pharmacy,0.1,0
user_421,2025-05-16 12:35:44.531172,34.16,entertainment,0.1,0
user_966,2025-05-16 12:39:54.531172,30.62,grocery,0.6,0
user_377,2025-05-16 12:44:08.531172,29.31,grocery,0.1,0
user_156,2025-05-16 12:55:02.531172,20.47,restaurant,0.1,0
user_701,2025-05-16 13:01:28.531172,17.35,online_retail,0.1,0
user_82,2025-05-16 13:11:28.531172,8.22,online_retail,0.1,0
user_513,2025-05-16 13:28:27.531172,8.56,department_store,0.3,0
user_933,2025-05-16 13:30:00.531172,5.0,restaurant,0.1,0
user_815,2025-05-16 13:38:15.531172,5.0,restaurant,0.1,0
user_357,2025-05-16 13:42:03.531172,22.95,jewelry,0.3,0
user_441,2025-05-16 13:49:21.531172,5.0,grocery,0.3,0
user_822,2025-05-16 13:58:30.531172,5.0,grocery,0.1,0
user_454,2025-05-16 13:58:56.531172,17.44,online_retail,0.1,0
user_934,2025-05-16 14:31:49.531172,25.55,grocery,0.1,0
user_935,2025-05-16 14:51:35.531172,6.63,online_retail,0.7,1
user_416,2025-05-16 15:19:11.531172,5.0,grocery,0.3,0
user_432,2025-05-16 15:21:29.531172,40.06,department_store,0.1,0
user_581,2025-05-16 15:21:37.531172,33.62,restaurant,0.1,0
user_127,2025-05-16 15:32:42.531172,5.0,department_store,0.3,0
user_85,2025-05-16 15:34:47.531172,5.0,grocery,0.1,0
user_423,2025-05-16 15:46:54.531172,46.92,hotel,0.1,0
user_151,2025-05-16 16:16:46.531172,13.1,grocery,0.1,0
user_870,2025-05-16 16:20:17.531172,5.0,jewelry,0.1,0
user_373,2025-05-16 16:24:57.531172,33.78,online_retail,0.1,0
user_815,2025-05-16 16:56:42.531172,194.05,department_store,0.1,0
user_421,2025-05-16 16:57:03.531172,35.88,online_retail,0.3,0
user_306,2025-05-16 17:38:15.531172,9.41,gas_station,0.1,0
user_92,2025-05-16 17:41:16.531172,56.37,entertainment,0.1,0
user_480,2025-05-16 18:20:21.531172,8.96,restaurant,0.6,0
user_560,2025-05-16 18:33:22.531172,193.19,gas_station,0.3,0
user_442,2025-05-16 18:34:51.531172,5.0,hotel,0.1,0
user_520,2025-05-16 18:59:25.531172,58.0,pharmacy,0.1,0
user_412,2025-05-16 19:07:40.531172,23.53,online_retail,0.3,0
user_485,2025-05-16 19:21:38.531172,40.24,hotel,0.1,0
user_855,2025-05-16 19:25:52.531172,18.78,jewelry,0.3,0
user_448,2025-05-16 19:30:03.531172,56.35,entertainment,0.1,0
user_929,2025-05-16 19:34:52.531172,96.72,grocery,0.3,0
user_681,2025-05-16 20:14:17.531172,158.81,grocery,0.1,0
user_292,2025-05-16 20:28:18.531172,6.29,online_retail,0.1,0
user_350,2025-05-16 20:32:29.531172,5.0,hotel,0.1,0
user_228,2025-05-16 20:52:41.531172,239.7,grocery,0.1,0
user_394,2025-05-16 20:56:01.531172,44.13,gas_station,0.1,0
user_263,2025-05-16 21:07:45.531172,18.1,grocery,0.1,0
user_260,2025-05-16 21:17:02.531172,37.47,gas_station,0.3,0
user_844,2025-05-16 21:20:36.531172,5.0,pharmacy,0.1,0
user_62,2025-05-16 21:25:26.531172,15.56,gas_station,0.3,0
user_472,2025-05-16 21:44:44.531172,5.0,grocery,0.1,0
user_255,2025-05-16 21:56:54.531172,6.47,pharmacy,0.1,0
user_59,2025-05-16 21:57:05.531172,5.0,gas_station,0.1,0
user_979,2025-05-16 22:30:40.531172,88.72,department_store,0.1,0
user_59,2025-05-16 22:36:57.531172,16.79,department_store,0.1,0
user_9,2025-05-17 00:03:37.531172,34.14,online_retail,0.6,0
user_806,2025-05-17 00:28:17.531172,5.0,gas_station,0.3,0
user_833,2025-05-17 00:46:51.531172,5.0,grocery,0.6,0
user_293,2025-05-17 00:49:04.531172,486.46,restaurant,0.3,0
user_268,2025-05-17 00:58:49.531172,71.37,restaurant,0.1,0
user_613,2025-05-17 01:10:33.531172,22.74,jewelry,0.7,1
user_146,2025-05-17 01:19:51.531172,87.09,restaurant,0.3,0
user_457,2025-05-17 01:47:42.531172,42.0,pharmacy,0.1,0
user_543,2025-05-17 01:53:12.531172,5.0,restaurant,0.1,0
user_337,2025-05-17 02:06:25.531172,23.08,gas_station,0.1,0
user_730,2025-05-17 02:10:50.531172,21.03,gas_station,0.1,0
user_75,2025-05-17 02:30:34.531172,5.0,grocery,0.3,0
user_773,2025-05-17 02:36:39.531172,6.01,restaurant,0.1,0
user_163,2025-05-17 02:37:12.531172,25.07,restaurant,0.1,0
user_721,2025-05-17 02:59:14.531172,16.81,entertainment,0.1,0
user_591,2025-05-17 03:07:22.531172,55.33,entertainment,0.3,0
user_616,2025-05-17 03:07:42.531172,178.78,gas_station,0.3,0
user_387,2025-05-17 03:35:54.531172,10.66,grocery,0.1,0
user_715,2025-05-17 03:43:38.531172,8.53,restaurant,0.1,0
user_16,2025-05-17 03:46:22.531172,46.21,gas_station,0.1,0
user_136,2025-05-17 04:09:12.531172,30.1,entertainment,0.1,0
user_648,2025-05-17 04:35:00.531172,9.16,department_store,0.1,0
user_34,2025-05-17 04:47:54.531172,5.0,grocery,0.1,0
user_38,2025-05-17 04:53:40.531172,14.66,grocery,0.1,0
user_457,2025-05-17 04:56:10.531172,73.27,grocery,0.1,0
user_715,2025-05-17 05:01:59.531172,15.88,gas_station,0.1,0
user_496,2025-05-17 05:03:43.531172,8.56,restaurant,0.3,0
user_958,2025-05-17 05:20:53.531172,45.01,restaurant,0.6,0
user_586,2025-05-17 05:26:35.531172,59.12,department_store,0.1,0
user_100,2025-05-17 05:29:25.531172,201.76,online_retail,0.1,0
user_731,2025-05-17 05:47:58.531172,5.0,restaurant,0.6,0
user_502,2025-05-17 06:07:22.531172,9.91,department_store,0.3,0
user_665,2025-05-17 06:08:35.531172,15.56,pharmacy,0.3,0
user_706,2025-05-17 06:08:48.531172,25.9,department_store,0.4,0
user_27,2025-05-17 06:08:50.531172,19.42,hotel,0.3,0
user_810,2025-05-17 06:46:19.531172,5.0,electronics,0.6,0
user_670,2025-05-17 06:49:29.531172,8.21,gas_station,0.3,0
user_6,2025-05-17 06:50:44.531172,11.45,online_retail,0.6,0
user_974,2025-05-17 06:53:39.531172,113.45,restaurant,0.3,0
user_456,2025-05-17 07:40:34.531172,11.32,car_rental,0.6,0
user_524,2025-05-17 08:09:26.531172,27.87,grocery,0.1,0
user_649,2025-05-17 08:20:51.531172,5.0,pharmacy,0.3,0
user_74,2025-05-17 08:25:14.531172,300.87,entertainment,0.6,0
user_947,2025-05-17 08:32:21.531172,5.0,restaurant,0.1,0
user_941,2025-05-17 08:44:33.531172,6.77,online_retail,0.1,0
user_204,2025-05-17 08:51:45.531172,45.74,department_store,0.1,0
user_671,2025-05-17 08:52:59.531172,18.27,online_retail,0.6,0
user_122,2025-05-17 09:01:06.531172,724.86,entertainment,0.1,0
user_340,2025-05-17 09:11:37.531172,10.55,online_retail,0.3,0
user_537,2025-05-17 09:16:31.531172,12.77,restaurant,0.1,0
user_425,2025-05-17 09:22:04.531172,232.25,department_store,0.4,0
user_325,2025-05-17 09:30:00.531172,20.28,entertainment,0.1,0
user_340,2025-05-17 09:43:39.531172,5.0,online_retail,0.1,0
user_56,2025-05-17 09:48:00.531172,117.92,airline,0.1,0
user_358,2025-05-17 09:52:08.531172,239.89,grocery,0.1,0
user_267,2025-05-17 10:06:36.531172,9.62,pharmacy,0.1,0
user_13,2025-05-17 10:25:39.531172,5.19,grocery,0.1,0
user_246,2025-05-17 10:41:22.531172,37.58,online_retail,0.1,0
user_781,2025-05-17 10:46:56.531172,68.71,restaurant,0.1,0
user_811,2025-05-17 10:47:04.531172,161.74,department_store,0.4,0
user_798,2025-05-17 10:49:19.531172,9.39,gas_station,0.1,0
user_865,2025-05-17 11:07:28.531172,9.01,grocery,0.1,0
user_508,2025-05-17 11:17:53.531172,5.62,online_retail,0.1,0
user_813,2025-05-17 11:20:44.531172,29.54,grocery,0.1,0
user_334,2025-05-17 11:36:08.531172,76.07,restaurant,0.6,0
user_883,2025-05-17 11:40:42.531172,15.77,online_retail,0.3,0
user_933,2025-05-17 11:41:11.531172,54.66,hotel,0.1,0
user_281,2025-05-17 11:49:04.531172,178.22,car_rental,0.1,0
user_699,2025-05-17 12:00:11.531172,57.12,grocery,0.3,0
user_531,2025-05-17 12:00:53.531172,16.42,gas_station,0.1,0
user_721,2025-05-17 12:01:39.531172,226.89,restaurant,0.1,0
user_420,2025-05-17 12:15:07.531172,56.33,gas_station,0.1,0
user_787,2025-05-17 12:26:50.531172,10.98,restaurant,0.1,0
user_409,2025-05-17 12:31:14.531172,47.29,pharmacy,0.3,0
user_797,2025-05-17 12:37:11.531172,5.0,hotel,0.3,0
user_376,2025-05-17 12:52:47.531172,5.08,car_rental,0.1,0
user_984,2025-05-17 12:58:01.531172,8.1,department_store,0.3,0
user_162,2025-05-17 13:02:54.531172,55.45,entertainment,0.1,0
user_419,2025-05-17 13:09:27.531172,225.72,department_store,0.6,0
user_18,2025-05-17 13:27:26.531172,42.49,pharmacy,0.3,0
user_705,2025-05-17 13:44:48.531172,7.09,restaurant,0.1,0
user_200,2025-05-17 13:44:57.531172,49.07,pharmacy,0.1,0
user_708,2025-05-17 13:51:13.531172,5.68,entertainment,0.3,0
user_876,2025-05-17 14:07:39.531172,5.0,pharmacy,0.1,0
user_7,2025-05-17 14:25:58.531172,21.61,grocery,0.3,0
user_92,2025-05-17 14:26:18.531172,12.94,car_rental,0.3,0
user_115,2025-05-17 14:48:51.531172,20.73,restaurant,0.1,0
user_991,2025-05-17 14:51:25.531172,26.2,restaurant,0.1,0
user_962,2025-05-17 15:14:35.531172,10.41,grocery,0.3,0
user_673,2025-05-17 15:32:43.531172,112.14,gas_station,0.3,0
user_307,2025-05-17 15:38:17.531172,85.58,hotel,0.6,0
user_919,2025-05-17 15:52:15.531172,5.0,pharmacy,0.1,0
user_306,2025-05-17 16:09:47.531172,59.73,gas_station,0.1,0
user_939,2025-05-17 16:21:33.531172,105.5,gas_station,0.1,0
user_67,2025-05-17 16:30:48.531172,21.19,online_retail,0.1,0
user_663,2025-05-17 16:34:34.531172,5.0,gas_station,0.1,0
user_407,2025-05-17 16:52:33.531172,87.26,grocery,0.1,0
user_691,2025-05-17 17:10:01.531172,11.91,online_retail,0.3,0
user_661,2025-05-17 17:38:20.531172,11.55,entertainment,0.1,0
user_202,2025-05-17 17:42:19.531172,5.0,department_store,0.1,0
user_206,2025-05-17 17:49:45.531172,9.7,online_retail,0.1,0
user_581,2025-05-17 18:20:20.531172,11.13,restaurant,0.1,0
user_855,2025-05-17 19:07:42.531172,23.32,department_store,0.1,0
user_888,2025-05-17 19:15:52.531172,73.4,entertainment,0.3,0
user_790,2025-05-17 19:34:29.531172,16.86,grocery,0.3,0
user_434,2025-05-17 20:08:35.531172,19.39,pharmacy,0.1,0
user_388,2025-05-17 20:12:39.531172,47.21,online_retail,0.1,0
user_93,2025-05-17 20:20:50.531172,10.46,restaurant,0.3,0
user_572,2025-05-17 20:55:56.531172,27.42,department_store,0.1,0
user_579,2025-05-17 21:01:12.531172,144.61,pharmacy,0.1,0
user_745,2025-05-17 21:19:53.531172,14.35,online_retail,0.6,0
user_316,2025-05-17 21:20:40.531172,26.23,online_retail,0.1,0
user_192,2025-05-17 21:22:02.531172,174.67,grocery,0.1,0
user_898,2025-05-17 21:31:03.531172,5.0,restaurant,0.6,0
user_352,2025-05-17 21:40:22.531172,22.9,grocery,0.1,0
user_917,2025-05-17 21:52:39.531172,174.84,department_store,0.1,0
user_51,2025-05-17 22:40:28.531172,53.84,department_store,0.3,0
user_375,2025-05-17 22:51:30.531172,10.21,electronics,0.6,0
user_127,2025-05-17 23:13:39.531172,549.88,online_retail,0.1,0
user_452,2025-05-17 23:33:21.531172,5.0,entertainment,0.1,0
user_844,2025-05-17 23:51:27.531172,86.8,airline,0.1,0
user_310,2025-05-18 00:01:30.531172,5.0,car_rental,0.3,0
user_543,2025-05-18 00:03:47.531172,7.9,entertainment,0.3,0
user_591,2025-05-18 00:06:35.531172,44.31,grocery,0.1,0
user_272,2025-05-18 00:22:22.531172,5.0,jewelry,0.1,0
user_555,2025-05-18 00:26:32.531172,25.68,grocery,0.1,0
user_456,2025-05-18 00:55:57.531172,66.61,jewelry,0.1,0
user_505,2025-05-18 00:58:14.531172,16.57,airline,0.1,0
user_510,2025-05-18 00:59:17.531172,64.92,pharmacy,0.1,0
user_419,2025-05-18 01:22:21.531172,5.23,department_store,0.3,0
user_171,2025-05-18 01:46:56.531172,9.93,entertainment,0.1,0
user_587,2025-05-18 01:53:49.531172,5.0,hotel,0.1,0
user_733,2025-05-18 01:54:08.531172,13.92,gas_station,0.1,0
user_199,2025-05-18 02:08:21.531172,5.0,department_store,0.3,0
user_92,2025-05-18 02:19:25.531172,119.35,online_retail,0.1,0
user_819,2025-05-18 02:33:16.531172,49.71,grocery,0.6,0
user_636,2025-05-18 02:50:59.531172,56.41,restaurant,0.3,0
user_476,2025-05-18 03:08:51.531172,81.78,grocery,0.1,0
user_165,2025-05-18 03:12:48.531172,8.72,hotel,0.1,0
user_281,2025-05-18 03:19:47.531172,5.0,department_store,0.1,0
user_255,2025-05-18 03:30:41.531172,5.0,car_rental,0.1,0
user_722,2025-05-18 03:51:29.531172,53.22,gas_station,0.3,0
user_466,2025-05-18 03:52:28.531172,5.0,grocery,0.6,0
user_445,2025-05-18 04:00:04.531172,23.86,restaurant,0.3,0
user_59,2025-05-18 04:01:47.531172,5.0,hotel,0.1,0
user_125,2025-05-18 04:12:56.531172,114.82,department_store,0.1,0
user_933,2025-05-18 04:31:52.531172,91.16,online_retail,0.9,1
user_587,2025-05-18 04:37:59.531172,67.78,online_retail,0.1,0
user_9,2025-05-18 04:39:07.531172,7.8,restaurant,0.1,0
user_596,2025-05-18 04:53:15.531172,26.49,online_retail,0.3,0
user_620,2025-05-18 05:05:48.531172,15.53,grocery,0.1,0
user_678,2025-05-18 05:06:08.531172,5.0,grocery,0.3,0
user_80,2025-05-18 05:31:32.531172,5.0,pharmacy,0.6,0
user_271,2025-05-18 05:51:14.531172,14.3,department_store,0.1,0
user_40,2025-05-18 06:05:02.531172,3880.29,electronics,0.7,1
user_124,2025-05-18 06:12:19.531172,5.0,pharmacy,0.6,0
user_255,2025-05-18 06:19:34.531172,40.67,pharmacy,0.3,0
user_246,2025-05-18 06:19:58.531172,19.91,grocery,0.3,0
user_458,2025-05-18 06:37:36.531172,29.32,online_retail,0.1,0
user_162,2025-05-18 07:17:38.531172,1140.87,gas_station,0.1,0
user_998,2025-05-18 07:31:17.531172,156.84,gas_station,0.1,0
user_167,2025-05-18 07:35:31.531172,9.44,online_retail,0.1,0
user_431,2025-05-18 08:02:59.531172,43.98,jewelry,0.3,0
user_893,2025-05-18 08:09:00.531172,5.0,gas_station,0.1,0
user_474,2025-05-18 08:17:24.531172,56.3,restaurant,0.1,0
user_228,2025-05-18 09:06:58.531172,68.57,restaurant,0.1,0
user_688,2025-05-18 09:16:12.531172,29.23,online_retail,0.1,0
user_461,2025-05-18 09:25:03.531172,91.74,online_retail,0.1,0
user_190,2025-05-18 09:32:53.531172,7.96,restaurant,0.1,0
user_868,2025-05-18 09:40:51.531172,14.1,entertainment,0.1,0
user_896,2025-05-18 09:59:40.531172,47.52,restaurant,0.1,0
user_585,2025-05-18 10:20:16.531172,5.0,grocery,0.1,0
user_511,2025-05-18 10:25:32.531172,173.09,gas_station,0.1,0
user_159,2025-05-18 10:25:45.531172,7.63,department_store,0.1,0
user_963,2025-05-18 10:36:14.531172,29.72,department_store,0.1,0
user_673,2025-05-18 11:02:20.531172,5.0,restaurant,0.4,0
user_866,2025-05-18 11:10:37.531172,110.7,grocery,0.3,0
user_171,2025-05-18 11:31:34.531172,40.05,grocery,0.3,0
user_496,2025-05-18 11:36:10.531172,7.07,entertainment,0.3,0
user_771,2025-05-18 12:33:07.531172,6.29,grocery,0.3,0
user_829,2025-05-18 12:38:48.531172,5.0,grocery,0.1,0
user_273,2025-05-18 12:50:50.531172,185.21,grocery,0.1,0
user_919,2025-05-18 12:51:27.531172,61.84,grocery,0.6,0
user_975,2025-05-18 13:32:58.531172,58.83,online_retail,0.6,1
user_586,2025-05-18 13:42:49.531172,11.13,grocery,0.7,0
user_65,2025-05-18 13:43:36.531172,11.68,pharmacy,0.3,0
user_373,2025-05-18 13:48:57.531172,5.0,grocery,0.1,0
user_862,2025-05-18 14:06:41.531172,5.0,grocery,0.3,0
user_81,2025-05-18 14:16:51.531172,5.0,entertainment,0.1,0
user_525,2025-05-18 14:25:11.531172,56.6,restaurant,0.7,0
user_664,2025-05-18 14:27:53.531172,37.78,gas_station,0.1,0
user_404,2025-05-18 14:37:22.531172,5.0,restaurant,0.1,0
user_666,2025-05-18 15:08:26.531172,20.47,electronics,0.1,0
user_397,2025-05-18 15:17:27.531172,123.04,grocery,0.3,0
user_621,2025-05-18 15:37:00.531172,9.31,grocery,0.1,0
user_933,2025-05-18 16:12:40.531172,30.24,electronics,0.9,1
user_535,2025-05-18 16:14:07.531172,11.78,airline,0.3,0
user_889,2025-05-18 16:16:54.531172,6.88,grocery,0.1,0
user_666,2025-05-18 16:23:46.531172,127.52,restaurant,0.1,0
user_457,2025-05-18 16:46:10.531172,11.02,hotel,0.4,0
user_392,2025-05-18 16:58:14.531172,4317.84,online_retail,0.6,1
user_115,2025-05-18 16:59:36.531172,13.03,grocery,0.1,0
user_860,2025-05-18 17:01:34.531172,14.04,car_rental,0.3,0
user_522,2025-05-18 17:06:39.531172,316.76,pharmacy,0.1,0
user_810,2025-05-18 17:26:10.531172,10.0,department_store,0.3,0
user_8,2025-05-18 17:59:27.531172,183.24,restaurant,0.1,0
user_181,2025-05-18 18:00:31.531172,612.64,grocery,0.1,0
user_31,2025-05-18 18:07:20.531172,148.67,pharmacy,0.4,0
user_368,2025-05-18 18:27:02.531172,55.11,grocery,0.1,0
user_291,2025-05-18 19:09:48.531172,27.42,hotel,0.3,0
user_930,2025-05-18 19:32:10.531172,187.93,grocery,0.3,0
user_560,2025-05-18 19:37:51.531172,10.22,gas_station,0.1,0
user_964,2025-05-18 19:48:57.531172,8.33,department_store,0.1,0
user_265,2025-05-18 20:01:00.531172,35.63,hotel,0.6,0
user_8,2025-05-18 20:22:21.531172,213.24,gas_station,0.1,0
user_156,2025-05-18 20:33:50.531172,45.24,grocery,0.3,0
user_775,2025-05-18 20:37:15.531172,5.0,restaurant,0.3,0
user_298,2025-05-18 20:44:08.531172,12.37,grocery,0.1,0
user_758,2025-05-18 20:56:44.531172,8.87,grocery,0.1,0
user_188,2025-05-18 21:04:18.531172,19.24,grocery,0.6,0
user_334,2025-05-18 21:16:48.531172,5.0,entertainment,0.1,0
user_641,2025-05-18 21:25:36.531172,11.72,grocery,0.3,0
user_674,2025-05-18 21:47:30.531172,172.68,online_retail,0.1,0
user_258,2025-05-18 21:55:02.531172,24.33,gas_station,0.1,0
user_874,2025-05-18 21:56:07.531172,40.32,online_retail,0.3,0
user_496,2025-05-18 22:22:09.531172,44.32,gas_station,0.1,0
user_152,2025-05-18 22:26:46.531172,5.0,gas_station,0.1,0
user_722,2025-05-18 22:48:09.531172,5.26,entertainment,0.1,0
user_612,2025-05-18 22:49:43.531172,34.86,gas_station,0.1,0
user_990,2025-05-18 23:40:06.531172,5.0,entertainment,0.3,0
user_101,2025-05-18 23:50:41.531172,12.68,department_store,0.1,0
user_275,2025-05-18 23:52:22.531172,23.9,department_store,0.1,0
user_123,2025-05-18 23:56:36.531172,5.0,jewelry,0.1,0
user_791,2025-05-19 00:24:11.531172,30.62,grocery,0.3,0
user_929,2025-05-19 00:38:16.531172,5.0,entertainment,0.1,0
user_616,2025-05-19 00:46:42.531172,9.35,grocery,0.3,0
user_535,2025-05-19 00:47:13.531172,209.22,hotel,0.3,0
user_461,2025-05-19 00:56:49.531172,30.69,airline,0.1,0
user_408,2025-05-19 01:09:11.531172,16.7,grocery,0.1,0
user_88,2025-05-19 01:10:44.531172,79.44,pharmacy,0.1,0
user_325,2025-05-19 01:12:00.531172,11.69,gas_station,0.3,0
user_978,2025-05-19 01:17:41.531172,8.03,restaurant,0.7,0
user_606,2025-05-19 01:20:24.531172,5.0,department_store,0.9,0
user_805,2025-05-19 02:03:39.531172,5.0,department_store,0.1,0
user_236,2025-05-19 02:18:14.531172,12.77,car_rental,0.1,0
user_180,2025-05-19 02:42:23.531172,700.03,restaurant,0.1,0
user_659,2025-05-19 03:17:50.531172,80.8,airline,0.1,0
user_141,2025-05-19 03:57:42.531172,15.74,pharmacy,0.3,0
user_685,2025-05-19 04:07:00.531172,13.26,gas_station,0.3,0
user_519,2025-05-19 04:14:35.531172,72.9,grocery,0.1,0
user_267,2025-05-19 04:23:01.531172,5.0,grocery,0.1,0
user_901,2025-05-19 04:26:09.531172,5.0,online_retail,0.3,0
user_681,2025-05-19 04:28:49.531172,28.95,department_store,0.1,0
user_822,2025-05-19 04:34:48.531172,2019.13,jewelry,0.6,1
user_416,2025-05-19 04:45:25.531172,8.95,gas_station,0.1,0
user_545,2025-05-19 04:47:09.531172,5.0,restaurant,0.4,0
user_55,2025-05-19 04:51:54.531172,3.54,electronics,0.7,1
user_216,2025-05-19 05:08:20.531172,10.22,gas_station,0.1,0
user_832,2025-05-19 05:26:18.531172,5.0,grocery,0.1,0
user_364,2025-05-19 05:34:29.531172,12.73,department_store,0.3,0
user_557,2025-05-19 05:45:33.531172,373.35,online_retail,0.1,0
user_240,2025-05-19 06:00:27.531172,15.71,grocery,0.6,0
user_636,2025-05-19 06:12:55.531172,120.7,grocery,0.1,0
user_95,2025-05-19 06:18:09.531172,34.54,pharmacy,0.1,0
user_158,2025-05-19 06:28:18.531172,60.32,car_rental,0.1,0
user_677,2025-05-19 06:38:29.531172,20.8,restaurant,0.3,0
user_321,2025-05-19 06:55:35.531172,41.89,restaurant,0.3,0
user_133,2025-05-19 06:57:19.531172,161.18,grocery,0.1,0
user_629,2025-05-19 07:08:53.531172,47.4,electronics,0.6,1
user_53,2025-05-19 07:17:37.531172,5.0,grocery,0.1,0
user_536,2025-05-19 07:21:10.531172,72.18,entertainment,0.1,0
user_590,2025-05-19 07:21:35.531172,780.26,entertainment,0.3,0
user_290,2025-05-19 08:00:50.531172,532.53,online_retail,0.3,0
user_702,2025-05-19 08:10:39.531172,12.3,online_retail,0.3,0
user_635,2025-05-19 08:39:24.531172,5.0,restaurant,0.1,0
user_599,2025-05-19 08:51:41.531172,11.16,gas_station,0.3,0
user_81,2025-05-19 08:58:03.531172,64.5,airline,0.1,0
user_154,2025-05-19 09:00:39.531172,5.0,gas_station,0.3,0
user_688,2025-05-19 09:09:44.531172,69.45,online_retail,0.1,0
user_831,2025-05-19 09:20:26.531172,6.4,entertainment,0.6,0
user_788,2025-05-19 09:21:11.531172,10.52,entertainment,0.6,0
user_167,2025-05-19 09:28:49.531172,31.66,restaurant,0.1,0
user_401,2025-05-19 09:32:39.531172,17.76,pharmacy,0.3,0
user_243,2025-05-19 09:39:03.531172,20.67,restaurant,0.3,0
user_329,2025-05-19 09:40:13.531172,98.82,hotel,0.1,0
user_449,2025-05-19 09:45:56.531172,5.0,gas_station,0.1,0
user_781,2025-05-19 09:46:45.531172,133.94,gas_station,0.3,0
user_907,2025-05-19 09:50:22.531172,5.0,electronics,0.3,0
user_871,2025-05-19 09:51:48.531172,93.37,department_store,0.1,0
user_447,2025-05-19 10:06:53.531172,9.4,department_store,0.1,0
user_837,2025-05-19 10:08:51.531172,32.46,gas_station,0.3,0
user_949,2025-05-19 10:09:35.531172,26.18,restaurant,0.4,0
user_797,2025-05-19 10:50:06.531172,5.0,grocery,0.4,0
user_705,2025-05-19 11:05:16.531172,55.63,hotel,0.3,0
user_460,2025-05-19 11:08:30.531172,5.0,grocery,0.1,0
user_748,2025-05-19 11:36:53.531172,108.81,online_retail,0.3,0
user_460,2025-05-19 11:59:51.531172,5.8,grocery,0.3,0
user_586,2025-05-19 12:04:32.531172,5.0,gas_station,0.3,0
user_648,2025-05-19 12:16:01.531172,62.55,gas_station,0.1,0
user_111,2025-05-19 12:23:40.531172,29.98,gas_station,0.1,0
user_70,2025-05-19 12:42:03.531172,5.0,car_rental,0.3,0
user_64,2025-05-19 12:59:38.531172,35.13,grocery,0.3,0
user_114,2025-05-19 13:21:27.531172,8.36,restaurant,0.6,0
user_586,2025-05-19 13:23:40.531172,100.01,grocery,0.1,0
user_373,2025-05-19 13:24:52.531172,18.37,electronics,0.1,0
user_237,2025-05-19 13:32:40.531172,32.53,online_retail,0.3,0
user_622,2025-05-19 13:34:09.531172,69.82,pharmacy,0.4,0
user_235,2025-05-19 13:37:31.531172,8.16,hotel,0.1,0
user_925,2025-05-19 14:36:13.531172,20.55,department_store,0.3,0
user_106,2025-05-19 14:44:42.531172,5.0,restaurant,0.6,0
user_122,2025-05-19 14:55:48.531172,5.0,airline,0.1,0
user_589,2025-05-19 15:07:00.531172,5.0,gas_station,0.3,0
user_465,2025-05-19 15:36:22.531172,10.53,department_store,0.3,0
user_186,2025-05-19 15:41:56.531172,20.21,gas_station,0.1,0
user_714,2025-05-19 15:44:32.531172,44.0,department_store,0.1,0
user_387,2025-05-19 15:46:14.531172,30.62,jewelry,0.1,0
user_383,2025-05-19 15:52:47.531172,14.36,grocery,0.1,0
user_298,2025-05-19 16:08:30.531172,27.06,entertainment,0.1,0
user_41,2025-05-19 16:10:26.531172,5.0,jewelry,0.3,0
user_603,2025-05-19 16:12:15.531172,12.59,car_rental,0.1,0
user_939,2025-05-19 16:36:10.531172,211.56,department_store,0.4,0
user_4,2025-05-19 16:46:49.531172,5.82,gas_station,0.1,0
user_520,2025-05-19 16:55:00.531172,56.77,pharmacy,0.1,0
user_236,2025-05-19 17:15:15.531172,58.08,online_retail,0.1,0
user_392,2025-05-19 17:20:17.531172,22.39,entertainment,0.1,0
user_566,2025-05-19 17:24:03.531172,5.83,entertainment,0.1,0
user_66,2025-05-19 17:34:50.531172,7.56,pharmacy,0.4,0
user_119,2025-05-19 17:36:45.531172,5.0,grocery,0.1,0
user_657,2025-05-19 17:50:07.531172,109.21,grocery,0.1,0
user_786,2025-05-19 18:09:48.531172,270.65,restaurant,0.1,0
user_517,2025-05-19 18:14:10.531172,29.84,entertainment,0.1,0
user_839,2025-05-19 18:15:47.531172,37.91,restaurant,0.1,0
user_885,2025-05-19 18:40:37.531172,5.0,airline,0.1,0
user_545,2025-05-19 18:53:39.531172,5.0,department_store,0.3,0
user_438,2025-05-19 19:00:55.531172,21.45,gas_station,0.1,0
user_401,2025-05-19 20:02:07.531172,115.86,grocery,0.1,0
user_507,2025-05-19 20:11:10.531172,5.0,restaurant,0.1,0
user_934,2025-05-19 20:12:22.531172,24.84,entertainment,0.1,0
user_50,2025-05-19 20:18:23.531172,24.13,gas_station,0.1,0
user_379,2025-05-19 20:42:55.531172,77.43,grocery,0.4,0
user_76,2025-05-19 21:15:56.531172,152.42,electronics,0.1,0
user_29,2025-05-19 21:46:15.531172,12.43,gas_station,0.1,0
user_980,2025-05-19 21:57:19.531172,90.99,gas_station,0.6,0
user_136,2025-05-19 22:24:22.531172,32.96,gas_station,0.1,0
user_651,2025-05-19 22:30:23.531172,11.76,jewelry,0.1,0
user_531,2025-05-19 22:45:13.531172,6.88,grocery,0.1,0
user_861,2025-05-19 23:01:49.531172,15.34,online_retail,0.3,0
user_900,2025-05-19 23:10:50.531172,118.43,restaurant,0.1,0
user_839,2025-05-19 23:55:36.531172,135.17,hotel,0.1,0
user_558,2025-05-20 00:00:41.531172,92.98,pharmacy,0.1,0
user_700,2025-05-20 00:15:39.531172,41.33,pharmacy,0.1,0
user_424,2025-05-20 00:38:46.531172,10.35,restaurant,0.3,0
user_567,2025-05-20 01:22:15.531172,11.59,online_retail,0.1,0
user_521,2025-05-20 01:22:59.531172,38.88,grocery,0.1,0
user_868,2025-05-20 01:27:08.531172,5.0,online_retail,0.3,0
user_330,2025-05-20 02:00:06.531172,19.06,online_retail,0.3,0
user_138,2025-05-20 02:05:23.531172,65.69,gas_station,0.1,0
user_817,2025-05-20 02:05:52.531172,23.94,gas_station,0.1,0
user_167,2025-05-20 02:17:06.531172,13.18,online_retail,0.6,0
user_69,2025-05-20 02:36:59.531172,995.97,electronics,0.1,0
user_501,2025-05-20 02:54:06.531172,5.52,grocery,0.1,0
user_30,2025-05-20 03:06:38.531172,21.61,gas_station,0.1,0
user_575,2025-05-20 03:10:45.531172,69.33,grocery,0.1,0
user_585,2025-05-20 03:45:53.531172,12.19,gas_station,0.1,0
user_870,2025-05-20 03:48:30.531172,120.3,gas_station,0.1,0
user_578,2025-05-20 04:26:38.531172,13.87,gas_station,0.3,0
user_431,2025-05-20 04:33:16.531172,235.81,department_store,0.1,0
user_18,2025-05-20 04:36:46.531172,5.0,grocery,0.1,0
user_621,2025-05-20 04:45:46.531172,22.82,department_store,0.3,0
user_758,2025-05-20 04:53:34.531172,5.6,department_store,0.1,0
user_306,2025-05-20 05:37:59.531172,71.83,grocery,0.3,0
user_799,2025-05-20 06:20:56.531172,5.0,gas_station,0.3,0
user_585,2025-05-20 06:28:28.531172,14.45,pharmacy,0.3,0
user_729,2025-05-20 06:38:19.531172,66.85,pharmacy,0.1,0
user_258,2025-05-20 06:46:02.531172,10.27,pharmacy,0.1,0
user_681,2025-05-20 06:54:03.531172,25.2,online_retail,0.1,0
user_152,2025-05-20 07:10:14.531172,26.38,restaurant,0.1,0
user_538,2025-05-20 07:13:42.531172,29.67,gas_station,0.1,0
user_210,2025-05-20 07:15:21.531172,367.26,hotel,0.1,0
user_83,2025-05-20 07:21:50.531172,17.78,entertainment,0.1,0
user_335,2025-05-20 07:28:41.531172,9.73,grocery,0.1,0
user_213,2025-05-20 07:38:17.531172,233.75,online_retail,0.1,0
user_421,2025-05-20 08:20:56.531172,144.9,department_store,0.1,0
user_927,2025-05-20 08:52:25.531172,29.7,online_retail,0.4,0
user_570,2025-05-20 08:56:53.531172,7.97,hotel,0.3,0
user_776,2025-05-20 08:56:56.531172,13.81,grocery,0.3,0
user_58,2025-05-20 09:00:01.531172,1103.25,entertainment,0.3,0
user_854,2025-05-20 09:48:45.531172,10.75,gas_station,0.1,0
user_745,2025-05-20 09:59:10.531172,129.24,gas_station,0.1,0
user_804,2025-05-20 10:27:44.531172,6.8,grocery,0.3,0
user_373,2025-05-20 10:36:47.531172,56.34,department_store,0.1,0
user_795,2025-05-20 11:25:00.531172,48.78,grocery,0.6,0
user_375,2025-05-20 11:35:42.531172,5.0,pharmacy,0.1,0
user_625,2025-05-20 11:54:44.531172,23.51,online_retail,0.3,0
user_985,2025-05-20 12:21:30.531172,42.43,hotel,0.1,0
user_402,2025-05-20 12:29:49.531172,74.4,entertainment,0.1,0
user_805,2025-05-20 12:36:46.531172,21.06,department_store,0.3,0
user_821,2025-05-20 12:39:13.531172,20.35,gas_station,0.6,0
user_932,2025-05-20 12:42:25.531172,50.6,grocery,0.1,0
user_551,2025-05-20 12:54:02.531172,20.68,entertainment,0.1,0
user_139,2025-05-20 12:55:10.531172,18.01,grocery,0.1,0
user_968,2025-05-20 13:19:42.531172,1369.2,electronics,0.1,0
user_660,2025-05-20 13:30:16.531172,5.0,online_retail,0.1,0
user_49,2025-05-20 13:31:38.531172,89.33,grocery,0.1,0
user_502,2025-05-20 13:41:44.531172,8.27,electronics,0.3,0
user_98,2025-05-20 14:02:55.531172,6.07,online_retail,0.1,0
user_356,2025-05-20 14:26:04.531172,109.88,airline,0.3,0
user_946,2025-05-20 14:55:41.531172,27.6,online_retail,0.1,0
user_929,2025-05-20 15:08:29.531172,85.27,gas_station,0.1,0
user_611,2025-05-20 15:17:04.531172,10.02,restaurant,0.7,0
user_321,2025-05-20 15:26:43.531172,47.54,department_store,0.6,0
user_125,2025-05-20 15:29:23.531172,17.16,restaurant,0.1,0
user_838,2025-05-20 15:33:14.531172,20.99,grocery,0.3,0
user_806,2025-05-20 15:50:44.531172,70.98,airline,0.3,0
user_840,2025-05-20 15:54:46.531172,25.46,restaurant,0.6,0
user_918,2025-05-20 16:20:06.531172,93.47,gas_station,0.1,0
user_810,2025-05-20 16:25:59.531172,11.76,online_retail,0.4,0
user_585,2025-05-20 16:29:42.531172,38.14,online_retail,0.3,0
user_426,2025-05-20 16:36:29.531172,17.86,restaurant,0.6,0
user_310,2025-05-20 16:43:04.531172,103.19,gas_station,0.3,0
user_798,2025-05-20 16:55:03.531172,40.24,grocery,0.3,0
user_147,2025-05-20 16:59:06.531172,64.21,grocery,0.1,0
user_692,2025-05-20 17:25:04.531172,205.83,grocery,0.1,0
user_742,2025-05-20 17:25:17.531172,101.97,grocery,0.7,0
user_226,2025-05-20 18:02:17.531172,41.51,gas_station,0.6,0
user_92,2025-05-20 18:08:05.531172,5.94,grocery,0.1,0
user_110,2025-05-20 18:09:08.531172,5.0,gas_station,0.1,0
user_482,2025-05-20 18:15:38.531172,126.15,car_rental,0.7,0
user_922,2025-05-20 18:20:59.531172,71.75,online_retail,0.1,0
user_443,2025-05-20 18:46:53.531172,5.0,grocery,0.1,0
user_7,2025-05-20 19:02:12.531172,14.29,airline,0.1,0
user_81,2025-05-20 19:12:39.531172,5.0,restaurant,0.6,0
user_40,2025-05-20 19:16:18.531172,18.26,restaurant,0.3,0
user_675,2025-05-20 19:18:07.531172,5.0,gas_station,0.3,0
user_759,2025-05-20 19:18:30.531172,71.45,department_store,0.1,0
user_241,2025-05-20 19:31:17.531172,6.99,restaurant,0.1,0
user_108,2025-05-20 20:36:58.531172,5.0,grocery,0.6,0
user_247,2025-05-20 21:15:25.531172,63.49,gas_station,0.1,0
user_815,2025-05-20 21:50:36.531172,14.34,restaurant,0.1,0
user_518,2025-05-20 21:57:01.531172,19.19,pharmacy,0.3,0
user_790,2025-05-20 22:06:50.531172,42.49,hotel,0.3,0
user_171,2025-05-20 22:11:27.531172,5.0,department_store,0.6,0
user_459,2025-05-20 22:17:45.531172,6.84,pharmacy,0.1,0
user_697,2025-05-20 23:08:35.531172,5.0,grocery,0.1,0
user_710,2025-05-20 23:12:39.531172,29.91,restaurant,0.1,0
user_835,2025-05-20 23:14:07.531172,5.0,online_retail,0.1,0
user_887,2025-05-20 23:15:44.531172,5.0,airline,0.6,0
user_370,2025-05-20 23:23:06.531172,119.17,grocery,0.1,0
user_621,2025-05-20 23:59:32.531172,42.11,entertainment,0.9,0
user_514,2025-05-21 00:16:08.531172,67.36,online_retail,0.7,1
user_451,2025-05-21 00:30:28.531172,20.63,gas_station,0.1,0
user_982,2025-05-21 00:43:58.531172,8.26,pharmacy,0.1,0
user_317,2025-05-21 00:47:15.531172,11.02,jewelry,0.1,0
user_528,2025-05-21 00:56:13.531172,21.7,hotel,0.1,0
user_988,2025-05-21 00:58:23.531172,11.61,online_retail,0.3,0
user_361,2025-05-21 01:07:46.531172,5.0,department_store,0.1,0
user_49,2025-05-21 01:21:05.531172,18.69,restaurant,0.1,0
user_198,2025-05-21 01:30:02.531172,19.07,restaurant,0.3,0
user_682,2025-05-21 01:30:47.531172,23.1,gas_station,0.1,0
user_436,2025-05-21 01:59:54.531172,2634.11,online_retail,0.6,1
user_354,2025-05-21 02:05:05.531172,5.0,pharmacy,0.1,0
user_465,2025-05-21 02:06:59.531172,25.99,gas_station,0.1,0
user_476,2025-05-21 02:09:01.531172,24.41,entertainment,0.1,0
user_887,2025-05-21 02:33:08.531172,190.28,jewelry,0.3,0
user_96,2025-05-21 02:35:00.531172,12.6,restaurant,0.6,0
user_562,2025-05-21 03:11:27.531172,5.0,restaurant,0.1,0
user_845,2025-05-21 03:17:49.531172,129.79,entertainment,0.3,0
user_764,2025-05-21 03:32:30.531172,5.0,department_store,0.1,0
user_799,2025-05-21 03:45:20.531172,40.0,gas_station,0.1,0
user_507,2025-05-21 04:15:59.531172,8.49,online_retail,0.3,0
user_500,2025-05-21 04:19:49.531172,30.48,gas_station,0.3,0
user_585,2025-05-21 04:36:18.531172,40.02,gas_station,0.1,0
user_903,2025-05-21 04:47:11.531172,8.26,restaurant,0.1,0
user_525,2025-05-21 04:56:25.531172,5.0,grocery,0.1,0
user_497,2025-05-21 05:27:36.531172,19.98,grocery,0.6,0
user_799,2025-05-21 05:33:10.531172,6.5,hotel,0.3,0
user_966,2025-05-21 05:37:26.531172,7.83,department_store,0.1,0
user_211,2025-05-21 05:48:13.531172,68.94,entertainment,0.1,0
user_355,2025-05-21 05:52:39.531172,130.14,airline,0.6,0
user_679,2025-05-21 06:07:44.531172,22.54,car_rental,0.3,0
user_521,2025-05-21 06:22:56.531172,71.37,restaurant,0.3,0
user_844,2025-05-21 06:25:51.531172,5.0,grocery,0.3,0
user_311,2025-05-21 06:30:28.531172,245.11,online_retail,0.1,0
user_394,2025-05-21 06:34:40.531172,203.83,online_retail,0.3,0
user_672,2025-05-21 06:49:30.531172,2540.86,jewelry,0.9,1
user_117,2025-05-21 06:53:13.531172,115.29,restaurant,0.1,0
user_473,2025-05-21 06:58:40.531172,47.27,gas_station,0.1,0
user_89,2025-05-21 07:01:00.531172,5.0,restaurant,0.1,0
user_977,2025-05-21 07:13:49.531172,5.0,grocery,0.3,0
user_294,2025-05-21 07:15:49.531172,9.71,gas_station,0.3,0
user_596,2025-05-21 07:16:47.531172,146.63,grocery,0.3,0
user_136,2025-05-21 08:03:55.531172,12.57,gas_station,0.6,0
user_522,2025-05-21 08:18:26.531172,17.01,electronics,0.1,0
user_564,2025-05-21 08:42:13.531172,1178.77,online_retail,0.1,0
user_868,2025-05-21 08:50:37.531172,6.05,restaurant,0.3,0
user_323,2025-05-21 08:55:19.531172,8.78,restaurant,0.3,0
user_711,2025-05-21 09:04:58.531172,431.26,restaurant,0.3,0
user_329,2025-05-21 09:15:52.531172,71.98,jewelry,0.1,0
user_430,2025-05-21 09:44:32.531172,5.65,airline,0.3,0
user_695,2025-05-21 09:45:20.531172,78.36,entertainment,0.1,0
user_46,2025-05-21 10:21:14.531172,8.65,online_retail,0.1,0
user_425,2025-05-21 10:26:13.531172,23.36,grocery,0.3,0
user_799,2025-05-21 10:39:32.531172,190.27,online_retail,0.1,0
user_335,2025-05-21 10:40:07.531172,210.25,department_store,0.1,0
user_661,2025-05-21 10:54:38.531172,20.01,department_store,0.1,0
user_717,2025-05-21 10:55:14.531172,261.37,grocery,0.1,0
user_63,2025-05-21 11:11:00.531172,54.84,grocery,0.1,0
user_871,2025-05-21 11:15:11.531172,14.42,gas_station,0.3,0
user_194,2025-05-21 11:20:54.531172,11.16,airline,0.1,0
user_991,2025-05-21 11:37:29.531172,54.15,grocery,0.1,0
user_283,2025-05-21 12:00:18.531172,5.0,online_retail,0.1,0
user_178,2025-05-21 12:20:35.531172,5.0,online_retail,0.6,0
user_783,2025-05-21 12:39:28.531172,110.98,grocery,0.6,0
user_519,2025-05-21 12:57:47.531172,25.78,grocery,0.1,0
user_241,2025-05-21 13:52:22.531172,10.89,restaurant,0.1,0
user_802,2025-05-21 13:57:21.531172,5.0,gas_station,0.3,0
user_447,2025-05-21 14:11:33.531172,5.0,restaurant,0.3,0
user_466,2025-05-21 14:17:40.531172,13.17,entertainment,0.3,0
user_32,2025-05-21 15:18:35.531172,9.12,hotel,0.3,0
user_227,2025-05-21 15:19:50.531172,5.0,entertainment,0.1,0
user_973,2025-05-21 15:25:46.531172,39.54,gas_station,0.1,0
user_646,2025-05-21 15:26:23.531172,10.8,grocery,0.1,0
user_665,2025-05-21 15:34:27.531172,36.3,gas_station,0.7,0
user_308,2025-05-21 15:41:40.531172,53.73,grocery,0.1,0
user_734,2025-05-21 15:41:58.531172,26.97,pharmacy,0.1,0
user_26,2025-05-21 15:42:22.531172,24.64,grocery,0.1,0
user_429,2025-05-21 15:47:29.531172,13.11,gas_station,0.1,0
user_593,2025-05-21 17:02:22.531172,213.63,online_retail,0.1,0
user_721,2025-05-21 17:33:57.531172,611.88,online_retail,0.3,0
user_405,2025-05-21 17:46:37.531172,5.0,pharmacy,0.1,0
user_530,2025-05-21 17:47:22.531172,5.0,grocery,0.4,0
user_919,2025-05-21 17:52:07.531172,5.38,jewelry,0.3,0
user_44,2025-05-21 17:54:34.531172,9.64,electronics,0.1,0
user_969,2025-05-21 18:29:36.531172,10.84,online_retail,0.1,0
user_979,2025-05-21 18:34:32.531172,5.0,pharmacy,0.1,0
user_242,2025-05-21 18:44:38.531172,11.18,grocery,0.1,0
user_983,2025-05-21 19:07:12.531172,49.42,online_retail,0.3,0
user_392,2025-05-21 19:07:56.531172,5.0,grocery,0.1,0
user_309,2025-05-21 19:13:53.531172,18.76,hotel,0.1,0
user_702,2025-05-21 19:16:19.531172,342.29,airline,0.1,0
user_653,2025-05-21 19:32:46.531172,74.33,hotel,0.1,0
user_660,2025-05-21 19:43:45.531172,5.3,grocery,0.1,0
user_896,2025-05-21 19:56:08.531172,286.06,gas_station,0.3,0
user_171,2025-05-21 20:01:16.531172,19.85,grocery,0.1,0
user_738,2025-05-21 20:03:14.531172,5.0,restaurant,0.3,0
user_322,2025-05-21 20:15:02.531172,5.0,grocery,0.1,0
user_923,2025-05-21 21:24:08.531172,5.0,restaurant,0.1,0
user_827,2025-05-21 21:31:34.531172,52.88,pharmacy,0.1,0
user_567,2025-05-21 21:33:52.531172,22.36,department_store,0.6,0
user_844,2025-05-21 21:47:00.531172,5.0,electronics,0.6,0
user_315,2025-05-21 22:01:50.531172,5.0,grocery,0.1,0
user_568,2025-05-21 22:02:38.531172,5.0,gas_station,0.1,0
user_30,2025-05-21 22:32:13.531172,5.54,online_retail,0.1,0
user_265,2025-05-21 22:51:39.531172,121.92,department_store,0.1,0
user_566,2025-05-21 23:41:41.531172,12.89,gas_station,0.6,0
user_793,2025-05-21 23:46:49.531172,108.55,airline,0.3,0
user_525,2025-05-21 23:49:10.531172,7.18,grocery,0.3,0
user_999,2025-05-22 00:02:13.531172,5.2,department_store,0.1,0
user_427,2025-05-22 00:19:14.531172,139.65,airline,0.1,0
user_665,2025-05-22 00:24:21.531172,14.22,pharmacy,0.3,0
user_137,2025-05-22 00:30:56.531172,13.71,restaurant,0.3,0
user_451,2025-05-22 00:35:30.531172,8.37,gas_station,0.3,0
user_683,2025-05-22 00:37:56.531172,35.37,grocery,0.1,0
user_84,2025-05-22 00:53:17.531172,54.7,hotel,0.1,0
user_3,2025-05-22 00:55:21.531172,70.88,grocery,0.1,0
user_224,2025-05-22 01:08:24.531172,31.79,hotel,0.1,0
user_557,2025-05-22 01:13:25.531172,12.43,restaurant,0.7,0
user_397,2025-05-22 01:30:34.531172,17.57,online_retail,0.1,0
user_73,2025-05-22 01:33:06.531172,5.48,gas_station,0.1,0
user_893,2025-05-22 01:33:47.531172,256.03,grocery,0.1,0
user_933,2025-05-22 01:45:17.531172,71.32,entertainment,0.6,1
user_507,2025-05-22 02:21:35.531172,5.0,grocery,0.1,0
user_815,2025-05-22 02:22:36.531172,15.15,grocery,0.1,0
user_351,2025-05-22 02:29:37.531172,5.0,entertainment,0.1,0
user_739,2025-05-22 02:32:16.531172,12.02,airline,0.3,0
user_941,2025-05-22 02:46:03.531172,102.4,grocery,0.6,0
user_639,2025-05-22 03:30:39.531172,12.68,hotel,0.1,0
user_148,2025-05-22 04:19:37.531172,12.28,entertainment,0.1,0
user_7,2025-05-22 04:27:40.531172,7.0,airline,0.1,0
user_334,2025-05-22 04:36:03.531172,5.0,jewelry,0.1,0
user_465,2025-05-22 04:43:47.531172,30.8,gas_station,0.3,0
user_431,2025-05-22 04:58:46.531172,25.22,gas_station,0.6,0
user_703,2025-05-22 05:06:49.531172,8.58,airline,0.3,0
user_851,2025-05-22 06:09:50.531172,36.93,online_retail,0.1,0
user_795,2025-05-22 06:10:59.531172,16.17,entertainment,0.6,0
user_923,2025-05-22 06:19:12.531172,39.95,grocery,0.3,0
user_276,2025-05-22 06:19:45.531172,8.88,restaurant,0.3,0
user_45,2025-05-22 06:22:39.531172,52.97,pharmacy,0.3,0
user_224,2025-05-22 06:55:58.531172,5.32,restaurant,0.6,0
user_434,2025-05-22 06:56:43.531172,191.24,restaurant,0.3,0
user_985,2025-05-22 07:17:37.531172,20.66,restaurant,0.3,0
user_506,2025-05-22 07:21:19.531172,46.98,hotel,0.3,0
user_632,2025-05-22 07:21:31.531172,18.67,restaurant,0.3,0
user_482,2025-05-22 07:55:28.531172,44.09,restaurant,0.1,0
user_805,2025-05-22 08:05:47.531172,5.73,gas_station,0.3,0
user_89,2025-05-22 08:19:45.531172,5.0,hotel,0.1,0
user_954,2025-05-22 08:22:08.531172,20.96,gas_station,0.3,0
user_21,2025-05-22 08:28:48.531172,114.17,online_retail,0.4,0
user_366,2025-05-22 08:52:23.531172,5.0,entertainment,0.3,0
user_511,2025-05-22 09:01:09.531172,18.59,online_retail,0.3,0
user_497,2025-05-22 09:01:28.531172,9.63,electronics,0.1,0
user_462,2025-05-22 09:06:37.531172,23.12,car_rental,0.1,0
user_903,2025-05-22 09:43:24.531172,38.26,grocery,0.1,0
user_414,2025-05-22 09:49:34.531172,14.67,online_retail,0.3,0
user_867,2025-05-22 10:03:31.531172,68.78,gas_station,0.1,0
user_756,2025-05-22 10:25:29.531172,229.47,car_rental,0.1,0
user_576,2025-05-22 10:36:57.531172,14.75,online_retail,0.3,0
user_146,2025-05-22 10:57:16.531172,11.85,online_retail,0.1,0
user_156,2025-05-22 11:16:28.531172,25.7,restaurant,0.4,0
user_436,2025-05-22 11:24:45.531172,5.0,grocery,0.1,0
user_974,2025-05-22 11:28:12.531172,12.71,grocery,0.3,0
user_533,2025-05-22 11:29:59.531172,5.0,gas_station,0.1,0
user_233,2025-05-22 11:31:12.531172,28.81,restaurant,0.1,0
user_306,2025-05-22 11:37:02.531172,15.26,grocery,0.6,0
user_528,2025-05-22 11:39:45.531172,5.0,restaurant,0.6,0
user_178,2025-05-22 11:44:50.531172,29.57,department_store,0.1,0
user_699,2025-05-22 11:49:12.531172,9.99,grocery,0.1,0
user_474,2025-05-22 11:56:39.531172,90.1,restaurant,0.3,0
user_440,2025-05-22 12:19:17.531172,75.3,gas_station,0.6,0
user_605,2025-05-22 12:23:50.531172,6.33,online_retail,0.3,0
user_688,2025-05-22 12:43:25.531172,8.25,restaurant,0.1,0
user_540,2025-05-22 13:08:00.531172,45.38,grocery,0.1,0
user_234,2025-05-22 13:15:47.531172,43.22,entertainment,0.1,0
user_279,2025-05-22 13:23:37.531172,32.46,entertainment,0.1,0
user_997,2025-05-22 13:34:04.531172,7.1,pharmacy,0.3,0
user_834,2025-05-22 13:35:17.531172,17.92,restaurant,0.1,0
user_555,2025-05-22 13:39:59.531172,67.55,grocery,0.1,0
user_906,2025-05-22 13:44:32.531172,9.28,restaurant,0.1,0
user_902,2025-05-22 13:47:28.531172,213.49,hotel,0.1,0
user_425,2025-05-22 13:47:36.531172,38.92,hotel,0.1,0
user_467,2025-05-22 13:49:22.531172,16.17,grocery,0.1,0
user_918,2025-05-22 14:08:57.531172,145.74,restaurant,0.3,0
user_643,2025-05-22 14:13:19.531172,5.44,online_retail,0.1,0
user_87,2025-05-22 14:51:16.531172,77.46,gas_station,0.1,0
user_931,2025-05-22 14:59:41.531172,5.41,restaurant,0.3,0
user_932,2025-05-22 15:22:02.531172,50.46,department_store,0.1,0
user_66,2025-05-22 15:43:12.531172,5.0,entertainment,0.1,0
user_185,2025-05-22 15:52:47.531172,24.22,gas_station,0.1,0
user_776,2025-05-22 16:23:14.531172,8.33,electronics,0.1,0
user_572,2025-05-22 16:27:28.531172,5.0,restaurant,0.3,0
user_857,2025-05-22 16:41:28.531172,5.0,grocery,0.3,0
user_526,2025-05-22 17:01:01.531172,83.68,grocery,0.1,0
user_786,2025-05-22 17:02:04.531172,5.0,gas_station,0.3,0
user_760,2025-05-22 17:26:55.531172,46.95,pharmacy,0.4,0
user_451,2025-05-22 17:28:35.531172,5.0,pharmacy,0.6,0
user_46,2025-05-22 17:36:44.531172,5.9,restaurant,0.7,0
user_450,2025-05-22 17:46:30.531172,5.0,hotel,0.1,0
user_164,2025-05-22 18:11:52.531172,15.25,department_store,0.1,0
user_698,2025-05-22 18:17:14.531172,227.45,airline,0.6,0
user_303,2025-05-22 18:18:02.531172,5.0,department_store,0.6,0
user_813,2025-05-22 18:19:17.531172,110.21,gas_station,0.3,0
user_783,2025-05-22 18:45:48.531172,112.47,gas_station,0.1,0
user_291,2025-05-22 18:52:33.531172,10.68,grocery,0.1,0
user_73,2025-05-22 18:55:03.531172,41.17,online_retail,0.3,0
user_86,2025-05-22 18:56:39.531172,51.31,restaurant,0.1,0
user_255,2025-05-22 18:57:21.531172,5.0,restaurant,0.7,0
user_139,2025-05-22 19:05:08.531172,5.0,restaurant,0.7,0
user_834,2025-05-22 19:30:40.531172,11.09,online_retail,0.1,0
user_992,2025-05-22 19:32:29.531172,6.62,entertainment,0.1,0
user_445,2025-05-22 19:34:25.531172,53.18,department_store,0.1,0
user_397,2025-05-22 19:40:38.531172,5.0,restaurant,0.6,0
user_585,2025-05-22 19:40:50.531172,5.0,car_rental,0.1,0
user_586,2025-05-22 19:43:31.531172,6.3,restaurant,0.1,0
user_983,2025-05-22 20:21:52.531172,52.75,department_store,0.1,0
user_750,2025-05-22 20:30:26.531172,5.03,restaurant,0.1,0
user_112,2025-05-22 20:35:16.531172,5.0,restaurant,0.1,0
user_664,2025-05-22 21:00:30.531172,95.42,grocery,0.1,0
user_861,2025-05-22 21:14:13.531172,39.15,grocery,0.4,0
user_233,2025-05-22 21:27:53.531172,5.64,grocery,0.1,0
user_728,2025-05-22 21:48:06.531172,24.1,restaurant,0.3,0
user_46,2025-05-22 22:01:42.531172,62.62,department_store,0.1,0
user_656,2025-05-22 22:18:18.531172,29.32,department_store,0.3,0
user_180,2025-05-22 22:45:01.531172,5.0,online_retail,0.1,0
user_729,2025-05-22 23:11:28.531172,50.19,online_retail,0.1,0
user_197,2025-05-22 23:30:49.531172,42.51,gas_station,0.1,0
user_470,2025-05-22 23:32:23.531172,22.69,pharmacy,0.3,0
user_398,2025-05-22 23:34:31.531172,135.18,online_retail,0.1,0
user_624,2025-05-22 23:35:10.531172,20.18,department_store,0.1,0
user_709,2025-05-22 23:43:08.531172,73.5,pharmacy,0.1,0
user_124,2025-05-23 00:28:34.531172,4285.75,entertainment,0.6,1
user_393,2025-05-23 00:33:19.531172,98.21,restaurant,0.1,0
user_394,2025-05-23 00:34:02.531172,18.24,online_retail,0.6,0
user_322,2025-05-23 00:50:11.531172,76.56,gas_station,0.1,0
user_357,2025-05-23 00:50:58.531172,6.04,hotel,0.1,0
user_141,2025-05-23 00:56:33.531172,5.0,gas_station,0.3,0
user_806,2025-05-23 00:59:58.531172,14.5,pharmacy,0.1,0
user_334,2025-05-23 01:30:10.531172,10.04,grocery,0.1,0
user_965,2025-05-23 01:35:02.531172,42.17,gas_station,0.1,0
user_84,2025-05-23 01:52:21.531172,33.37,department_store,0.1,0
user_672,2025-05-23 02:12:32.531172,102.96,restaurant,0.1,0
user_370,2025-05-23 02:32:46.531172,13.05,airline,0.1,0
user_559,2025-05-23 02:33:35.531172,25.97,grocery,0.1,0
user_85,2025-05-23 02:40:57.531172,74.42,online_retail,0.7,1
user_893,2025-05-23 03:01:50.531172,25.45,gas_station,0.1,0
user_245,2025-05-23 03:16:19.531172,16.99,grocery,0.1,0
user_386,2025-05-23 03:17:18.531172,5.63,entertainment,0.1,0
user_704,2025-05-23 03:27:44.531172,29.04,department_store,0.4,0
user_997,2025-05-23 03:48:34.531172,5.0,department_store,0.1,0
user_870,2025-05-23 03:48:56.531172,7.36,department_store,0.1,0
user_941,2025-05-23 03:49:24.531172,5.0,grocery,0.6,0
user_193,2025-05-23 04:05:20.531172,7.55,grocery,0.1,0
user_987,2025-05-23 04:31:19.531172,5.46,restaurant,0.6,0
user_197,2025-05-23 04:43:07.531172,5.0,department_store,0.1,0
user_583,2025-05-23 05:41:27.531172,11.61,pharmacy,0.3,0
user_361,2025-05-23 05:42:25.531172,39.15,gas_station,0.3,0
user_309,2025-05-23 05:42:33.531172,55.41,grocery,0.1,0
user_760,2025-05-23 05:55:01.531172,5.0,gas_station,0.4,0
user_405,2025-05-23 06:08:19.531172,36.45,restaurant,0.1,0
user_283,2025-05-23 06:14:50.531172,24.56,gas_station,0.1,0
user_924,2025-05-23 06:24:40.531172,11.14,airline,0.1,0
user_347,2025-05-23 06:57:15.531172,5.0,restaurant,0.4,0
user_181,2025-05-23 07:13:19.531172,20.17,gas_station,0.1,0
user_543,2025-05-23 07:41:30.531172,14.17,hotel,0.6,0
user_820,2025-05-23 07:43:58.531172,18.23,gas_station,0.1,0
user_662,2025-05-23 07:45:24.531172,205.43,hotel,0.1,0
user_733,2025-05-23 07:58:04.531172,32.12,gas_station,0.3,0
user_486,2025-05-23 08:03:27.531172,10.08,restaurant,0.1,0
user_144,2025-05-23 08:03:47.531172,5.0,online_retail,0.3,0
user_20,2025-05-23 08:20:58.531172,46.25,grocery,0.1,0
user_638,2025-05-23 08:22:26.531172,12.83,gas_station,0.1,0
user_447,2025-05-23 08:23:01.531172,5.0,gas_station,0.1,0
user_56,2025-05-23 08:28:53.531172,163.27,electronics,0.1,0
user_881,2025-05-23 09:04:14.531172,5.0,restaurant,0.1,0
user_926,2025-05-23 09:10:29.531172,27.31,entertainment,0.9,1
user_735,2025-05-23 09:11:30.531172,45.91,gas_station,0.3,0
user_171,2025-05-23 09:24:57.531172,29.78,electronics,0.1,0
user_885,2025-05-23 09:26:28.531172,52.16,online_retail,0.1,0
user_396,2025-05-23 09:39:05.531172,143.74,department_store,0.1,0
user_951,2025-05-23 09:42:36.531172,462.89,department_store,0.3,0
user_715,2025-05-23 09:46:14.531172,81.2,restaurant,0.1,0
user_452,2025-05-23 09:57:49.531172,5.0,restaurant,0.3,0
user_744,2025-05-23 10:04:37.531172,17.16,entertainment,0.1,0
user_242,2025-05-23 10:21:50.531172,28.61,jewelry,0.1,0
user_701,2025-05-23 10:29:01.531172,11.41,online_retail,0.1,0
user_697,2025-05-23 10:30:14.531172,15.96,gas_station,0.6,0
user_898,2025-05-23 10:32:26.531172,7.75,pharmacy,0.6,0
user_293,2025-05-23 10:41:11.531172,18.63,electronics,0.6,0
user_176,2025-05-23 10:47:19.531172,6.37,pharmacy,0.1,0
user_615,2025-05-23 10:50:01.531172,5.0,airline,0.3,0
user_285,2025-05-23 10:53:17.531172,33.34,entertainment,0.3,0
user_622,2025-05-23 10:59:26.531172,19.52,grocery,0.1,0
user_652,2025-05-23 11:39:10.531172,224.11,online_retail,0.7,0
user_549,2025-05-23 11:58:39.531172,85.79,department_store,0.6,0
user_233,2025-05-23 12:13:51.531172,87.43,grocery,0.3,0
user_47,2025-05-23 12:17:39.531172,59.4,department_store,0.3,0
user_976,2025-05-23 12:25:21.531172,5.0,restaurant,0.3,0
user_707,2025-05-23 12:34:49.531172,5.0,restaurant,0.1,0
user_507,2025-05-23 12:36:29.531172,16.49,hotel,0.1,0
user_475,2025-05-23 12:36:53.531172,236.45,department_store,0.3,0
user_11,2025-05-23 12:57:40.531172,46.58,entertainment,0.1,0
user_251,2025-05-23 13:02:18.531172,31.35,department_store,0.6,0
user_558,2025-05-23 13:17:51.531172,41.65,online_retail,0.1,0
user_907,2025-05-23 13:25:26.531172,61.69,entertainment,0.9,1
user_655,2025-05-23 13:43:09.531172,200.37,restaurant,0.1,0
user_745,2025-05-23 14:09:49.531172,5.0,department_store,0.3,0
user_989,2025-05-23 14:39:03.531172,12.7,restaurant,0.1,0
user_81,2025-05-23 14:52:31.531172,16.53,pharmacy,0.3,0
user_732,2025-05-23 15:16:49.531172,22.28,gas_station,0.1,0
user_224,2025-05-23 15:41:24.531172,51.14,department_store,0.1,0
user_696,2025-05-23 15:53:57.531172,45.85,pharmacy,0.1,0
user_693,2025-05-23 16:07:46.531172,12.49,department_store,0.1,0
user_619,2025-05-23 16:58:13.531172,220.96,grocery,0.3,0
user_430,2025-05-23 17:00:20.531172,5.0,hotel,0.1,0
user_556,2025-05-23 17:18:29.531172,47.57,grocery,0.1,0
user_304,2025-05-23 17:25:55.531172,5.0,restaurant,0.3,0
user_646,2025-05-23 17:41:58.531172,25.1,grocery,0.3,0
user_735,2025-05-23 17:55:48.531172,15.27,gas_station,0.1,0
user_208,2025-05-23 18:09:08.531172,20.67,entertainment,0.1,0
user_81,2025-05-23 18:13:06.531172,40.23,gas_station,0.4,0
user_574,2025-05-23 18:31:13.531172,23.59,restaurant,0.6,0
user_157,2025-05-23 18:44:35.531172,172.57,pharmacy,0.3,0
user_89,2025-05-23 18:44:41.531172,19.25,restaurant,0.1,0
user_517,2025-05-23 19:23:08.531172,71.9,grocery,0.3,0
user_719,2025-05-23 19:36:07.531172,120.43,department_store,0.3,0
user_788,2025-05-23 19:57:04.531172,7.84,department_store,0.4,0
user_974,2025-05-23 20:14:55.531172,156.58,department_store,0.3,0
user_3,2025-05-23 20:15:23.531172,34.83,pharmacy,0.6,0
user_450,2025-05-23 21:10:56.531172,5.0,hotel,0.3,0
user_887,2025-05-23 21:16:10.531172,5.0,grocery,0.3,0
user_253,2025-05-23 21:17:05.531172,5.0,restaurant,0.1,0
user_4,2025-05-23 21:24:06.531172,622.15,car_rental,0.9,0
user_875,2025-05-23 21:28:56.531172,46.18,online_retail,0.1,0
user_723,2025-05-23 21:35:25.531172,105.1,restaurant,0.1,0
user_847,2025-05-23 21:37:42.531172,61.17,grocery,0.3,0
user_536,2025-05-23 21:41:42.531172,5.0,grocery,0.6,0
user_976,2025-05-23 21:46:21.531172,8.54,grocery,0.1,0
user_982,2025-05-23 21:51:08.531172,5.0,restaurant,0.1,0
user_405,2025-05-23 22:02:28.531172,35.77,restaurant,0.3,0
user_357,2025-05-23 22:07:29.531172,10.49,gas_station,0.3,0
user_648,2025-05-23 22:42:33.531172,13.29,department_store,0.1,0
user_982,2025-05-23 23:02:10.531172,301.31,restaurant,0.1,0
user_374,2025-05-23 23:06:56.531172,5.0,airline,0.1,0
user_470,2025-05-23 23:12:50.531172,5.0,entertainment,0.1,0
user_599,2025-05-23 23:19:51.531172,43.49,hotel,0.6,0
user_756,2025-05-23 23:28:48.531172,79.98,department_store,0.1,0
user_42,2025-05-23 23:30:12.531172,115.68,entertainment,0.1,0
user_924,2025-05-23 23:33:54.531172,5.0,electronics,0.6,0
user_183,2025-05-23 23:47:03.531172,87.93,grocery,0.3,0
user_780,2025-05-24 00:32:17.531172,60.82,hotel,0.1,0
user_414,2025-05-24 00:42:34.531172,7.25,restaurant,0.1,0
user_827,2025-05-24 00:54:43.531172,12.87,gas_station,0.6,0
user_240,2025-05-24 01:11:18.531172,31.09,restaurant,0.1,0
user_299,2025-05-24 01:12:24.531172,10.16,grocery,0.1,0
user_827,2025-05-24 01:24:23.531172,19.6,grocery,0.3,0
user_331,2025-05-24 01:33:05.531172,10.61,gas_station,0.3,0
user_987,2025-05-24 01:33:21.531172,56.62,gas_station,0.4,0
user_649,2025-05-24 01:36:17.531172,5.0,gas_station,0.1,0
user_299,2025-05-24 01:53:45.531172,766.96,entertainment,0.7,1
user_614,2025-05-24 01:54:32.531172,5.38,restaurant,0.1,0
user_607,2025-05-24 01:56:18.531172,5.0,pharmacy,0.6,0
user_992,2025-05-24 02:08:55.531172,29.56,pharmacy,0.1,0
user_129,2025-05-24 02:19:29.531172,167.02,department_store,0.1,0
user_354,2025-05-24 02:46:44.531172,5.0,gas_station,0.1,0
user_139,2025-05-24 03:07:48.531172,128.14,pharmacy,0.6,0
user_796,2025-05-24 03:08:00.531172,10.01,grocery,0.6,0
user_221,2025-05-24 03:08:36.531172,20.56,grocery,0.1,0
user_620,2025-05-24 03:26:41.531172,5.52,grocery,0.1,0
user_33,2025-05-24 03:55:38.531172,121.04,restaurant,0.7,0
user_691,2025-05-24 04:18:57.531172,8.27,restaurant,0.6,0
user_649,2025-05-24 04:21:02.531172,17.83,gas_station,0.6,0
user_81,2025-05-24 04:23:42.531172,13.12,online_retail,0.1,0
user_343,2025-05-24 04:24:58.531172,5.0,gas_station,0.1,0
user_346,2025-05-24 04:25:34.531172,9.53,grocery,0.1,0
user_997,2025-05-24 04:39:33.531172,28.67,jewelry,0.1,0
user_877,2025-05-24 05:04:51.531172,19.22,restaurant,0.3,0
user_676,2025-05-24 05:30:30.531172,9.23,pharmacy,0.3,0
user_606,2025-05-24 05:39:23.531172,537.78,entertainment,0.6,0
user_776,2025-05-24 05:53:14.531172,25.77,department_store,0.6,0
user_788,2025-05-24 05:54:05.531172,5.0,airline,0.3,0
user_854,2025-05-24 06:17:20.531172,3320.96,electronics,0.9,1
user_363,2025-05-24 06:24:51.531172,7.68,entertainment,0.1,0
user_241,2025-05-24 06:58:40.531172,5.0,entertainment,0.1,0
user_731,2025-05-24 07:08:47.531172,459.85,airline,0.1,0
user_202,2025-05-24 07:45:32.531172,8.57,grocery,0.1,0
user_821,2025-05-24 08:28:33.531172,5.99,jewelry,0.1,0
user_479,2025-05-24 08:49:08.531172,105.16,entertainment,0.1,0
user_567,2025-05-24 09:31:44.531172,11.4,gas_station,0.6,0
user_308,2025-05-24 09:45:44.531172,19.61,pharmacy,0.1,0
user_544,2025-05-24 09:48:25.531172,5.14,department_store,0.1,0
user_753,2025-05-24 10:58:26.531172,7.57,restaurant,0.3,0
user_500,2025-05-24 11:04:11.531172,6.91,gas_station,0.6,0
user_109,2025-05-24 11:11:25.531172,510.79,department_store,0.6,0
user_532,2025-05-24 11:17:17.531172,56.93,hotel,0.3,0
user_807,2025-05-24 11:25:56.531172,22.64,restaurant,0.6,0
user_720,2025-05-24 11:30:02.531172,171.51,pharmacy,0.1,0
user_630,2025-05-24 11:37:43.531172,114.88,entertainment,0.1,0
user_903,2025-05-24 11:38:38.531172,5.0,entertainment,0.1,0
user_608,2025-05-24 11:53:05.531172,16.47,grocery,0.3,0
user_866,2025-05-24 12:05:25.531172,8.83,grocery,0.6,0
user_166,2025-05-24 12:26:52.531172,111.14,online_retail,0.1,0
user_637,2025-05-24 12:28:41.531172,49.72,online_retail,0.1,0
user_191,2025-05-24 12:32:52.531172,31.81,hotel,0.1,0
user_912,2025-05-24 12:46:04.531172,5.0,entertainment,0.3,0
user_4,2025-05-24 13:02:38.531172,4179.36,electronics,0.7,1
user_947,2025-05-24 13:25:40.531172,35.59,grocery,0.1,0
user_611,2025-05-24 13:36:53.531172,53.94,grocery,0.1,0
user_172,2025-05-24 13:52:36.531172,39.48,online_retail,0.1,0
user_966,2025-05-24 13:59:42.531172,5.0,grocery,0.1,0
user_301,2025-05-24 14:05:03.531172,13.75,restaurant,0.3,0
user_109,2025-05-24 14:22:58.531172,45.97,restaurant,0.1,0
user_630,2025-05-24 14:29:33.531172,554.9,entertainment,0.6,0
user_391,2025-05-24 15:04:26.531172,5.0,grocery,0.1,0
user_794,2025-05-24 15:11:06.531172,17.57,gas_station,0.1,0
user_804,2025-05-24 15:27:19.531172,5.0,grocery,0.3,0
user_865,2025-05-24 15:32:13.531172,105.07,hotel,0.1,0
user_700,2025-05-24 15:32:51.531172,14.58,restaurant,0.1,0
user_578,2025-05-24 16:31:59.531172,328.44,online_retail,0.1,0
user_912,2025-05-24 16:38:49.531172,145.89,gas_station,0.1,0
user_600,2025-05-24 16:41:36.531172,20.74,jewelry,0.1,0
user_993,2025-05-24 16:56:26.531172,304.71,grocery,0.1,0
user_726,2025-05-24 17:05:43.531172,68.77,department_store,0.3,0
user_508,2025-05-24 17:06:21.531172,60.92,entertainment,0.1,0
user_657,2025-05-24 17:15:01.531172,270.71,jewelry,0.1,0
user_933,2025-05-24 17:15:16.531172,75.22,restaurant,0.3,0
user_715,2025-05-24 17:29:50.531172,36.24,gas_station,0.1,0
user_782,2025-05-24 17:39:20.531172,21.89,restaurant,0.1,0
user_479,2025-05-24 17:57:47.531172,19.38,restaurant,0.3,0
user_674,2025-05-24 18:40:27.531172,5.0,gas_station,0.3,0
user_750,2025-05-24 18:59:05.531172,34.45,grocery,0.1,0
user_854,2025-05-24 19:02:30.531172,11.48,entertainment,0.1,0
user_349,2025-05-24 19:19:55.531172,5.0,gas_station,0.1,0
user_575,2025-05-24 19:32:21.531172,5.0,grocery,0.6,0
user_480,2025-05-24 20:07:12.531172,5.0,restaurant,0.1,0
user_851,2025-05-24 20:23:33.531172,5.0,grocery,0.6,0
user_697,2025-05-24 20:26:30.531172,42.5,gas_station,0.3,0
user_724,2025-05-24 20:27:24.531172,38.45,restaurant,0.6,0
user_739,2025-05-24 20:51:38.531172,28.42,grocery,0.1,0
user_916,2025-05-24 20:57:23.531172,129.58,online_retail,0.3,0
user_973,2025-05-24 20:58:40.531172,19.52,jewelry,0.1,0
user_170,2025-05-24 21:01:38.531172,7.21,gas_station,0.1,0
user_506,2025-05-24 21:03:35.531172,86.73,hotel,0.1,0
user_949,2025-05-24 21:13:04.531172,193.66,department_store,0.1,0
user_119,2025-05-24 21:30:42.531172,50.41,department_store,0.1,0
user_353,2025-05-24 21:52:46.531172,22.02,hotel,0.1,0
user_695,2025-05-24 22:00:04.531172,14.09,grocery,0.7,0
user_801,2025-05-24 22:01:28.531172,124.87,restaurant,0.6,0
user_162,2025-05-24 22:03:06.531172,5.0,gas_station,0.1,0
user_215,2025-05-24 22:40:54.531172,202.45,grocery,0.6,0
user_635,2025-05-24 22:51:19.531172,5.0,grocery,0.1,0
user_169,2025-05-24 23:09:44.531172,10.18,pharmacy,0.1,0
user_914,2025-05-24 23:17:48.531172,244.17,entertainment,0.3,0
user_188,2025-05-24 23:51:31.531172,5.0,pharmacy,0.6,0
user_90,2025-05-25 00:06:53.531172,5.0,gas_station,0.1,0
user_698,2025-05-25 00:15:16.531172,14.05,department_store,0.1,0
user_296,2025-05-25 00:18:34.531172,66.68,gas_station,0.1,0
user_950,2025-05-25 00:36:59.531172,11.23,entertainment,0.1,0
user_860,2025-05-25 00:46:59.531172,22.94,grocery,0.9,0
user_449,2025-05-25 00:56:05.531172,240.59,grocery,0.3,0
user_270,2025-05-25 01:40:38.531172,10.68,restaurant,0.6,0
user_282,2025-05-25 01:59:06.531172,354.62,department_store,0.3,0
user_18,2025-05-25 02:04:14.531172,5.0,department_store,0.7,0
user_677,2025-05-25 02:42:47.531172,117.82,car_rental,0.6,0
user_338,2025-05-25 02:48:05.531172,5.0,online_retail,0.1,0
user_866,2025-05-25 02:59:44.531172,36.18,gas_station,0.1,0
user_150,2025-05-25 03:21:43.531172,118.81,online_retail,0.6,0
user_491,2025-05-25 03:22:28.531172,112.5,hotel,0.3,0
user_158,2025-05-25 03:48:55.531172,17.37,electronics,0.1,0
user_422,2025-05-25 03:53:05.531172,8.59,gas_station,0.1,0
user_808,2025-05-25 04:12:00.531172,55.72,grocery,0.6,0
user_20,2025-05-25 04:42:07.531172,5.0,entertainment,0.1,0
user_162,2025-05-25 05:16:42.531172,6.53,entertainment,0.1,0
user_42,2025-05-25 05:49:23.531172,6.24,jewelry,0.3,0
user_935,2025-05-25 05:58:03.531172,93.43,gas_station,0.1,0
user_184,2025-05-25 06:12:59.531172,6.35,hotel,0.1,0
user_193,2025-05-25 06:16:55.531172,12.81,gas_station,0.1,0
user_76,2025-05-25 06:18:45.531172,417.97,grocery,0.1,0
user_477,2025-05-25 06:26:37.531172,58.18,grocery,0.1,0
user_533,2025-05-25 06:34:15.531172,41.28,gas_station,0.3,0
user_92,2025-05-25 06:37:00.531172,105.01,entertainment,0.1,0
user_540,2025-05-25 06:42:45.531172,5.0,restaurant,0.9,0
user_822,2025-05-25 06:45:08.531172,414.53,department_store,0.3,0
user_622,2025-05-25 07:02:43.531172,12.81,online_retail,0.1,0
user_898,2025-05-25 07:02:53.531172,5.0,restaurant,0.9,0
user_222,2025-05-25 07:04:40.531172,63.42,gas_station,0.1,0
user_201,2025-05-25 07:07:48.531172,85.2,electronics,0.6,1
user_481,2025-05-25 07:25:38.531172,5.0,department_store,0.6,0
user_947,2025-05-25 07:49:07.531172,9.13,department_store,0.1,0
user_704,2025-05-25 07:50:12.531172,49.99,restaurant,0.3,0
user_879,2025-05-25 07:52:51.531172,38.46,restaurant,0.1,0
user_823,2025-05-25 08:07:03.531172,9.73,online_retail,0.1,0
user_913,2025-05-25 08:16:42.531172,22.54,gas_station,0.3,0
user_711,2025-05-25 08:44:00.531172,5.57,hotel,0.1,0
user_999,2025-05-25 09:10:53.531172,6.1,online_retail,0.3,0
user_311,2025-05-25 09:16:58.531172,5.0,restaurant,0.3,0
user_912,2025-05-25 09:29:48.531172,5.0,gas_station,0.3,0
user_78,2025-05-25 09:34:38.531172,62.57,restaurant,0.1,0
user_58,2025-05-25 10:09:12.531172,37.82,online_retail,0.6,1
user_646,2025-05-25 10:12:58.531172,61.22,gas_station,0.3,0
user_554,2025-05-25 10:46:54.531172,31.98,pharmacy,0.1,0
user_103,2025-05-25 10:51:13.531172,14.25,restaurant,0.1,0
user_613,2025-05-25 10:57:53.531172,33.8,grocery,0.3,0
user_520,2025-05-25 11:09:58.531172,12.5,restaurant,0.6,0
user_518,2025-05-25 11:10:25.531172,37.57,department_store,0.3,0
user_861,2025-05-25 11:15:26.531172,118.09,gas_station,0.1,0
user_431,2025-05-25 11:16:35.531172,251.89,grocery,0.4,0
user_381,2025-05-25 11:27:40.531172,15.84,grocery,0.7,0
user_316,2025-05-25 11:34:18.531172,45.22,department_store,0.1,0
user_471,2025-05-25 12:02:34.531172,44.31,pharmacy,0.1,0
user_993,2025-05-25 12:03:56.531172,22.63,online_retail,0.1,0
user_910,2025-05-25 12:06:58.531172,5.0,car_rental,0.7,0
user_594,2025-05-25 12:08:14.531172,18.33,gas_station,0.3,0
user_695,2025-05-25 12:18:58.531172,25.29,restaurant,0.1,0
user_427,2025-05-25 12:20:06.531172,5.0,department_store,0.3,0
user_635,2025-05-25 12:43:11.531172,25.63,department_store,0.1,0
user_455,2025-05-25 13:13:27.531172,10.43,pharmacy,0.1,0
user_739,2025-05-25 13:30:56.531172,387.14,gas_station,0.3,0
user_750,2025-05-25 13:31:27.531172,60.76,entertainment,0.9,1
user_562,2025-05-25 13:34:17.531172,28.2,online_retail,0.3,0
user_909,2025-05-25 13:41:46.531172,91.32,grocery,0.3,0
user_547,2025-05-25 13:44:49.531172,210.92,entertainment,0.1,0
user_697,2025-05-25 14:05:19.531172,42.38,online_retail,0.1,0
user_731,2025-05-25 14:11:31.531172,54.44,gas_station,0.3,0
user_842,2025-05-25 14:26:12.531172,11.55,gas_station,0.1,0
user_720,2025-05-25 14:33:09.531172,11.19,grocery,0.1,0
user_523,2025-05-25 15:03:27.531172,7.03,gas_station,0.1,0
user_403,2025-05-25 15:22:07.531172,6.32,pharmacy,0.1,0
user_355,2025-05-25 15:29:15.531172,5.0,grocery,0.1,0
user_562,2025-05-25 16:03:42.531172,452.65,online_retail,0.6,0
user_702,2025-05-25 16:07:42.531172,55.91,grocery,0.6,0
user_417,2025-05-25 16:13:18.531172,385.48,grocery,0.1,0
user_609,2025-05-25 16:30:14.531172,95.59,grocery,0.1,0
user_905,2025-05-25 16:37:50.531172,49.81,gas_station,0.1,0
user_220,2025-05-25 16:38:43.531172,240.27,restaurant,0.3,0
user_414,2025-05-25 16:42:13.531172,93.6,grocery,0.1,0
user_788,2025-05-25 16:51:53.531172,18.42,gas_station,0.1,0
user_721,2025-05-25 16:53:58.531172,8.34,grocery,0.7,0
user_918,2025-05-25 16:55:52.531172,5.0,grocery,0.1,0
user_641,2025-05-25 17:19:33.531172,30.79,department_store,0.3,0
user_236,2025-05-25 17:38:57.531172,5.0,restaurant,0.6,0
user_344,2025-05-25 17:43:51.531172,14.31,restaurant,0.1,0
user_592,2025-05-25 18:57:56.531172,5.0,entertainment,0.3,0
user_430,2025-05-25 18:59:46.531172,56.47,entertainment,0.7,1
user_569,2025-05-25 19:08:09.531172,12.34,department_store,0.1,0
user_350,2025-05-25 19:42:44.531172,5.0,jewelry,0.3,0
user_503,2025-05-25 21:19:48.531172,11.48,restaurant,0.3,0
user_488,2025-05-25 21:33:53.531172,5.0,pharmacy,0.1,0
user_356,2025-05-25 21:40:53.531172,12.37,online_retail,0.1,0
user_382,2025-05-25 21:55:23.531172,31.95,gas_station,0.1,0
user_392,2025-05-25 22:10:30.531172,14.1,hotel,0.1,0
user_550,2025-05-25 22:21:11.531172,17.11,gas_station,0.1,0
user_302,2025-05-25 22:49:20.531172,12.67,airline,0.1,0
user_442,2025-05-25 22:53:21.531172,85.27,entertainment,0.1,0
user_546,2025-05-25 22:55:51.531172,27.39,department_store,0.1,0
user_594,2025-05-25 23:01:58.531172,5.0,entertainment,0.1,0
user_803,2025-05-25 23:05:08.531172,191.55,gas_station,0.1,0
user_236,2025-05-25 23:10:44.531172,19.51,hotel,0.3,0
user_684,2025-05-25 23:25:39.531172,334.17,grocery,0.1,0
user_338,2025-05-25 23:38:52.531172,44.61,restaurant,0.6,0
user_222,2025-05-25 23:43:38.531172,5.0,department_store,0.1,0
user_226,2025-05-25 23:44:26.531172,5.0,entertainment,0.1,0
user_832,2025-05-25 23:58:10.531172,59.17,pharmacy,0.1,0
user_650,2025-05-26 00:01:09.531172,6.11,grocery,0.1,0
user_66,2025-05-26 00:11:36.531172,60.45,gas_station,0.1,0
user_881,2025-05-26 00:27:23.531172,5.0,airline,0.3,0
user_203,2025-05-26 00:35:36.531172,48.75,online_retail,0.1,0
user_274,2025-05-26 00:38:32.531172,9.66,grocery,0.1,0
user_34,2025-05-26 00:57:36.531172,5.0,online_retail,0.6,0
user_43,2025-05-26 00:57:47.531172,24.79,airline,0.1,0
user_945,2025-05-26 01:05:13.531172,7.51,pharmacy,0.1,0
user_99,2025-05-26 01:14:43.531172,14.32,pharmacy,0.3,0
user_780,2025-05-26 01:25:09.531172,1093.26,entertainment,0.4,0
user_687,2025-05-26 01:27:44.531172,32.95,airline,0.6,0
user_450,2025-05-26 01:31:06.531172,153.86,entertainment,0.3,0
user_840,2025-05-26 01:41:25.531172,65.76,grocery,0.3,0
user_487,2025-05-26 01:44:46.531172,60.28,gas_station,0.1,0
user_519,2025-05-26 01:47:55.531172,49.21,restaurant,0.6,0
user_534,2025-05-26 02:15:23.531172,138.89,grocery,0.1,0
user_517,2025-05-26 02:24:34.531172,75.89,entertainment,0.1,0
user_803,2025-05-26 02:51:56.531172,18.14,entertainment,0.3,0
user_4,2025-05-26 02:53:10.531172,485.4,department_store,0.1,0
user_498,2025-05-26 03:05:20.531172,25.92,gas_station,0.6,0
user_931,2025-05-26 03:37:51.531172,25.18,department_store,0.6,0
user_398,2025-05-26 04:12:24.531172,5.21,gas_station,0.6,0
user_437,2025-05-26 04:15:58.531172,28.78,online_retail,0.1,0
user_167,2025-05-26 04:35:01.531172,117.61,restaurant,0.1,0
user_730,2025-05-26 04:53:41.531172,5.0,entertainment,0.1,0
user_530,2025-05-26 05:02:48.531172,84.68,online_retail,0.6,0
user_986,2025-05-26 05:09:40.531172,7.29,gas_station,0.1,0
user_112,2025-05-26 05:20:03.531172,29.72,gas_station,0.3,0
user_662,2025-05-26 05:32:26.531172,52.67,grocery,0.1,0
user_569,2025-05-26 05:38:34.531172,15.2,gas_station,0.3,0
user_381,2025-05-26 06:01:33.531172,9.45,grocery,0.1,0
user_473,2025-05-26 06:02:36.531172,8.73,restaurant,0.1,0
user_213,2025-05-26 06:03:03.531172,46.33,car_rental,0.1,0
user_300,2025-05-26 06:11:37.531172,15.32,pharmacy,0.4,0
user_385,2025-05-26 06:13:29.531172,28.49,airline,0.1,0
user_112,2025-05-26 06:15:24.531172,5.01,gas_station,0.1,0
user_76,2025-05-26 06:20:36.531172,28.18,entertainment,0.1,0
user_5,2025-05-26 06:22:05.531172,110.42,pharmacy,0.1,0
user_876,2025-05-26 06:42:46.531172,5.0,restaurant,0.1,0
user_369,2025-05-26 07:11:03.531172,67.59,restaurant,0.3,0
user_354,2025-05-26 07:12:03.531172,80.2,department_store,0.1,0
user_395,2025-05-26 07:15:01.531172,13.17,grocery,0.1,0
user_101,2025-05-26 07:16:21.531172,5.0,electronics,0.6,0
user_714,2025-05-26 07:17:10.531172,47.9,online_retail,0.1,0
user_734,2025-05-26 07:29:05.531172,43.12,gas_station,0.1,0
user_834,2025-05-26 07:37:45.531172,25.54,gas_station,0.3,0
user_344,2025-05-26 07:40:49.531172,60.87,restaurant,0.3,0
user_544,2025-05-26 07:44:15.531172,9.66,hotel,0.3,0
user_326,2025-05-26 08:00:36.531172,76.33,entertainment,0.1,0
user_633,2025-05-26 08:01:54.531172,5.0,pharmacy,0.1,0
user_128,2025-05-26 08:04:24.531172,10.94,online_retail,0.3,0
user_153,2025-05-26 08:30:52.531172,41.36,grocery,0.3,0
user_974,2025-05-26 08:48:43.531172,10.92,grocery,0.3,0
user_6,2025-05-26 08:55:01.531172,9.5,grocery,0.1,0
user_777,2025-05-26 08:55:05.531172,5.56,pharmacy,0.3,0
user_528,2025-05-26 09:06:25.531172,202.16,pharmacy,0.1,0
user_333,2025-05-26 09:14:01.531172,21.04,restaurant,0.3,0
user_119,2025-05-26 09:26:26.531172,126.58,gas_station,0.1,0
user_655,2025-05-26 09:36:29.531172,5.0,hotel,0.6,0
user_283,2025-05-26 09:39:20.531172,58.12,online_retail,0.9,1
user_305,2025-05-26 09:50:31.531172,8.07,gas_station,0.1,0
user_314,2025-05-26 09:58:46.531172,126.42,restaurant,0.3,0
user_398,2025-05-26 10:04:27.531172,13.36,department_store,0.1,0
user_184,2025-05-26 10:09:37.531172,18.87,restaurant,0.4,0
user_943,2025-05-26 10:13:25.531172,6.74,entertainment,0.1,0
user_162,2025-05-26 10:15:38.531172,5.0,department_store,0.1,0
user_783,2025-05-26 10:21:07.531172,41.4,restaurant,0.7,0
user_16,2025-05-26 10:34:26.531172,5.0,gas_station,0.1,0
user_905,2025-05-26 10:43:56.531172,15.78,grocery,0.1,0
user_726,2025-05-26 10:57:20.531172,128.0,gas_station,0.6,0
user_481,2025-05-26 10:59:07.531172,248.91,online_retail,0.3,0
user_292,2025-05-26 11:43:04.531172,8.44,grocery,0.3,0
user_286,2025-05-26 12:15:10.531172,5.95,restaurant,0.1,0
user_787,2025-05-26 12:23:00.531172,21.11,entertainment,0.1,0
user_940,2025-05-26 12:24:13.531172,43.61,grocery,0.1,0
user_72,2025-05-26 12:27:03.531172,64.31,entertainment,0.1,0
user_378,2025-05-26 12:31:31.531172,5.0,gas_station,0.6,0
user_844,2025-05-26 12:34:33.531172,73.98,online_retail,0.1,0
user_97,2025-05-26 12:47:12.531172,5.0,online_retail,0.1,0
user_1000,2025-05-26 12:51:49.531172,5.0,restaurant,0.3,0
user_804,2025-05-26 13:15:14.531172,30.13,grocery,0.1,0
user_509,2025-05-26 13:41:43.531172,182.61,restaurant,0.3,0
user_922,2025-05-26 13:44:19.531172,17.23,pharmacy,0.1,0
user_182,2025-05-26 14:01:18.531172,100.45,pharmacy,0.3,0
user_653,2025-05-26 14:02:02.531172,5.0,gas_station,0.1,0
user_387,2025-05-26 14:02:15.531172,43.36,pharmacy,0.3,0
user_75,2025-05-26 14:12:15.531172,144.91,restaurant,0.3,0
user_526,2025-05-26 14:15:43.531172,70.08,grocery,0.1,0
user_620,2025-05-26 14:19:53.531172,5.0,restaurant,0.1,0
user_237,2025-05-26 15:08:53.531172,17.73,grocery,0.1,0
user_518,2025-05-26 15:35:14.531172,9.08,restaurant,0.1,0
user_410,2025-05-26 15:43:21.531172,85.8,jewelry,0.1,0
user_100,2025-05-26 15:59:41.531172,25.91,department_store,0.3,0
user_313,2025-05-26 16:02:21.531172,5.0,department_store,0.1,0
user_941,2025-05-26 16:16:45.531172,11.55,pharmacy,0.1,0
user_410,2025-05-26 16:49:12.531172,436.2,restaurant,0.1,0
user_567,2025-05-26 17:18:12.531172,70.09,jewelry,0.1,0
user_250,2025-05-26 17:23:50.531172,378.99,restaurant,0.1,0
user_4,2025-05-26 17:42:24.531172,6.97,gas_station,0.1,0
user_933,2025-05-26 17:43:38.531172,9.15,pharmacy,0.1,0
user_291,2025-05-26 17:46:06.531172,23.13,airline,0.1,0
user_638,2025-05-26 18:09:34.531172,16.59,online_retail,0.1,0
user_819,2025-05-26 18:12:39.531172,29.88,online_retail,0.3,0
user_308,2025-05-26 18:25:05.531172,153.46,gas_station,0.1,0
user_518,2025-05-26 18:25:56.531172,6.64,department_store,0.6,0
user_462,2025-05-26 18:47:55.531172,10.19,grocery,0.1,0
user_312,2025-05-26 19:08:08.531172,43.43,online_retail,0.1,0
user_929,2025-05-26 19:13:35.531172,13.04,grocery,0.1,0
user_795,2025-05-26 19:28:42.531172,19.03,online_retail,0.1,0
user_729,2025-05-26 19:33:21.531172,142.4,hotel,0.1,0
user_140,2025-05-26 19:37:11.531172,29.0,grocery,0.6,0
user_724,2025-05-26 19:43:40.531172,5.0,pharmacy,0.1,0
user_443,2025-05-26 19:49:28.531172,26.9,gas_station,0.1,0
user_990,2025-05-26 20:11:35.531172,18.22,hotel,0.1,0
user_456,2025-05-26 20:14:29.531172,14.31,pharmacy,0.1,0
user_971,2025-05-26 20:19:12.531172,405.22,grocery,0.1,0
user_663,2025-05-26 20:36:27.531172,21.31,pharmacy,0.1,0
user_10,2025-05-26 20:53:25.531172,787.31,grocery,0.6,0
user_741,2025-05-26 21:02:27.531172,90.88,department_store,0.1,0
user_749,2025-05-26 21:16:19.531172,21.16,gas_station,0.1,0
user_382,2025-05-26 21:17:32.531172,5.0,gas_station,0.1,0
user_551,2025-05-26 21:36:29.531172,12.01,online_retail,0.7,1
user_13,2025-05-26 21:43:21.531172,16.04,grocery,0.1,0
user_691,2025-05-26 21:54:15.531172,47.76,restaurant,0.6,0
user_374,2025-05-26 21:58:28.531172,15.53,restaurant,0.3,0
user_920,2025-05-26 21:58:47.531172,6.31,entertainment,0.1,0
user_702,2025-05-26 22:27:13.531172,108.95,restaurant,0.1,0
user_358,2025-05-26 22:33:02.531172,437.59,restaurant,0.1,0
user_114,2025-05-26 22:51:10.531172,5.0,grocery,0.3,0
user_38,2025-05-26 23:24:49.531172,70.62,department_store,0.1,0
user_748,2025-05-26 23:32:43.531172,9.23,gas_station,0.1,0
user_857,2025-05-26 23:54:39.531172,218.57,restaurant,0.6,0
user_454,2025-05-27 00:05:04.531172,17.73,pharmacy,0.3,0
user_849,2025-05-27 00:16:41.531172,6.49,online_retail,0.3,0
user_216,2025-05-27 00:25:04.531172,8.88,electronics,0.1,0
user_503,2025-05-27 01:21:43.531172,9.23,grocery,0.3,0
user_84,2025-05-27 01:25:43.531172,5.0,gas_station,0.4,0
user_302,2025-05-27 01:47:25.531172,26.93,restaurant,0.1,0
user_428,2025-05-27 02:01:49.531172,56.0,online_retail,0.3,0
user_873,2025-05-27 02:17:24.531172,85.11,online_retail,0.1,0
user_254,2025-05-27 02:20:32.531172,6.95,pharmacy,0.1,0
user_791,2025-05-27 02:36:44.531172,130.48,pharmacy,0.1,0
user_503,2025-05-27 02:49:01.531172,18.92,car_rental,0.1,0
user_652,2025-05-27 03:04:00.531172,204.21,gas_station,0.1,0
user_44,2025-05-27 03:12:13.531172,41.3,grocery,0.1,0
user_401,2025-05-27 03:28:07.531172,5.79,online_retail,0.1,0
user_238,2025-05-27 03:33:53.531172,11.44,department_store,0.3,0
user_491,2025-05-27 03:46:43.531172,42.88,entertainment,0.3,0
user_293,2025-05-27 04:01:28.531172,203.6,restaurant,0.1,0
user_497,2025-05-27 04:02:51.531172,82.1,car_rental,0.1,0
user_834,2025-05-27 04:09:01.531172,24.59,gas_station,0.1,0
user_117,2025-05-27 04:15:33.531172,5.0,online_retail,0.1,0
user_452,2025-05-27 04:48:00.531172,34.55,department_store,0.1,0
user_888,2025-05-27 04:50:35.531172,231.04,grocery,0.6,0
user_768,2025-05-27 05:19:19.531172,5.0,gas_station,0.1,0
user_97,2025-05-27 05:38:47.531172,26.59,restaurant,0.1,0
user_982,2025-05-27 05:40:19.531172,12.45,gas_station,0.1,0
user_570,2025-05-27 05:49:31.531172,73.23,department_store,0.1,0
user_168,2025-05-27 06:09:07.531172,64.89,pharmacy,0.6,0
user_998,2025-05-27 06:32:09.531172,5.0,hotel,0.1,0
user_455,2025-05-27 07:14:00.531172,11.65,restaurant,0.1,0
user_7,2025-05-27 07:25:41.531172,52.85,restaurant,0.1,0
user_492,2025-05-27 07:31:21.531172,8.02,hotel,0.1,0
user_678,2025-05-27 07:35:38.531172,5.96,entertainment,0.1,0
user_306,2025-05-27 07:53:06.531172,13.49,car_rental,0.1,0
user_580,2025-05-27 07:53:18.531172,3600.53,online_retail,0.9,1
user_826,2025-05-27 07:56:04.531172,127.1,gas_station,0.3,0
user_958,2025-05-27 08:00:31.531172,8.59,grocery,0.1,0
user_401,2025-05-27 08:01:23.531172,6.57,entertainment,0.1,0
user_316,2025-05-27 08:41:00.531172,5.0,grocery,0.1,0
user_997,2025-05-27 09:05:56.531172,5.0,pharmacy,0.3,0
user_390,2025-05-27 09:23:36.531172,14.19,gas_station,0.1,0
user_936,2025-05-27 10:04:58.531172,21.29,gas_station,0.1,0
user_110,2025-05-27 10:07:17.531172,8.49,online_retail,0.3,0
user_318,2025-05-27 10:34:41.531172,372.77,electronics,0.1,0
user_844,2025-05-27 10:42:54.531172,181.59,restaurant,0.1,0
user_767,2025-05-27 10:46:41.531172,31.37,restaurant,0.1,0
user_271,2025-05-27 10:51:08.531172,5.0,grocery,0.6,0
user_642,2025-05-27 10:53:43.531172,14.1,online_retail,0.1,0
user_496,2025-05-27 11:14:11.531172,42.92,grocery,0.3,0
user_531,2025-05-27 11:29:14.531172,5.0,department_store,0.3,0
user_702,2025-05-27 11:39:27.531172,55.61,grocery,0.1,0
user_821,2025-05-27 11:42:17.531172,112.52,grocery,0.1,0
user_833,2025-05-27 11:43:31.531172,9.61,restaurant,0.1,0
user_97,2025-05-27 11:44:09.531172,21.08,department_store,0.1,0
user_769,2025-05-27 11:51:25.531172,5.0,car_rental,0.1,0
user_326,2025-05-27 12:07:30.531172,309.08,restaurant,0.1,0
user_496,2025-05-27 12:14:31.531172,6.45,gas_station,0.1,0
user_25,2025-05-27 12:16:11.531172,6.25,gas_station,0.4,0
user_287,2025-05-27 12:23:16.531172,19.02,grocery,0.3,0
user_375,2025-05-27 13:21:30.531172,23.69,online_retail,0.1,0
user_122,2025-05-27 13:27:24.531172,308.22,entertainment,0.1,0
user_873,2025-05-27 13:46:52.531172,37.57,grocery,0.6,0
user_461,2025-05-27 14:28:40.531172,7.99,gas_station,0.3,0
user_127,2025-05-27 14:38:14.531172,5.64,restaurant,0.1,0
user_556,2025-05-27 14:41:24.531172,24.25,gas_station,0.1,0
user_812,2025-05-27 14:55:02.531172,22.66,department_store,0.1,0
user_461,2025-05-27 14:59:41.531172,5.0,online_retail,0.1,0
user_350,2025-05-27 15:27:15.531172,69.37,online_retail,0.9,1
user_151,2025-05-27 15:36:22.531172,15.7,airline,0.1,0
user_10,2025-05-27 15:53:26.531172,11.54,online_retail,0.3,0
user_236,2025-05-27 16:07:01.531172,5.0,pharmacy,0.1,0
user_438,2025-05-27 16:09:14.531172,32.19,department_store,0.1,0
user_531,2025-05-27 16:14:01.531172,5.91,grocery,0.1,0
user_528,2025-05-27 16:45:57.531172,84.36,grocery,0.1,0
user_302,2025-05-27 17:17:54.531172,5.0,grocery,0.1,0
user_743,2025-05-27 17:22:10.531172,11.77,online_retail,0.1,0
user_761,2025-05-27 17:53:05.531172,44.98,entertainment,0.3,0
user_709,2025-05-27 18:08:03.531172,101.29,grocery,0.1,0
user_224,2025-05-27 18:48:00.531172,2071.1,online_retail,0.6,1
user_899,2025-05-27 19:43:28.531172,5.0,airline,0.1,0
user_222,2025-05-27 19:52:38.531172,8.4,gas_station,0.1,0
user_710,2025-05-27 20:32:34.531172,39.44,grocery,0.1,0
user_673,2025-05-27 20:36:56.531172,5.79,gas_station,0.4,0
user_478,2025-05-27 20:39:56.531172,16.43,electronics,0.1,0
user_640,2025-05-27 21:08:39.531172,18.69,online_retail,0.7,1
user_128,2025-05-27 21:09:11.531172,5.0,pharmacy,0.1,0
user_804,2025-05-27 21:53:36.531172,5.0,department_store,0.1,0
user_61,2025-05-27 22:02:55.531172,5.0,grocery,0.1,0
user_723,2025-05-27 22:06:48.531172,7.3,restaurant,0.3,0
user_294,2025-05-27 22:19:05.531172,43.9,entertainment,0.1,0
user_197,2025-05-27 22:25:02.531172,43.62,pharmacy,0.1,0
user_733,2025-05-27 22:27:33.531172,1306.17,hotel,0.1,0
user_292,2025-05-27 22:46:54.531172,27.14,online_retail,0.1,0
user_77,2025-05-27 23:00:00.531172,12.74,entertainment,0.1,0
user_151,2025-05-27 23:04:38.531172,29.48,restaurant,0.6,0
user_398,2025-05-27 23:25:40.531172,5.0,restaurant,0.3,0
user_713,2025-05-27 23:29:16.531172,195.18,restaurant,0.1,0
user_187,2025-05-27 23:38:20.531172,636.3,restaurant,0.1,0
user_609,2025-05-27 23:58:59.531172,226.57,department_store,0.3,0
user_160,2025-05-28 00:06:41.531172,31.38,online_retail,0.1,0
user_126,2025-05-28 00:34:08.531172,50.33,online_retail,0.1,0
user_180,2025-05-28 01:21:14.531172,6.5,online_retail,0.1,0
user_121,2025-05-28 01:26:14.531172,5.0,airline,0.1,0
user_477,2025-05-28 01:27:32.531172,5.0,hotel,0.1,0
user_42,2025-05-28 01:42:28.531172,139.87,grocery,0.1,0
user_384,2025-05-28 01:47:00.531172,9.55,jewelry,0.1,0
user_880,2025-05-28 01:47:42.531172,22.72,airline,0.3,0
user_172,2025-05-28 01:50:58.531172,402.19,grocery,0.3,0
user_30,2025-05-28 01:54:04.531172,207.63,airline,0.1,0
user_144,2025-05-28 02:01:21.531172,5.0,grocery,0.1,0
user_300,2025-05-28 02:05:25.531172,24.31,department_store,0.3,0
user_408,2025-05-28 02:23:16.531172,65.52,car_rental,0.3,0
user_782,2025-05-28 02:33:05.531172,26.39,online_retail,0.1,0
user_461,2025-05-28 02:57:38.531172,38.29,gas_station,0.1,0
user_20,2025-05-28 03:01:44.531172,5.0,restaurant,0.6,0
user_622,2025-05-28 03:28:50.531172,134.88,restaurant,0.3,0
user_240,2025-05-28 03:37:42.531172,37.08,department_store,0.1,0
user_943,2025-05-28 03:55:41.531172,17.5,restaurant,0.6,0
user_149,2025-05-28 04:04:31.531172,6.97,gas_station,0.1,0
user_829,2025-05-28 04:06:43.531172,5.0,grocery,0.6,0
user_681,2025-05-28 04:07:22.531172,85.94,online_retail,0.6,1
user_986,2025-05-28 04:16:13.531172,5.0,restaurant,0.3,0
user_48,2025-05-28 04:17:56.531172,273.53,department_store,0.6,0
user_13,2025-05-28 04:51:24.531172,138.13,electronics,0.1,0
user_293,2025-05-28 04:58:58.531172,22.71,online_retail,0.3,0
user_71,2025-05-28 05:00:48.531172,5.0,department_store,0.1,0
user_73,2025-05-28 05:21:33.531172,10.78,department_store,0.3,0
user_495,2025-05-28 05:21:34.531172,104.74,department_store,0.1,0
user_735,2025-05-28 05:47:19.531172,16.65,grocery,0.1,0
user_252,2025-05-28 05:53:59.531172,149.57,restaurant,0.3,0
user_850,2025-05-28 05:54:27.531172,47.21,grocery,0.6,0
user_254,2025-05-28 06:10:17.531172,72.61,department_store,0.1,0
user_214,2025-05-28 06:46:16.531172,6.73,pharmacy,0.3,0
user_804,2025-05-28 07:06:52.531172,22.23,hotel,0.1,0
user_763,2025-05-28 07:07:20.531172,27.66,entertainment,0.3,0
user_154,2025-05-28 07:08:50.531172,10.67,grocery,0.1,0
user_624,2025-05-28 07:17:10.531172,323.13,restaurant,0.1,0
user_645,2025-05-28 07:33:06.531172,23.72,gas_station,0.1,0
user_265,2025-05-28 07:47:08.531172,5.0,grocery,0.3,0
user_911,2025-05-28 07:57:54.531172,22.83,restaurant,0.1,0
user_467,2025-05-28 08:00:22.531172,28.95,department_store,0.3,0
user_441,2025-05-28 08:07:55.531172,139.49,department_store,0.1,0
user_130,2025-05-28 08:29:06.531172,17.32,hotel,0.3,0
user_84,2025-05-28 08:30:26.531172,6.3,online_retail,0.1,0
user_848,2025-05-28 08:53:07.531172,5.0,gas_station,0.1,0
user_107,2025-05-28 08:54:27.531172,220.24,electronics,0.3,0
user_361,2025-05-28 09:06:43.531172,86.32,entertainment,0.1,0
user_365,2025-05-28 09:13:05.531172,33.76,department_store,0.6,0
user_572,2025-05-28 09:20:10.531172,229.59,gas_station,0.1,0
user_215,2025-05-28 10:31:44.531172,11.24,department_store,0.1,0
user_724,2025-05-28 10:37:17.531172,14.26,jewelry,0.9,1
user_400,2025-05-28 10:52:53.531172,5.0,online_retail,0.1,0
user_612,2025-05-28 10:52:59.531172,7.85,restaurant,0.1,0
user_683,2025-05-28 10:54:27.531172,5.41,entertainment,0.3,0
user_725,2025-05-28 11:10:30.531172,5.0,grocery,0.1,0
user_959,2025-05-28 11:25:43.531172,9.5,grocery,0.3,0
user_434,2025-05-28 11:29:53.531172,6.68,car_rental,0.3,0
user_307,2025-05-28 11:35:15.531172,9.79,restaurant,0.3,0
user_891,2025-05-28 12:18:09.531172,21.07,pharmacy,0.1,0
user_764,2025-05-28 12:20:47.531172,76.69,gas_station,0.1,0
user_372,2025-05-28 12:21:17.531172,31.21,gas_station,0.3,0
user_387,2025-05-28 12:22:05.531172,10.22,department_store,0.6,0
user_544,2025-05-28 12:27:48.531172,92.45,department_store,0.1,0
user_708,2025-05-28 12:28:07.531172,5.0,gas_station,0.6,0
user_676,2025-05-28 12:29:45.531172,5.0,entertainment,0.6,0
user_67,2025-05-28 12:37:01.531172,9.15,entertainment,0.6,0
user_494,2025-05-28 13:00:06.531172,11.68,grocery,0.1,0
user_581,2025-05-28 13:00:13.531172,212.85,restaurant,0.1,0
user_620,2025-05-28 13:18:13.531172,37.69,department_store,0.3,0
user_822,2025-05-28 13:24:54.531172,95.59,hotel,0.1,0
user_900,2025-05-28 13:28:05.531172,5.0,gas_station,0.1,0
user_676,2025-05-28 13:29:49.531172,41.39,restaurant,0.6,0
user_365,2025-05-28 13:45:48.531172,5.0,entertainment,0.3,0
user_769,2025-05-28 13:47:07.531172,41.21,restaurant,0.3,0
user_482,2025-05-28 13:57:39.531172,72.6,department_store,0.4,0
user_703,2025-05-28 14:15:46.531172,7.1,pharmacy,0.3,0
user_708,2025-05-28 14:23:06.531172,53.11,gas_station,0.1,0
user_962,2025-05-28 14:27:08.531172,594.48,grocery,0.3,0
user_885,2025-05-28 14:31:43.531172,10.07,grocery,0.3,0
user_134,2025-05-28 14:45:28.531172,6.02,restaurant,0.1,0
user_242,2025-05-28 14:46:45.531172,40.56,online_retail,0.1,0
user_398,2025-05-28 15:11:33.531172,31.0,restaurant,0.1,0
user_624,2025-05-28 15:24:02.531172,5.0,entertainment,0.1,0
user_261,2025-05-28 15:25:30.531172,27.0,electronics,0.4,0
user_799,2025-05-28 15:34:17.531172,49.27,gas_station,0.3,0
user_599,2025-05-28 16:00:19.531172,5.0,gas_station,0.6,0
user_76,2025-05-28 16:05:39.531172,6.18,pharmacy,0.3,0
user_392,2025-05-28 16:23:20.531172,14.56,gas_station,0.4,0
user_672,2025-05-28 16:46:39.531172,46.73,department_store,0.1,0
user_261,2025-05-28 16:49:38.531172,437.53,entertainment,0.1,0
user_989,2025-05-28 17:25:51.531172,18.96,department_store,0.3,0
user_442,2025-05-28 17:52:45.531172,17.36,pharmacy,0.1,0
user_821,2025-05-28 17:55:22.531172,21.16,department_store,0.1,0
user_241,2025-05-28 18:35:19.531172,211.09,gas_station,0.1,0
user_592,2025-05-28 18:39:28.531172,18.6,gas_station,0.1,0
user_503,2025-05-28 19:09:12.531172,11.85,pharmacy,0.6,0
user_872,2025-05-28 19:23:57.531172,29.7,pharmacy,0.1,0
user_429,2025-05-28 19:24:49.531172,23.98,grocery,0.1,0
user_434,2025-05-28 19:34:27.531172,9.17,entertainment,0.1,0
user_463,2025-05-28 19:40:48.531172,377.28,gas_station,0.1,0
user_1000,2025-05-28 19:50:06.531172,59.79,online_retail,0.1,0
user_665,2025-05-28 19:58:42.531172,5.0,online_retail,0.3,0
user_713,2025-05-28 20:03:58.531172,5.94,entertainment,0.1,0
user_658,2025-05-28 20:32:27.531172,68.92,jewelry,0.9,1
user_692,2025-05-28 20:43:36.531172,5.0,pharmacy,0.3,0
user_340,2025-05-28 20:56:42.531172,49.48,restaurant,0.1,0
user_773,2025-05-28 20:58:27.531172,429.78,grocery,0.1,0
user_750,2025-05-28 21:06:53.531172,5.0,grocery,0.6,0
user_63,2025-05-28 21:06:59.531172,7.86,entertainment,0.6,0
user_206,2025-05-28 21:10:52.531172,5.0,online_retail,0.1,0
user_766,2025-05-28 21:20:36.531172,5.0,department_store,0.3,0
user_437,2025-05-28 21:36:49.531172,5.0,jewelry,0.1,0
user_404,2025-05-28 21:47:10.531172,17.87,restaurant,0.3,0
user_204,2025-05-28 21:50:45.531172,5.0,gas_station,0.3,0
user_587,2025-05-28 22:19:11.531172,5.0,grocery,0.1,0
user_18,2025-05-28 22:21:58.531172,41.38,pharmacy,0.1,0
user_140,2025-05-28 22:41:13.531172,98.66,restaurant,0.3,0
user_17,2025-05-28 22:58:59.531172,8.31,restaurant,0.3,0
user_676,2025-05-28 23:09:04.531172,93.74,department_store,0.3,0
user_29,2025-05-28 23:24:38.531172,27.69,restaurant,0.1,0
user_445,2025-05-28 23:56:18.531172,13.61,pharmacy,0.1,0
user_488,2025-05-29 00:34:32.531172,47.16,pharmacy,0.1,0
user_657,2025-05-29 00:51:54.531172,218.06,restaurant,0.3,0
user_705,2025-05-29 01:02:09.531172,5.0,gas_station,0.1,0
user_245,2025-05-29 01:13:39.531172,11.3,car_rental,0.1,0
user_215,2025-05-29 02:05:31.531172,5.0,gas_station,0.1,0
user_260,2025-05-29 02:21:14.531172,11.45,gas_station,0.1,0
user_498,2025-05-29 02:39:15.531172,184.92,online_retail,0.3,0
user_432,2025-05-29 02:44:58.531172,39.91,grocery,0.1,0
user_580,2025-05-29 02:54:33.531172,111.47,entertainment,0.3,0
user_140,2025-05-29 02:58:25.531172,54.86,gas_station,0.6,0
user_117,2025-05-29 03:01:22.531172,30.06,airline,0.3,0
user_889,2025-05-29 03:22:35.531172,5.0,grocery,0.3,0
user_845,2025-05-29 03:47:40.531172,53.29,gas_station,0.3,0
user_29,2025-05-29 04:04:46.531172,5.0,pharmacy,0.3,0
user_812,2025-05-29 04:24:20.531172,5.5,restaurant,0.3,0
user_683,2025-05-29 04:27:10.531172,5.0,grocery,0.1,0
user_673,2025-05-29 04:35:25.531172,91.58,gas_station,0.1,0
user_869,2025-05-29 04:49:47.531172,23.99,entertainment,0.1,0
user_163,2025-05-29 05:01:19.531172,13.17,restaurant,0.3,0
user_605,2025-05-29 05:43:18.531172,25.44,electronics,0.1,0
user_749,2025-05-29 05:47:42.531172,42.17,grocery,0.4,0
user_915,2025-05-29 05:51:57.531172,54.35,department_store,0.3,0
user_70,2025-05-29 06:03:40.531172,17.83,grocery,0.1,0
user_726,2025-05-29 06:28:14.531172,6.19,online_retail,0.6,1
user_134,2025-05-29 06:39:53.531172,39.95,restaurant,0.6,0
user_935,2025-05-29 06:57:18.531172,20.57,restaurant,0.1,0
user_582,2025-05-29 07:06:14.531172,5.05,gas_station,0.1,0
user_712,2025-05-29 07:10:17.531172,62.64,restaurant,0.1,0
user_946,2025-05-29 07:34:44.531172,57.45,gas_station,0.1,0
user_577,2025-05-29 07:56:49.531172,7.89,restaurant,0.1,0
user_569,2025-05-29 08:15:02.531172,8.57,online_retail,0.1,0
user_356,2025-05-29 08:36:07.531172,8.88,restaurant,0.3,0
user_68,2025-05-29 09:12:33.531172,57.11,airline,0.1,0
user_757,2025-05-29 09:16:20.531172,43.4,restaurant,0.1,0
user_307,2025-05-29 09:20:54.531172,38.19,entertainment,0.1,0
user_794,2025-05-29 09:24:12.531172,23.04,car_rental,0.1,0
user_611,2025-05-29 09:38:10.531172,5.0,department_store,0.1,0
user_759,2025-05-29 09:52:55.531172,13.86,department_store,0.3,0
user_534,2025-05-29 10:12:02.531172,5.0,electronics,0.1,0
user_801,2025-05-29 10:23:34.531172,64.42,department_store,0.3,0
user_716,2025-05-29 10:28:05.531172,5.0,jewelry,0.1,0
user_294,2025-05-29 10:34:51.531172,274.99,online_retail,0.1,0
user_131,2025-05-29 10:35:26.531172,120.15,grocery,0.1,0
user_825,2025-05-29 11:02:06.531172,11.19,electronics,0.1,0
user_987,2025-05-29 11:14:55.531172,8.41,gas_station,0.1,0
user_685,2025-05-29 11:16:45.531172,8.42,entertainment,0.9,1
user_575,2025-05-29 11:36:16.531172,267.47,electronics,0.1,0
user_41,2025-05-29 11:50:37.531172,5.0,department_store,0.3,0
user_873,2025-05-29 11:55:37.531172,24.91,restaurant,0.1,0
user_110,2025-05-29 12:00:09.531172,35.03,online_retail,0.1,0
user_686,2025-05-29 12:06:19.531172,21.55,entertainment,0.1,0
user_275,2025-05-29 12:19:02.531172,41.75,jewelry,0.7,1
user_447,2025-05-29 12:38:08.531172,155.43,car_rental,0.3,0
user_435,2025-05-29 12:40:53.531172,13.94,car_rental,0.1,0
user_302,2025-05-29 13:17:46.531172,199.07,online_retail,0.6,0
user_273,2025-05-29 13:17:52.531172,6.9,online_retail,0.1,0
user_335,2025-05-29 13:48:56.531172,9.88,restaurant,0.3,0
user_608,2025-05-29 14:56:39.531172,124.83,restaurant,0.1,0
user_907,2025-05-29 15:06:14.531172,146.05,pharmacy,0.1,0
user_457,2025-05-29 15:20:41.531172,20.04,grocery,0.3,0
user_311,2025-05-29 15:23:30.531172,99.82,online_retail,0.1,0
user_354,2025-05-29 15:28:38.531172,76.54,department_store,0.1,0
user_901,2025-05-29 15:43:27.531172,9.82,grocery,0.6,0
user_984,2025-05-29 16:15:57.531172,11.72,car_rental,0.1,0
user_936,2025-05-29 16:45:37.531172,19.03,restaurant,0.1,0
user_399,2025-05-29 16:51:36.531172,26.29,gas_station,0.1,0
user_523,2025-05-29 16:57:01.531172,7.2,gas_station,0.1,0
user_878,2025-05-29 16:58:33.531172,74.74,pharmacy,0.3,0
user_83,2025-05-29 17:09:12.531172,80.52,grocery,0.1,0
user_780,2025-05-29 17:17:46.531172,61.5,online_retail,0.4,0
user_193,2025-05-29 17:18:15.531172,286.76,department_store,0.3,0
user_129,2025-05-29 17:45:50.531172,29.15,gas_station,0.3,0
user_676,2025-05-29 17:47:27.531172,6.37,grocery,0.1,0
user_203,2025-05-29 17:48:23.531172,5.57,online_retail,0.1,0
user_889,2025-05-29 17:54:02.531172,37.52,department_store,0.3,0
user_974,2025-05-29 18:14:01.531172,16.92,department_store,0.1,0
user_943,2025-05-29 18:24:58.531172,5.0,pharmacy,0.3,0
user_226,2025-05-29 18:39:53.531172,32.45,electronics,0.1,0
user_869,2025-05-29 18:45:03.531172,41.47,gas_station,0.3,0
user_7,2025-05-29 18:58:58.531172,70.17,online_retail,0.7,1
user_55,2025-05-29 18:59:02.531172,5.0,restaurant,0.1,0
user_543,2025-05-29 19:26:33.531172,5.0,department_store,0.6,0
user_618,2025-05-29 19:33:33.531172,52.19,restaurant,0.3,0
user_727,2025-05-29 19:34:45.531172,61.33,gas_station,0.9,0
user_382,2025-05-29 19:57:48.531172,39.1,entertainment,0.7,0
user_758,2025-05-29 19:58:46.531172,31.65,car_rental,0.1,0
user_598,2025-05-29 20:03:34.531172,29.28,gas_station,0.7,0
user_908,2025-05-29 20:26:18.531172,6.02,jewelry,0.1,0
user_432,2025-05-29 20:37:06.531172,5.0,department_store,0.4,0
user_125,2025-05-29 20:58:09.531172,12.69,electronics,0.3,0
user_257,2025-05-29 21:15:21.531172,140.33,pharmacy,0.7,0
user_403,2025-05-29 21:31:45.531172,29.86,online_retail,0.6,0
user_884,2025-05-29 21:35:17.531172,30.05,grocery,0.4,0
user_954,2025-05-29 21:43:16.531172,20.84,online_retail,0.3,0
user_827,2025-05-29 21:54:06.531172,5.0,gas_station,0.3,0
user_205,2025-05-29 21:54:43.531172,92.29,online_retail,0.1,0
user_676,2025-05-29 21:57:08.531172,5.0,grocery,0.1,0
user_546,2025-05-29 22:25:59.531172,30.49,gas_station,0.1,0
user_678,2025-05-29 23:01:56.531172,346.81,hotel,0.1,0
user_843,2025-05-29 23:15:37.531172,95.57,gas_station,0.3,0
user_111,2025-05-29 23:25:01.531172,71.71,electronics,0.1,0
user_180,2025-05-29 23:48:26.531172,11.23,online_retail,0.1,0
user_584,2025-05-29 23:59:54.531172,22.43,gas_station,0.6,0
user_568,2025-05-30 00:09:18.531172,21.43,grocery,0.1,0
user_306,2025-05-30 00:45:35.531172,162.06,car_rental,0.1,0
user_771,2025-05-30 00:50:16.531172,5.0,restaurant,0.4,0
user_104,2025-05-30 01:12:24.531172,224.92,restaurant,0.3,0
user_259,2025-05-30 01:21:38.531172,201.24,department_store,0.1,0
user_939,2025-05-30 01:35:13.531172,10.25,department_store,0.1,0
user_755,2025-05-30 01:45:39.531172,22.27,electronics,0.1,0
user_259,2025-05-30 01:47:16.531172,14.33,restaurant,0.7,0
user_397,2025-05-30 02:09:32.531172,11.16,grocery,0.3,0
user_384,2025-05-30 02:10:40.531172,5.0,gas_station,0.6,0
user_169,2025-05-30 02:14:17.531172,9.91,jewelry,0.1,0
user_891,2025-05-30 02:37:02.531172,230.2,pharmacy,0.3,0
user_770,2025-05-30 02:37:50.531172,117.71,restaurant,0.1,0
user_799,2025-05-30 02:43:58.531172,16.56,pharmacy,0.1,0
user_702,2025-05-30 02:48:43.531172,52.78,restaurant,0.1,0
user_411,2025-05-30 02:51:37.531172,6.74,grocery,0.3,0
user_116,2025-05-30 03:01:58.531172,5.0,gas_station,0.1,0
user_638,2025-05-30 03:26:29.531172,79.43,restaurant,0.1,0
user_430,2025-05-30 03:31:05.531172,5.0,restaurant,0.1,0
user_442,2025-05-30 03:33:30.531172,22.2,restaurant,0.1,0
user_786,2025-05-30 03:53:16.531172,5.0,airline,0.6,0
user_903,2025-05-30 03:58:45.531172,16.59,grocery,0.3,0
user_323,2025-05-30 04:14:38.531172,95.9,car_rental,0.3,0
user_169,2025-05-30 04:26:04.531172,243.71,gas_station,0.1,0
user_510,2025-05-30 04:37:34.531172,53.74,car_rental,0.1,0
user_312,2025-05-30 04:54:22.531172,7.58,gas_station,0.1,0
user_516,2025-05-30 05:24:28.531172,36.08,pharmacy,0.1,0
user_568,2025-05-30 05:25:57.531172,12.13,department_store,0.1,0
user_243,2025-05-30 05:43:59.531172,202.0,grocery,0.1,0
user_469,2025-05-30 05:45:15.531172,86.49,grocery,0.3,0
user_284,2025-05-30 05:53:53.531172,26.68,grocery,0.1,0
user_275,2025-05-30 06:04:11.531172,233.95,entertainment,0.1,0
user_466,2025-05-30 06:33:55.531172,35.96,grocery,0.1,0
user_606,2025-05-30 06:37:17.531172,64.42,gas_station,0.1,0
user_522,2025-05-30 06:58:58.531172,6.3,online_retail,0.1,0
user_242,2025-05-30 07:04:28.531172,31.76,gas_station,0.3,0
user_16,2025-05-30 07:07:53.531172,19.96,restaurant,0.1,0
user_623,2025-05-30 07:13:01.531172,18.1,department_store,0.3,0
user_336,2025-05-30 07:26:31.531172,143.63,gas_station,0.3,0
user_966,2025-05-30 07:28:14.531172,102.68,gas_station,0.6,0
user_240,2025-05-30 07:39:55.531172,58.01,gas_station,0.4,0
user_537,2025-05-30 07:54:25.531172,10.1,pharmacy,0.1,0
user_312,2025-05-30 08:20:43.531172,571.65,online_retail,0.1,0
user_686,2025-05-30 08:21:13.531172,22.17,grocery,0.6,0
user_644,2025-05-30 08:23:02.531172,5.0,restaurant,0.3,0
user_765,2025-05-30 08:30:10.531172,5.0,online_retail,0.1,0
user_80,2025-05-30 08:40:55.531172,5.0,online_retail,0.1,0
user_656,2025-05-30 08:58:10.531172,5.0,grocery,0.1,0
user_996,2025-05-30 09:31:21.531172,5.0,grocery,0.3,0
user_270,2025-05-30 09:43:17.531172,44.86,grocery,0.1,0
user_120,2025-05-30 09:56:57.531172,15.13,grocery,0.3,0
user_733,2025-05-30 09:57:24.531172,5.0,restaurant,0.1,0
user_950,2025-05-30 10:14:00.531172,7.46,grocery,0.3,0
user_211,2025-05-30 10:16:35.531172,5.0,online_retail,0.6,0
user_275,2025-05-30 10:50:28.531172,10.39,restaurant,0.1,0
user_991,2025-05-30 11:09:04.531172,5.0,gas_station,0.1,0
user_785,2025-05-30 11:10:17.531172,67.65,car_rental,0.1,0
user_954,2025-05-30 11:11:32.531172,5.0,hotel,0.3,0
user_394,2025-05-30 11:16:27.531172,5.0,restaurant,0.3,0
user_433,2025-05-30 11:37:29.531172,5.0,jewelry,0.1,0
user_564,2025-05-30 11:45:50.531172,13.77,grocery,0.3,0
user_140,2025-05-30 12:20:34.531172,206.94,grocery,0.1,0
user_44,2025-05-30 12:36:36.531172,17.76,restaurant,0.3,0
user_541,2025-05-30 13:10:49.531172,19.91,pharmacy,0.3,0
user_960,2025-05-30 13:12:09.531172,5.0,pharmacy,0.3,0
user_562,2025-05-30 13:35:53.531172,6.8,hotel,0.1,0
user_107,2025-05-30 13:42:54.531172,5.0,entertainment,0.1,0
user_258,2025-05-30 13:49:21.531172,12.68,online_retail,0.1,0
user_37,2025-05-30 14:09:43.531172,17.67,department_store,0.3,0
user_764,2025-05-30 14:27:58.531172,168.92,airline,0.4,0
user_207,2025-05-30 14:59:21.531172,5.0,department_store,0.1,0
user_89,2025-05-30 15:13:42.531172,17.02,grocery,0.3,0
user_563,2025-05-30 15:20:24.531172,34.2,online_retail,0.3,0
user_117,2025-05-30 15:26:09.531172,201.03,restaurant,0.3,0
user_904,2025-05-30 15:44:52.531172,19.43,department_store,0.6,0
user_316,2025-05-30 15:57:52.531172,63.36,gas_station,0.6,0
user_122,2025-05-30 15:58:18.531172,13.48,restaurant,0.1,0
user_486,2025-05-30 16:18:04.531172,233.29,airline,0.6,0
user_824,2025-05-30 16:22:01.531172,120.83,gas_station,0.3,0
user_700,2025-05-30 16:22:52.531172,7.05,online_retail,0.1,0
user_919,2025-05-30 16:44:09.531172,33.42,gas_station,0.3,0
user_109,2025-05-30 16:49:25.531172,5.49,entertainment,0.1,0
user_678,2025-05-30 17:11:47.531172,51.84,entertainment,0.1,0
user_32,2025-05-30 17:31:14.531172,79.06,pharmacy,0.3,0
user_787,2025-05-30 17:41:24.531172,9.19,gas_station,0.1,0
user_164,2025-05-30 18:03:02.531172,5.97,gas_station,0.6,0
user_158,2025-05-30 18:18:24.531172,42.57,gas_station,0.1,0
user_519,2025-05-30 18:20:34.531172,5.0,restaurant,0.3,0
user_878,2025-05-30 18:29:41.531172,5.0,grocery,0.3,0
user_506,2025-05-30 18:56:55.531172,19.38,restaurant,0.1,0
user_384,2025-05-30 19:07:28.531172,71.23,entertainment,0.3,0
user_189,2025-05-30 19:13:34.531172,6.71,grocery,0.1,0
user_599,2025-05-30 19:21:34.531172,114.64,online_retail,0.6,0
user_138,2025-05-30 19:21:45.531172,44.04,pharmacy,0.1,0
user_22,2025-05-30 19:32:47.531172,22.04,restaurant,0.1,0
user_90,2025-05-30 19:33:27.531172,25.28,gas_station,0.1,0
user_195,2025-05-30 19:45:37.531172,15.22,restaurant,0.3,0
user_191,2025-05-30 19:51:52.531172,16.73,gas_station,0.1,0
user_672,2025-05-30 20:18:03.531172,40.85,electronics,0.6,0
user_939,2025-05-30 20:20:47.531172,101.71,department_store,0.1,0
user_690,2025-05-30 20:28:06.531172,17.2,hotel,0.1,0
user_954,2025-05-30 20:44:00.531172,5.19,grocery,0.1,0
user_109,2025-05-30 20:46:23.531172,5.0,restaurant,0.1,0
user_614,2025-05-30 21:06:15.531172,104.93,car_rental,0.1,0
user_57,2025-05-30 21:11:00.531172,138.84,electronics,0.3,0
user_316,2025-05-30 21:21:22.531172,5.0,grocery,0.1,0
user_10,2025-05-30 21:37:36.531172,21.13,gas_station,0.1,0
user_85,2025-05-30 21:45:44.531172,103.35,gas_station,0.1,0
user_353,2025-05-30 22:05:39.531172,183.4,grocery,0.3,0
user_753,2025-05-30 22:40:16.531172,6.85,department_store,0.3,0
user_236,2025-05-30 22:42:12.531172,5.0,online_retail,0.1,0
user_583,2025-05-30 22:51:03.531172,73.36,gas_station,0.1,0
user_652,2025-05-30 23:05:59.531172,9.59,department_store,0.1,0
user_270,2025-05-30 23:27:28.531172,27.07,grocery,0.1,0
user_204,2025-05-30 23:36:31.531172,112.22,hotel,0.4,0
user_883,2025-05-30 23:43:22.531172,46.3,grocery,0.1,0
user_730,2025-05-31 00:32:11.531172,13.17,restaurant,0.1,0
user_476,2025-05-31 00:42:33.531172,10.96,restaurant,0.1,0
user_498,2025-05-31 01:28:16.531172,45.92,restaurant,0.3,0
user_987,2025-05-31 01:52:00.531172,27.85,restaurant,0.3,0
user_730,2025-05-31 02:07:14.531172,128.42,grocery,0.1,0
user_863,2025-05-31 02:12:17.531172,13.21,online_retail,0.6,0
user_544,2025-05-31 02:16:27.531172,8.2,online_retail,0.3,0
user_421,2025-05-31 02:19:55.531172,27.5,hotel,0.1,0
user_409,2025-05-31 02:20:25.531172,35.05,grocery,0.1,0
user_7,2025-05-31 02:22:21.531172,18.13,entertainment,0.1,0
user_586,2025-05-31 02:27:19.531172,27.26,department_store,0.3,0
user_880,2025-05-31 02:44:12.531172,302.58,hotel,0.3,0
user_406,2025-05-31 02:46:08.531172,5.0,grocery,0.1,0
user_123,2025-05-31 02:50:52.531172,6.4,gas_station,0.1,0
user_315,2025-05-31 02:57:03.531172,6.1,electronics,0.3,0
user_36,2025-05-31 02:59:20.531172,10.97,department_store,0.3,0
user_104,2025-05-31 03:09:54.531172,5.0,online_retail,0.1,0
user_407,2025-05-31 03:11:46.531172,39.33,grocery,0.1,0
user_18,2025-05-31 03:15:21.531172,27.68,restaurant,0.1,0
user_480,2025-05-31 03:17:12.531172,10.27,gas_station,0.1,0
user_130,2025-05-31 03:25:51.531172,5.0,online_retail,0.3,0
user_138,2025-05-31 03:30:32.531172,5.0,grocery,0.3,0
user_748,2025-05-31 03:31:50.531172,6.49,department_store,0.3,0
user_317,2025-05-31 03:38:00.531172,66.98,grocery,0.1,0
user_580,2025-05-31 03:40:08.531172,21.08,hotel,0.1,0
user_335,2025-05-31 03:41:18.531172,23.99,grocery,0.1,0
user_34,2025-05-31 03:51:35.531172,79.29,restaurant,0.3,0
user_96,2025-05-31 04:05:17.531172,245.58,restaurant,0.3,0
user_509,2025-05-31 04:32:36.531172,10.9,department_store,0.9,0
user_951,2025-05-31 04:42:10.531172,147.63,entertainment,0.1,0
user_444,2025-05-31 04:45:55.531172,19.87,grocery,0.1,0
user_75,2025-05-31 05:28:36.531172,5.0,grocery,0.3,0
user_882,2025-05-31 05:33:42.531172,5.0,department_store,0.1,0
user_178,2025-05-31 05:46:16.531172,7.53,restaurant,0.1,0
user_455,2025-05-31 05:55:30.531172,5.6,grocery,0.3,0
user_159,2025-05-31 05:58:29.531172,20.87,airline,0.3,0
user_579,2025-05-31 06:14:17.531172,5.0,restaurant,0.1,0
user_274,2025-05-31 06:24:05.531172,114.95,pharmacy,0.1,0
user_760,2025-05-31 06:25:49.531172,11.84,grocery,0.1,0
user_954,2025-05-31 07:06:31.531172,7.42,gas_station,0.1,0
user_144,2025-05-31 07:10:12.531172,83.36,grocery,0.1,0
user_980,2025-05-31 07:52:23.531172,46.99,online_retail,0.6,0
user_872,2025-05-31 07:54:30.531172,5.0,gas_station,0.1,0
user_108,2025-05-31 08:19:58.531172,5.0,restaurant,0.1,0
user_869,2025-05-31 08:36:16.531172,62.72,online_retail,0.4,0
user_260,2025-05-31 08:40:33.531172,14.83,entertainment,0.1,0
user_734,2025-05-31 08:53:46.531172,31.06,gas_station,0.6,0
user_590,2025-05-31 09:06:44.531172,36.72,grocery,0.1,0
user_142,2025-05-31 09:11:34.531172,9.32,restaurant,0.3,0
user_503,2025-05-31 09:15:53.531172,24.26,entertainment,0.1,0
user_626,2025-05-31 09:19:27.531172,186.65,online_retail,0.1,0
user_248,2025-05-31 09:31:53.531172,17.97,gas_station,0.1,0
user_294,2025-05-31 09:47:45.531172,5.0,pharmacy,0.3,0
user_432,2025-05-31 09:48:12.531172,7.98,online_retail,0.3,0
user_806,2025-05-31 10:04:12.531172,12.15,restaurant,0.1,0
user_271,2025-05-31 10:41:46.531172,41.85,grocery,0.1,0
user_98,2025-05-31 10:44:23.531172,34.77,hotel,0.3,0
user_465,2025-05-31 11:01:37.531172,37.14,department_store,0.3,0
user_574,2025-05-31 11:14:32.531172,12.16,online_retail,0.1,0
user_148,2025-05-31 11:34:27.531172,833.99,airline,0.3,0
user_455,2025-05-31 12:03:39.531172,158.28,gas_station,0.1,0
user_128,2025-05-31 12:25:07.531172,31.37,online_retail,0.6,0
user_417,2025-05-31 12:37:40.531172,9.72,gas_station,0.1,0
user_408,2025-05-31 13:29:45.531172,5.0,grocery,0.3,0
user_161,2025-05-31 13:40:10.531172,8.79,entertainment,0.3,0
user_308,2025-05-31 13:40:48.531172,12.72,gas_station,0.6,0
user_52,2025-05-31 14:14:19.531172,17.45,hotel,0.1,0
user_726,2025-05-31 14:21:26.531172,30.32,gas_station,0.1,0
user_244,2025-05-31 14:39:17.531172,6.68,grocery,0.1,0
user_870,2025-05-31 14:49:08.531172,172.51,entertainment,0.4,0
user_43,2025-05-31 15:06:56.531172,30.17,entertainment,0.3,0
user_368,2025-05-31 15:08:13.531172,10.94,online_retail,0.3,0
user_345,2025-05-31 15:08:14.531172,19.81,grocery,0.6,0
user_558,2025-05-31 15:10:01.531172,199.4,gas_station,0.1,0
user_361,2025-05-31 15:11:18.531172,5.0,grocery,0.1,0
user_560,2025-05-31 15:21:23.531172,28.96,grocery,0.3,0
user_592,2025-05-31 15:21:52.531172,5.0,car_rental,0.1,0
user_242,2025-05-31 15:23:33.531172,25.84,entertainment,0.6,0
user_806,2025-05-31 15:51:14.531172,54.46,gas_station,0.1,0
user_238,2025-05-31 15:53:06.531172,12.58,gas_station,0.1,0
user_984,2025-05-31 16:20:02.531172,115.78,grocery,0.3,0
user_442,2025-05-31 16:33:47.531172,822.7,online_retail,0.1,0
user_912,2025-05-31 17:31:14.531172,5.0,restaurant,0.1,0
user_434,2025-05-31 17:52:18.531172,39.52,online_retail,0.3,0
user_390,2025-05-31 17:59:33.531172,764.53,pharmacy,0.1,0
user_694,2025-05-31 18:19:24.531172,5.07,gas_station,0.1,0
user_823,2025-05-31 18:26:51.531172,9.05,entertainment,0.1,0
user_768,2025-05-31 18:27:09.531172,6.02,grocery,0.1,0
user_759,2025-05-31 18:39:20.531172,13.6,grocery,0.1,0
user_299,2025-05-31 18:45:55.531172,9.89,online_retail,0.1,0
user_653,2025-05-31 18:49:33.531172,26.27,online_retail,0.3,0
user_769,2025-05-31 19:42:44.531172,7.2,grocery,0.1,0
user_657,2025-05-31 20:00:32.531172,42.04,gas_station,0.1,0
user_466,2025-05-31 20:01:50.531172,28.84,entertainment,0.1,0
user_622,2025-05-31 20:16:53.531172,5.0,gas_station,0.1,0
user_357,2025-05-31 20:28:52.531172,29.37,restaurant,0.3,0
user_849,2025-05-31 20:43:39.531172,31.83,restaurant,0.3,0
user_931,2025-05-31 20:48:28.531172,5.0,online_retail,0.1,0
user_63,2025-05-31 21:04:34.531172,161.53,online_retail,0.1,0
user_544,2025-05-31 21:16:55.531172,18.12,grocery,0.1,0
user_861,2025-05-31 22:09:33.531172,5.0,restaurant,0.1,0
user_627,2025-05-31 22:22:53.531172,31.1,pharmacy,0.6,0
user_79,2025-05-31 22:31:12.531172,13.62,online_retail,0.1,0
user_111,2025-05-31 22:54:43.531172,10.81,restaurant,0.4,0
user_676,2025-05-31 23:16:10.531172,64.09,grocery,0.1,0
user_563,2025-05-31 23:16:19.531172,10.29,department_store,0.1,0
user_145,2025-05-31 23:18:57.531172,11.25,grocery,0.3,0
user_244,2025-05-31 23:32:34.531172,5.0,department_store,0.1,0
user_116,2025-05-31 23:48:24.531172,31.51,restaurant,0.1,0
user_219,2025-06-01 00:07:46.531172,299.29,grocery,0.1,0
user_81,2025-06-01 00:26:02.531172,89.48,grocery,0.1,0
user_35,2025-06-01 00:33:19.531172,116.33,restaurant,0.1,0
user_497,2025-06-01 00:41:23.531172,29.96,grocery,0.1,0
user_841,2025-06-01 00:43:12.531172,9.47,gas_station,0.1,0
user_175,2025-06-01 00:55:26.531172,151.93,gas_station,0.1,0
user_108,2025-06-01 01:05:12.531172,5.0,gas_station,0.1,0
user_811,2025-06-01 01:16:37.531172,10.03,gas_station,0.3,0
user_96,2025-06-01 01:17:20.531172,368.41,grocery,0.1,0
user_141,2025-06-01 01:22:02.531172,36.59,entertainment,0.6,1
user_799,2025-06-01 01:22:03.531172,15.8,grocery,0.3,0
user_1000,2025-06-01 01:33:32.531172,5.0,grocery,0.3,0
user_477,2025-06-01 02:39:53.531172,281.73,grocery,0.1,0
user_767,2025-06-01 02:44:26.531172,22.08,restaurant,0.1,0
user_383,2025-06-01 03:16:46.531172,8.1,pharmacy,0.6,0
user_670,2025-06-01 03:33:42.531172,5.0,department_store,0.1,0
user_377,2025-06-01 03:34:34.531172,8.48,hotel,0.1,0
user_369,2025-06-01 03:57:24.531172,5.0,restaurant,0.6,0
user_373,2025-06-01 04:35:05.531172,22.42,restaurant,0.3,0
user_447,2025-06-01 04:40:38.531172,15.44,restaurant,0.3,0
user_93,2025-06-01 05:01:09.531172,65.87,jewelry,0.7,1
user_420,2025-06-01 05:02:23.531172,28.54,pharmacy,0.1,0
user_823,2025-06-01 05:03:08.531172,92.47,airline,0.1,0
user_498,2025-06-01 05:12:47.531172,393.43,pharmacy,0.1,0
user_47,2025-06-01 05:21:01.531172,58.78,hotel,0.3,0
user_406,2025-06-01 05:27:19.531172,25.21,entertainment,0.1,0
user_137,2025-06-01 05:58:45.531172,24.84,restaurant,0.6,0
user_753,2025-06-01 06:21:27.531172,15.93,grocery,0.3,0
user_541,2025-06-01 06:32:42.531172,50.56,restaurant,0.3,0
user_574,2025-06-01 06:51:21.531172,5.0,grocery,0.3,0
user_73,2025-06-01 07:04:42.531172,128.6,grocery,0.6,0
user_384,2025-06-01 07:26:05.531172,5.0,hotel,0.1,0
user_542,2025-06-01 07:27:25.531172,17.68,gas_station,0.1,0
user_582,2025-06-01 08:29:06.531172,33.82,grocery,0.1,0
user_497,2025-06-01 08:49:13.531172,5.0,grocery,0.3,0
user_380,2025-06-01 08:59:54.531172,236.29,restaurant,0.1,0
user_510,2025-06-01 09:04:17.531172,8.96,department_store,0.3,0
user_648,2025-06-01 09:55:12.531172,93.25,grocery,0.1,0
user_121,2025-06-01 10:03:31.531172,15.22,airline,0.3,0
user_291,2025-06-01 10:05:52.531172,5.0,gas_station,0.7,0
user_413,2025-06-01 10:28:27.531172,44.76,gas_station,0.3,0
user_523,2025-06-01 10:56:26.531172,5.0,gas_station,0.1,0
user_240,2025-06-01 10:58:04.531172,211.42,restaurant,0.6,0
user_250,2025-06-01 11:21:38.531172,12.22,entertainment,0.1,0
user_397,2025-06-01 11:40:12.531172,10.99,gas_station,0.1,0
user_842,2025-06-01 11:42:59.531172,5.0,online_retail,0.1,0
user_974,2025-06-01 12:05:18.531172,46.38,electronics,0.7,1
user_229,2025-06-01 12:14:28.531172,92.12,gas_station,0.3,0
user_778,2025-06-01 12:32:35.531172,33.11,jewelry,0.1,0
user_246,2025-06-01 12:47:47.531172,5.0,entertainment,0.3,0
user_80,2025-06-01 12:55:10.531172,197.74,online_retail,0.1,0
user_934,2025-06-01 13:23:49.531172,125.31,hotel,0.3,0
user_707,2025-06-01 13:38:03.531172,5.0,gas_station,0.1,0
user_646,2025-06-01 13:43:16.531172,27.83,department_store,0.3,0
user_465,2025-06-01 14:12:04.531172,26.9,department_store,0.6,0
user_536,2025-06-01 14:13:27.531172,107.72,restaurant,0.1,0
user_697,2025-06-01 14:32:38.531172,6.93,department_store,0.3,0
user_211,2025-06-01 15:27:02.531172,13.88,gas_station,0.1,0
user_874,2025-06-01 15:28:31.531172,10.84,hotel,0.6,0
user_913,2025-06-01 15:38:29.531172,8.95,entertainment,0.3,0
user_24,2025-06-01 16:01:24.531172,62.65,pharmacy,0.1,0
user_896,2025-06-01 16:03:16.531172,5.0,gas_station,0.3,0
user_128,2025-06-01 16:16:23.531172,239.95,online_retail,0.1,0
user_716,2025-06-01 16:30:47.531172,6.28,restaurant,0.3,0
user_83,2025-06-01 17:17:11.531172,9.98,grocery,0.6,0
user_142,2025-06-01 17:37:38.531172,5.0,pharmacy,0.1,0
user_456,2025-06-01 17:56:51.531172,16.21,entertainment,0.6,0
user_511,2025-06-01 18:06:52.531172,127.66,online_retail,0.1,0
user_971,2025-06-01 18:07:38.531172,31.58,restaurant,0.1,0
user_66,2025-06-01 18:08:06.531172,37.46,grocery,0.6,0
user_573,2025-06-01 18:14:14.531172,7.03,department_store,0.1,0
user_441,2025-06-01 18:40:47.531172,4184.19,jewelry,0.7,1
user_703,2025-06-01 19:05:06.531172,244.33,entertainment,0.1,0
user_486,2025-06-01 19:08:26.531172,17.42,hotel,0.1,0
user_969,2025-06-01 19:23:52.531172,405.44,airline,0.1,0
user_232,2025-06-01 19:24:02.531172,8.11,entertainment,0.3,0
user_984,2025-06-01 19:29:46.531172,11.67,restaurant,0.1,0
user_855,2025-06-01 19:48:40.531172,20.92,gas_station,0.1,0
user_387,2025-06-01 19:55:07.531172,60.26,hotel,0.1,0
user_283,2025-06-01 19:58:08.531172,5.0,hotel,0.1,0
user_509,2025-06-01 20:00:36.531172,14.54,grocery,0.1,0
user_113,2025-06-01 20:03:38.531172,12.24,pharmacy,0.3,0
user_130,2025-06-01 20:06:58.531172,6.73,department_store,0.6,0
user_897,2025-06-01 20:10:44.531172,10.12,electronics,0.3,0
user_2,2025-06-01 20:30:35.531172,42.99,department_store,0.3,0
user_770,2025-06-01 20:34:35.531172,9.55,pharmacy,0.1,0
user_200,2025-06-01 20:35:04.531172,79.44,hotel,0.6,0
user_891,2025-06-01 20:49:20.531172,51.58,restaurant,0.6,0
user_618,2025-06-01 20:52:05.531172,5.0,restaurant,0.1,0
user_679,2025-06-01 21:24:58.531172,5.0,online_retail,0.6,0
user_538,2025-06-01 21:28:42.531172,10.07,grocery,0.1,0
user_694,2025-06-01 22:10:55.531172,67.72,online_retail,0.1,0
user_40,2025-06-01 22:12:29.531172,11.43,grocery,0.1,0
user_862,2025-06-01 23:00:50.531172,5.0,pharmacy,0.1,0
user_212,2025-06-01 23:17:36.531172,10.26,restaurant,0.1,0
user_721,2025-06-01 23:53:40.531172,62.16,restaurant,0.1,0
user_391,2025-06-02 00:07:31.531172,9.18,grocery,0.1,0
user_752,2025-06-02 00:45:56.531172,5.0,gas_station,0.3,0
user_163,2025-06-02 00:46:12.531172,5.0,online_retail,0.1,0
user_126,2025-06-02 00:48:19.531172,90.75,restaurant,0.3,0
user_878,2025-06-02 00:49:01.531172,37.52,pharmacy,0.6,0
user_442,2025-06-02 01:27:32.531172,10.09,restaurant,0.1,0
user_62,2025-06-02 01:59:02.531172,5.0,gas_station,0.6,0
user_886,2025-06-02 02:09:34.531172,17.59,grocery,0.1,0
user_839,2025-06-02 02:42:45.531172,62.19,restaurant,0.1,0
user_449,2025-06-02 02:53:57.531172,216.84,gas_station,0.3,0
user_321,2025-06-02 02:54:30.531172,17.42,online_retail,0.3,0
user_208,2025-06-02 03:00:48.531172,34.91,department_store,0.1,0
user_14,2025-06-02 03:03:24.531172,135.35,grocery,0.1,0
user_537,2025-06-02 03:05:56.531172,41.96,airline,0.1,0
user_42,2025-06-02 03:10:03.531172,6.85,restaurant,0.1,0
user_579,2025-06-02 03:10:47.531172,10.08,gas_station,0.3,0
user_831,2025-06-02 03:23:36.531172,28.31,grocery,0.3,0
user_903,2025-06-02 03:52:20.531172,34.18,entertainment,0.1,0
user_278,2025-06-02 03:53:18.531172,5.03,gas_station,0.1,0
user_532,2025-06-02 03:55:35.531172,5.0,gas_station,0.1,0
user_684,2025-06-02 03:57:53.531172,78.5,pharmacy,0.3,0
user_612,2025-06-02 03:58:05.531172,19.18,online_retail,0.3,0
user_99,2025-06-02 04:09:12.531172,146.21,restaurant,0.7,0
user_446,2025-06-02 04:45:27.531172,165.09,gas_station,0.1,0
user_783,2025-06-02 04:53:21.531172,12.64,gas_station,0.3,0
user_430,2025-06-02 05:27:48.531172,5.0,pharmacy,0.1,0
user_279,2025-06-02 05:40:35.531172,113.89,gas_station,0.1,0
user_411,2025-06-02 05:55:44.531172,196.67,pharmacy,0.1,0
user_195,2025-06-02 06:10:43.531172,12.3,online_retail,0.3,0
user_754,2025-06-02 06:35:37.531172,5.0,department_store,0.1,0
user_872,2025-06-02 06:40:59.531172,20.14,grocery,0.1,0
user_169,2025-06-02 06:53:53.531172,57.33,entertainment,0.9,1
user_676,2025-06-02 06:56:17.531172,17.84,gas_station,0.1,0
user_805,2025-06-02 07:05:43.531172,25.46,restaurant,0.3,0
user_663,2025-06-02 07:35:44.531172,469.41,grocery,0.1,0
user_695,2025-06-02 07:55:19.531172,37.55,grocery,0.3,0
user_428,2025-06-02 08:15:28.531172,5.0,hotel,0.3,0
user_418,2025-06-02 08:16:45.531172,19.82,car_rental,0.3,0
user_738,2025-06-02 08:31:01.531172,14.46,pharmacy,0.6,0
user_222,2025-06-02 08:34:49.531172,18.68,restaurant,0.1,0
user_550,2025-06-02 08:53:01.531172,22.44,grocery,0.1,0
user_954,2025-06-02 08:57:09.531172,6.57,department_store,0.1,0
user_234,2025-06-02 08:58:25.531172,45.8,restaurant,0.6,0
user_266,2025-06-02 09:15:29.531172,5.0,entertainment,0.1,0
user_326,2025-06-02 09:16:01.531172,15.03,grocery,0.6,0
user_383,2025-06-02 09:27:17.531172,29.07,restaurant,0.1,0
user_490,2025-06-02 09:27:29.531172,5.0,grocery,0.1,0
user_84,2025-06-02 09:31:37.531172,5.0,entertainment,0.1,0
user_852,2025-06-02 09:52:03.531172,5.0,department_store,0.9,0
user_491,2025-06-02 09:58:02.531172,5.0,grocery,0.6,0
user_817,2025-06-02 10:14:36.531172,19.42,entertainment,0.3,0
user_502,2025-06-02 10:15:37.531172,85.56,car_rental,0.1,0
user_736,2025-06-02 10:17:54.531172,54.47,online_retail,0.1,0
user_253,2025-06-02 10:20:32.531172,5.0,entertainment,0.1,0
user_103,2025-06-02 10:33:45.531172,9.36,gas_station,0.1,0
user_70,2025-06-02 10:48:54.531172,5.0,gas_station,0.1,0
user_694,2025-06-02 11:16:19.531172,12.49,restaurant,0.3,0
user_598,2025-06-02 11:41:15.531172,198.48,restaurant,0.4,0
user_21,2025-06-02 11:43:18.531172,10.48,grocery,0.3,0
user_635,2025-06-02 11:44:20.531172,5.0,hotel,0.3,0
user_964,2025-06-02 12:50:09.531172,8.81,grocery,0.1,0
user_819,2025-06-02 13:54:46.531172,53.22,online_retail,0.1,0
user_767,2025-06-02 14:03:19.531172,7.88,entertainment,0.1,0
user_515,2025-06-02 14:04:41.531172,18.53,online_retail,0.1,0
user_624,2025-06-02 14:48:16.531172,104.79,restaurant,0.4,0
user_922,2025-06-02 14:51:05.531172,5.32,pharmacy,0.6,0
user_968,2025-06-02 15:35:47.531172,5.99,restaurant,0.1,0
user_917,2025-06-02 15:42:28.531172,65.04,restaurant,0.1,0
user_458,2025-06-02 15:44:25.531172,52.25,restaurant,0.1,0
user_63,2025-06-02 16:03:23.531172,289.89,jewelry,0.1,0
user_834,2025-06-02 16:34:14.531172,114.14,online_retail,0.1,0
user_15,2025-06-02 17:17:28.531172,19.97,pharmacy,0.6,0
user_670,2025-06-02 17:31:44.531172,18.51,online_retail,0.3,0
user_98,2025-06-02 17:34:27.531172,206.57,online_retail,0.1,0
user_273,2025-06-02 17:42:56.531172,5.0,online_retail,0.3,0
user_480,2025-06-02 17:56:00.531172,26.57,restaurant,0.1,0
user_945,2025-06-02 18:38:05.531172,7.13,gas_station,0.3,0
user_18,2025-06-02 18:38:25.531172,27.88,airline,0.1,0
user_283,2025-06-02 18:58:42.531172,62.46,jewelry,0.1,0
user_299,2025-06-02 19:05:38.531172,34.87,restaurant,0.1,0
user_715,2025-06-02 19:34:11.531172,10.15,online_retail,0.3,0
user_391,2025-06-02 19:37:15.531172,14.83,department_store,0.1,0
user_571,2025-06-02 19:58:41.531172,5.0,entertainment,0.1,0
user_714,2025-06-02 20:23:04.531172,14.81,restaurant,0.3,0
user_121,2025-06-02 20:27:39.531172,5.0,restaurant,0.6,0
user_985,2025-06-02 20:35:16.531172,139.86,hotel,0.4,0
user_945,2025-06-02 20:49:17.531172,23.95,gas_station,0.6,0
user_5,2025-06-02 20:50:46.531172,6.04,hotel,0.3,0
user_974,2025-06-02 21:09:29.531172,23.48,restaurant,0.3,0
user_634,2025-06-02 21:09:35.531172,5.0,car_rental,0.1,0
user_436,2025-06-02 22:36:39.531172,5.0,gas_station,0.1,0
user_874,2025-06-02 22:37:16.531172,35.05,airline,0.1,0
user_684,2025-06-02 22:38:05.531172,5.0,electronics,0.1,0
user_251,2025-06-02 22:42:54.531172,23.4,gas_station,0.1,0
user_803,2025-06-02 23:19:45.531172,68.98,jewelry,0.1,0
user_612,2025-06-02 23:38:01.531172,193.31,entertainment,0.3,0
user_675,2025-06-03 00:19:48.531172,16.47,gas_station,0.4,0
user_727,2025-06-03 00:26:06.531172,45.93,gas_station,0.6,0
user_761,2025-06-03 00:31:39.531172,207.39,online_retail,0.1,0
user_867,2025-06-03 00:52:49.531172,21.37,grocery,0.6,0
user_68,2025-06-03 00:57:52.531172,11.91,pharmacy,0.1,0
user_284,2025-06-03 01:18:01.531172,5.0,hotel,0.1,0
user_360,2025-06-03 01:18:42.531172,5.0,grocery,0.3,0
user_692,2025-06-03 01:21:14.531172,61.53,online_retail,0.6,0
user_910,2025-06-03 01:36:41.531172,32.05,department_store,0.1,0
user_505,2025-06-03 01:45:47.531172,14.61,gas_station,0.1,0
user_945,2025-06-03 01:52:16.531172,77.27,online_retail,0.1,0
user_197,2025-06-03 01:57:00.531172,16.71,grocery,0.6,0
user_356,2025-06-03 02:23:39.531172,47.89,restaurant,0.3,0
user_310,2025-06-03 02:23:41.531172,5.0,online_retail,0.1,0
user_695,2025-06-03 02:51:05.531172,104.07,hotel,0.1,0
user_571,2025-06-03 02:53:53.531172,40.47,restaurant,0.1,0
user_513,2025-06-03 03:27:24.531172,38.06,department_store,0.1,0
user_551,2025-06-03 03:28:02.531172,119.91,entertainment,0.3,0
user_682,2025-06-03 03:39:37.531172,31.94,jewelry,0.3,0
user_503,2025-06-03 04:04:58.531172,56.89,department_store,0.3,0
user_630,2025-06-03 04:06:06.531172,58.31,restaurant,0.1,0
user_829,2025-06-03 04:07:03.531172,5.0,grocery,0.6,0
user_207,2025-06-03 04:17:13.531172,14.72,restaurant,0.3,0
user_880,2025-06-03 04:26:16.531172,7.95,entertainment,0.3,0
user_478,2025-06-03 04:30:09.531172,7.17,gas_station,0.1,0
user_273,2025-06-03 04:35:40.531172,8.73,gas_station,0.1,0
user_552,2025-06-03 04:47:00.531172,89.99,online_retail,0.1,0
user_39,2025-06-03 04:48:41.531172,5.0,airline,0.3,0
user_240,2025-06-03 05:20:38.531172,168.65,hotel,0.9,0
user_726,2025-06-03 05:37:57.531172,6.02,grocery,0.1,0
user_176,2025-06-03 05:38:38.531172,142.7,grocery,0.6,0
user_201,2025-06-03 05:45:03.531172,5.0,entertainment,0.3,0
user_720,2025-06-03 06:04:29.531172,27.48,electronics,0.1,0
user_411,2025-06-03 06:10:26.531172,32.84,department_store,0.1,0
user_445,2025-06-03 06:11:38.531172,124.44,department_store,0.6,0
user_99,2025-06-03 06:17:50.531172,38.56,online_retail,0.3,0
user_77,2025-06-03 06:18:19.531172,5.0,gas_station,0.6,0
user_815,2025-06-03 06:18:25.531172,55.98,grocery,0.1,0
user_66,2025-06-03 06:27:39.531172,10.52,car_rental,0.1,0
user_945,2025-06-03 06:35:02.531172,7.48,grocery,0.1,0
user_703,2025-06-03 06:47:52.531172,18.88,grocery,0.3,0
user_790,2025-06-03 07:01:37.531172,33.61,gas_station,0.1,0
user_961,2025-06-03 07:05:31.531172,6.89,pharmacy,0.1,0
user_125,2025-06-03 07:26:24.531172,51.31,department_store,0.3,0
user_51,2025-06-03 07:34:47.531172,5.0,car_rental,0.3,0
user_352,2025-06-03 07:43:32.531172,37.56,entertainment,0.3,0
user_658,2025-06-03 07:55:04.531172,23.14,pharmacy,0.1,0
user_581,2025-06-03 08:21:24.531172,63.47,pharmacy,0.3,0
user_875,2025-06-03 08:44:22.531172,48.88,online_retail,0.1,0
user_429,2025-06-03 08:50:48.531172,23.33,grocery,0.3,0
user_95,2025-06-03 09:07:44.531172,198.96,restaurant,0.1,0
user_529,2025-06-03 09:10:01.531172,139.38,entertainment,0.6,0
user_871,2025-06-03 09:35:29.531172,112.64,gas_station,0.3,0
user_761,2025-06-03 09:39:40.531172,339.3,grocery,0.1,0
user_569,2025-06-03 09:42:41.531172,15.67,pharmacy,0.3,0
user_147,2025-06-03 09:45:19.531172,27.92,gas_station,0.1,0
user_124,2025-06-03 09:48:08.531172,5.0,online_retail,0.1,0
user_31,2025-06-03 09:52:17.531172,35.69,gas_station,0.1,0
user_864,2025-06-03 10:28:51.531172,8.73,grocery,0.4,0
user_813,2025-06-03 10:29:07.531172,11.42,gas_station,0.1,0
user_719,2025-06-03 10:48:05.531172,40.94,online_retail,0.3,0
user_160,2025-06-03 10:53:14.531172,5.61,grocery,0.3,0
user_838,2025-06-03 10:56:58.531172,643.82,gas_station,0.1,0
user_133,2025-06-03 11:02:02.531172,64.42,department_store,0.1,0
user_656,2025-06-03 11:17:39.531172,10.06,online_retail,0.1,0
user_587,2025-06-03 11:30:59.531172,9.9,pharmacy,0.1,0
user_893,2025-06-03 12:02:59.531172,105.09,grocery,0.3,0
user_832,2025-06-03 12:05:21.531172,8.68,gas_station,0.1,0
user_886,2025-06-03 12:13:58.531172,39.75,department_store,0.1,0
user_907,2025-06-03 12:14:21.531172,484.56,restaurant,0.1,0
user_557,2025-06-03 12:23:32.531172,16.9,department_store,0.1,0
user_773,2025-06-03 12:36:11.531172,18.98,online_retail,0.1,0
user_948,2025-06-03 13:08:55.531172,55.18,online_retail,0.1,0
user_252,2025-06-03 13:33:23.531172,36.62,jewelry,0.4,0
user_925,2025-06-03 13:36:34.531172,5.0,department_store,0.1,0
user_644,2025-06-03 14:01:37.531172,13.8,grocery,0.3,0
user_532,2025-06-03 14:20:01.531172,40.02,online_retail,0.3,0
user_898,2025-06-03 14:24:48.531172,28.2,restaurant,0.1,0
user_773,2025-06-03 14:28:17.531172,10.25,restaurant,0.1,0
user_403,2025-06-03 14:56:41.531172,32.79,gas_station,0.6,0
user_621,2025-06-03 15:07:36.531172,5.0,airline,0.6,0
user_430,2025-06-03 15:09:09.531172,162.07,pharmacy,0.1,0
user_10,2025-06-03 15:19:16.531172,53.98,department_store,0.6,0
user_21,2025-06-03 15:36:35.531172,10.27,restaurant,0.3,0
user_665,2025-06-03 15:39:35.531172,50.31,hotel,0.1,0
user_848,2025-06-03 15:59:07.531172,5.0,grocery,0.3,0
user_458,2025-06-03 15:59:29.531172,83.2,gas_station,0.1,0
user_809,2025-06-03 15:59:45.531172,164.05,car_rental,0.1,0
user_913,2025-06-03 16:04:43.531172,64.5,online_retail,0.6,0
user_991,2025-06-03 16:52:02.531172,68.24,online_retail,0.1,0
user_429,2025-06-03 16:53:34.531172,5.0,restaurant,0.3,0
user_575,2025-06-03 16:54:57.531172,34.35,department_store,0.3,0
user_852,2025-06-03 17:14:51.531172,7.1,online_retail,0.1,0
user_649,2025-06-03 17:25:42.531172,214.8,jewelry,0.1,0
user_220,2025-06-03 17:30:50.531172,5.0,car_rental,0.3,0
user_618,2025-06-03 17:38:06.531172,27.34,online_retail,0.9,0
user_952,2025-06-03 17:39:31.531172,32.59,pharmacy,0.1,0
user_896,2025-06-03 17:40:06.531172,35.74,online_retail,0.1,0
user_211,2025-06-03 17:41:42.531172,73.15,department_store,0.1,0
user_166,2025-06-03 17:51:07.531172,51.65,pharmacy,0.3,0
user_806,2025-06-03 17:55:08.531172,120.44,entertainment,0.1,0
user_768,2025-06-03 17:56:42.531172,50.08,restaurant,0.1,0
user_494,2025-06-03 18:31:32.531172,5.42,restaurant,0.1,0
user_916,2025-06-03 18:32:47.531172,9.77,restaurant,0.7,0
user_780,2025-06-03 18:39:11.531172,370.69,grocery,0.6,0
user_620,2025-06-03 18:45:24.531172,1639.31,online_retail,0.9,1
user_327,2025-06-03 19:08:06.531172,44.16,airline,0.4,0
user_816,2025-06-03 19:08:31.531172,21.39,grocery,0.7,0
user_680,2025-06-03 19:10:36.531172,6.34,gas_station,0.1,0
user_513,2025-06-03 19:15:21.531172,114.76,online_retail,0.1,0
user_714,2025-06-03 19:44:51.531172,92.43,car_rental,0.1,0
user_134,2025-06-03 19:48:03.531172,5.0,grocery,0.1,0
user_383,2025-06-03 20:19:25.531172,5.0,department_store,0.1,0
user_881,2025-06-03 20:31:53.531172,5.0,grocery,0.1,0
user_668,2025-06-03 20:40:08.531172,32.04,grocery,0.1,0
user_148,2025-06-03 20:46:19.531172,5.0,airline,0.3,0
user_963,2025-06-03 21:05:18.531172,7.53,grocery,0.4,0
user_533,2025-06-03 21:08:25.531172,37.18,restaurant,0.3,0
user_348,2025-06-03 21:36:58.531172,18.24,gas_station,0.6,0
user_907,2025-06-03 21:57:50.531172,66.47,gas_station,0.1,0
user_66,2025-06-03 22:00:36.531172,17.79,grocery,0.3,0
user_772,2025-06-03 22:01:48.531172,51.16,grocery,0.1,0
user_715,2025-06-03 22:36:21.531172,5.0,entertainment,0.1,0
user_878,2025-06-03 22:44:00.531172,11.58,online_retail,0.3,0
user_33,2025-06-03 22:54:31.531172,5.59,gas_station,0.6,0
user_167,2025-06-03 22:57:08.531172,15.44,grocery,0.1,0
user_957,2025-06-03 23:15:59.531172,10.05,jewelry,0.3,0
user_102,2025-06-03 23:26:41.531172,63.57,hotel,0.1,0
user_109,2025-06-04 00:49:18.531172,21.95,grocery,0.6,0
user_268,2025-06-04 00:58:48.531172,42.95,gas_station,0.1,0
user_516,2025-06-04 01:06:16.531172,11.31,entertainment,0.1,0
user_891,2025-06-04 01:20:32.531172,38.12,department_store,0.1,0
user_167,2025-06-04 01:44:13.531172,40.92,gas_station,0.3,0
user_790,2025-06-04 01:50:02.531172,5.0,entertainment,0.1,0
user_835,2025-06-04 02:21:39.531172,28.12,entertainment,0.1,0
user_794,2025-06-04 02:32:12.531172,24.26,grocery,0.3,0
user_758,2025-06-04 02:34:56.531172,17.29,gas_station,0.9,0
user_74,2025-06-04 02:44:12.531172,11.34,department_store,0.3,0
user_854,2025-06-04 02:47:50.531172,12.14,gas_station,0.1,0
user_657,2025-06-04 02:59:22.531172,8.3,department_store,0.1,0
user_782,2025-06-04 03:17:29.531172,83.91,gas_station,0.1,0
user_267,2025-06-04 03:22:59.531172,30.34,entertainment,0.1,0
user_511,2025-06-04 03:27:26.531172,16.27,grocery,0.3,0
user_58,2025-06-04 03:30:58.531172,65.29,online_retail,0.3,0
user_643,2025-06-04 03:43:03.531172,6.35,gas_station,0.1,0
user_257,2025-06-04 03:47:42.531172,5.0,gas_station,0.3,0
user_822,2025-06-04 03:49:10.531172,7.8,gas_station,0.3,0
user_725,2025-06-04 03:51:23.531172,14.96,gas_station,0.3,0
user_593,2025-06-04 05:26:07.531172,48.01,restaurant,0.6,0
user_909,2025-06-04 05:36:38.531172,112.99,entertainment,0.6,0
user_990,2025-06-04 05:36:53.531172,34.32,entertainment,0.1,0
user_377,2025-06-04 05:42:18.531172,6.2,gas_station,0.1,0
user_492,2025-06-04 05:49:34.531172,58.04,department_store,0.3,0
user_351,2025-06-04 05:50:50.531172,114.45,online_retail,0.1,0
user_106,2025-06-04 06:06:57.531172,181.97,gas_station,0.1,0
user_639,2025-06-04 06:19:45.531172,165.2,hotel,0.1,0
user_696,2025-06-04 06:45:18.531172,33.82,department_store,0.1,0
user_40,2025-06-04 07:08:20.531172,6.88,entertainment,0.1,0
user_914,2025-06-04 07:48:14.531172,5.0,gas_station,0.1,0
user_185,2025-06-04 08:03:18.531172,21.55,pharmacy,0.1,0
user_153,2025-06-04 08:19:31.531172,26.94,gas_station,0.1,0
user_360,2025-06-04 08:36:57.531172,105.52,gas_station,0.3,0
user_325,2025-06-04 08:41:09.531172,5.0,grocery,0.1,0
user_473,2025-06-04 08:53:07.531172,141.07,restaurant,0.1,0
user_590,2025-06-04 09:00:41.531172,8.81,entertainment,0.3,0
user_59,2025-06-04 09:08:38.531172,5.0,entertainment,0.3,0
user_361,2025-06-04 09:18:43.531172,8.39,department_store,0.1,0
user_40,2025-06-04 09:20:26.531172,74.53,grocery,0.1,0
user_714,2025-06-04 09:28:51.531172,417.51,grocery,0.6,0
user_949,2025-06-04 09:40:02.531172,20.44,jewelry,0.1,0
user_452,2025-06-04 10:06:11.531172,239.84,airline,0.3,0
user_375,2025-06-04 10:06:36.531172,42.79,electronics,0.1,0
user_713,2025-06-04 10:13:43.531172,5.0,grocery,0.3,0
user_209,2025-06-04 10:16:06.531172,26.5,grocery,0.1,0
user_738,2025-06-04 10:33:10.531172,13.65,gas_station,0.3,0
user_923,2025-06-04 10:34:59.531172,20.58,grocery,0.1,0
user_965,2025-06-04 10:37:45.531172,5.0,grocery,0.1,0
user_582,2025-06-04 10:38:00.531172,55.7,grocery,0.6,0
user_603,2025-06-04 10:42:48.531172,11.17,pharmacy,0.1,0
user_526,2025-06-04 10:47:56.531172,5.0,restaurant,0.1,0
user_73,2025-06-04 11:58:27.531172,25.95,restaurant,0.1,0
user_904,2025-06-04 12:24:22.531172,11.31,airline,0.1,0
user_551,2025-06-04 12:50:04.531172,5.0,jewelry,0.1,0
user_321,2025-06-04 13:02:15.531172,5.0,hotel,0.1,0
user_299,2025-06-04 13:13:09.531172,46.63,gas_station,0.3,0
user_833,2025-06-04 13:18:21.531172,92.37,gas_station,0.1,0
user_719,2025-06-04 13:29:17.531172,132.2,gas_station,0.1,0
user_23,2025-06-04 13:48:26.531172,51.95,grocery,0.1,0
user_250,2025-06-04 13:49:17.531172,120.28,restaurant,0.7,0
user_877,2025-06-04 13:57:49.531172,49.37,department_store,0.1,0
user_8,2025-06-04 14:26:05.531172,22.35,gas_station,0.3,0
user_600,2025-06-04 14:46:15.531172,14.85,entertainment,0.3,0
user_701,2025-06-04 14:47:58.531172,5.0,jewelry,0.1,0
user_485,2025-06-04 14:57:03.531172,17.78,grocery,0.4,0
user_863,2025-06-04 15:01:57.531172,32.88,gas_station,0.1,0
user_265,2025-06-04 15:48:16.531172,89.18,online_retail,0.1,0
user_955,2025-06-04 15:55:24.531172,11.11,grocery,0.1,0
user_274,2025-06-04 16:46:56.531172,64.68,department_store,0.3,0
user_906,2025-06-04 16:54:41.531172,5.0,department_store,0.1,0
user_763,2025-06-04 17:37:18.531172,44.12,restaurant,0.1,0
user_93,2025-06-04 17:39:05.531172,16.94,department_store,0.6,0
user_970,2025-06-04 18:08:34.531172,5.0,jewelry,0.3,0
user_77,2025-06-04 18:14:52.531172,5.14,entertainment,0.3,0
user_783,2025-06-04 18:16:03.531172,14.87,car_rental,0.1,0
user_67,2025-06-04 18:35:38.531172,5.0,restaurant,0.1,0
user_587,2025-06-04 18:58:26.531172,151.47,hotel,0.3,0
user_877,2025-06-04 19:21:31.531172,156.07,grocery,0.1,0
user_388,2025-06-04 19:24:23.531172,28.77,jewelry,0.1,0
user_6,2025-06-04 19:25:19.531172,18.33,airline,0.3,0
user_229,2025-06-04 19:45:19.531172,114.95,grocery,0.6,0
user_821,2025-06-04 19:56:36.531172,5.0,grocery,0.1,0
user_512,2025-06-04 20:05:52.531172,6.36,airline,0.3,0
user_904,2025-06-04 20:12:19.531172,151.98,hotel,0.3,0
user_675,2025-06-04 20:14:45.531172,19.87,online_retail,0.3,0
user_651,2025-06-04 20:33:40.531172,6.05,entertainment,0.1,0
user_619,2025-06-04 20:38:45.531172,133.56,entertainment,0.1,0
user_49,2025-06-04 20:55:03.531172,51.61,gas_station,0.3,0
user_730,2025-06-04 21:11:37.531172,43.4,grocery,0.1,0
user_799,2025-06-04 21:38:16.531172,140.34,grocery,0.3,0
user_788,2025-06-04 21:42:43.531172,5.63,gas_station,0.1,0
user_799,2025-06-04 21:52:35.531172,15.19,department_store,0.3,0
user_909,2025-06-04 21:55:18.531172,8.09,car_rental,0.3,0
user_625,2025-06-04 21:58:28.531172,117.03,online_retail,0.3,0
user_785,2025-06-04 22:01:15.531172,5.0,grocery,0.1,0
user_874,2025-06-04 22:05:48.531172,12.15,restaurant,0.1,0
user_289,2025-06-04 22:11:39.531172,11.24,gas_station,0.1,0
user_466,2025-06-04 22:18:02.531172,208.63,airline,0.3,0
user_38,2025-06-04 22:18:53.531172,5.0,department_store,0.1,0
user_545,2025-06-04 22:25:49.531172,45.81,restaurant,0.1,0
user_545,2025-06-04 22:29:45.531172,14.16,grocery,0.6,0
user_499,2025-06-04 22:29:46.531172,23.85,restaurant,0.6,0
user_453,2025-06-04 22:30:58.531172,18.98,hotel,0.3,0
user_193,2025-06-04 22:32:30.531172,31.59,grocery,0.6,0
user_179,2025-06-04 23:03:07.531172,20.99,gas_station,0.1,0
user_341,2025-06-04 23:04:06.531172,73.23,grocery,0.9,0
user_178,2025-06-04 23:14:34.531172,5.0,restaurant,0.3,0
user_435,2025-06-04 23:22:39.531172,112.14,gas_station,0.3,0
user_407,2025-06-04 23:23:14.531172,119.56,entertainment,0.1,0
user_617,2025-06-04 23:25:32.531172,27.12,gas_station,0.1,0
user_246,2025-06-04 23:26:44.531172,60.13,electronics,0.6,0
user_424,2025-06-04 23:30:19.531172,56.4,gas_station,0.1,0
user_321,2025-06-04 23:33:04.531172,33.82,entertainment,0.1,0
user_275,2025-06-04 23:36:45.531172,10.63,hotel,0.1,0
user_19,2025-06-05 00:25:00.531172,183.59,restaurant,0.1,0
user_387,2025-06-05 00:53:43.531172,10.82,online_retail,0.1,0
user_592,2025-06-05 01:01:18.531172,7.52,gas_station,0.1,0
user_781,2025-06-05 01:10:50.531172,30.32,restaurant,0.1,0
user_37,2025-06-05 01:16:33.531172,27.25,entertainment,0.3,0
user_692,2025-06-05 01:22:26.531172,5.0,hotel,0.1,0
user_760,2025-06-05 01:30:40.531172,90.4,gas_station,0.4,0
user_365,2025-06-05 01:40:44.531172,5.0,gas_station,0.3,0
user_258,2025-06-05 02:07:03.531172,42.84,restaurant,0.1,0
user_268,2025-06-05 02:19:01.531172,33.17,online_retail,0.1,0
user_379,2025-06-05 02:32:28.531172,68.81,restaurant,0.3,0
user_485,2025-06-05 02:41:35.531172,93.33,gas_station,0.3,0
user_958,2025-06-05 02:56:46.531172,5.0,restaurant,0.1,0
user_718,2025-06-05 03:00:48.531172,176.0,online_retail,0.1,0
user_942,2025-06-05 03:08:11.531172,6.02,grocery,0.1,0
user_603,2025-06-05 03:44:18.531172,25.17,department_store,0.1,0
user_370,2025-06-05 03:58:16.531172,53.65,department_store,0.1,0
user_466,2025-06-05 04:17:04.531172,195.41,grocery,0.1,0
user_784,2025-06-05 04:24:19.531172,9.59,department_store,0.1,0
user_749,2025-06-05 04:37:51.531172,5.0,online_retail,0.3,0
user_181,2025-06-05 05:01:45.531172,77.93,restaurant,0.1,0
user_868,2025-06-05 05:05:52.531172,251.2,grocery,0.1,0
user_882,2025-06-05 05:08:01.531172,5.0,entertainment,0.1,0
user_78,2025-06-05 05:12:23.531172,5.0,restaurant,0.3,0
user_837,2025-06-05 05:19:29.531172,5.0,online_retail,0.1,0
user_571,2025-06-05 05:38:44.531172,19.49,gas_station,0.1,0
user_31,2025-06-05 06:06:36.531172,8.52,restaurant,0.3,0
user_501,2025-06-05 06:39:43.531172,39.13,online_retail,0.1,0
user_242,2025-06-05 07:02:37.531172,47.88,restaurant,0.3,0
user_193,2025-06-05 07:14:01.531172,34.11,gas_station,0.1,0
user_803,2025-06-05 08:02:30.531172,62.37,airline,0.1,0
user_438,2025-06-05 08:14:01.531172,5.0,entertainment,0.3,0
user_404,2025-06-05 08:43:18.531172,27.65,grocery,0.3,0
user_866,2025-06-05 09:12:01.531172,5.37,entertainment,0.1,0
user_524,2025-06-05 09:20:04.531172,9.93,grocery,0.1,0
user_398,2025-06-05 09:25:49.531172,5.0,grocery,0.1,0
user_134,2025-06-05 09:26:44.531172,50.34,gas_station,0.1,0
user_82,2025-06-05 09:37:50.531172,86.63,online_retail,0.1,0
user_588,2025-06-05 09:40:21.531172,26.83,restaurant,0.1,0
user_743,2025-06-05 09:41:52.531172,50.98,grocery,0.6,0
user_286,2025-06-05 09:58:35.531172,217.6,pharmacy,0.3,0
user_865,2025-06-05 09:59:57.531172,11.81,pharmacy,0.1,0
user_182,2025-06-05 10:08:05.531172,54.3,pharmacy,0.9,0
user_659,2025-06-05 10:18:19.531172,51.64,gas_station,0.3,0
user_215,2025-06-05 10:31:00.531172,13.87,car_rental,0.1,0
user_714,2025-06-05 10:46:25.531172,2257.19,jewelry,0.7,1
user_705,2025-06-05 10:47:41.531172,31.17,grocery,0.1,0
user_899,2025-06-05 10:57:50.531172,5.0,gas_station,0.3,0
user_37,2025-06-05 11:13:01.531172,17.39,entertainment,0.1,0
user_824,2025-06-05 11:38:25.531172,11.24,restaurant,0.1,0
user_52,2025-06-05 11:51:26.531172,7.86,pharmacy,0.6,0
user_644,2025-06-05 12:11:25.531172,5.0,pharmacy,0.1,0
user_803,2025-06-05 12:13:22.531172,45.68,gas_station,0.3,0
user_41,2025-06-05 12:32:42.531172,5.0,restaurant,0.1,0
user_5,2025-06-05 12:34:01.531172,39.82,restaurant,0.1,0
user_532,2025-06-05 13:13:36.531172,5.0,restaurant,0.1,0
user_370,2025-06-05 13:17:18.531172,151.28,department_store,0.1,0
user_122,2025-06-05 13:24:43.531172,10.6,pharmacy,0.4,0
user_286,2025-06-05 13:26:38.531172,7.81,grocery,0.1,0
user_639,2025-06-05 13:34:12.531172,68.09,gas_station,0.1,0
user_847,2025-06-05 14:02:38.531172,5.0,restaurant,0.3,0
user_874,2025-06-05 14:16:59.531172,15.57,restaurant,0.1,0
user_86,2025-06-05 14:22:36.531172,6.57,gas_station,0.3,0
user_946,2025-06-05 14:28:37.531172,5.81,department_store,0.6,0
user_110,2025-06-05 14:42:42.531172,40.82,grocery,0.1,0
user_919,2025-06-05 14:46:07.531172,90.27,restaurant,0.1,0
user_922,2025-06-05 14:52:00.531172,5.0,online_retail,0.1,0
user_60,2025-06-05 15:05:58.531172,24.28,gas_station,0.1,0
user_935,2025-06-05 15:21:37.531172,5.91,gas_station,0.1,0
user_318,2025-06-05 15:23:26.531172,76.66,hotel,0.1,0
user_161,2025-06-05 15:38:03.531172,6.2,online_retail,0.1,0
user_380,2025-06-05 15:47:26.531172,24.18,restaurant,0.1,0
user_850,2025-06-05 15:50:15.531172,165.42,grocery,0.7,0
user_58,2025-06-05 16:10:24.531172,21.47,department_store,0.1,0
user_1000,2025-06-05 16:15:28.531172,12.23,hotel,0.3,0
user_493,2025-06-05 16:15:44.531172,8.39,restaurant,0.1,0
user_498,2025-06-05 17:29:40.531172,6.4,grocery,0.1,0
user_698,2025-06-05 18:10:21.531172,76.05,restaurant,0.1,0
user_247,2025-06-05 18:14:25.531172,1.54,entertainment,0.7,1
user_929,2025-06-05 18:42:31.531172,32.69,department_store,0.3,0
user_369,2025-06-05 18:43:04.531172,5.0,gas_station,0.1,0
user_359,2025-06-05 18:52:13.531172,37.57,restaurant,0.3,0
user_69,2025-06-05 19:40:08.531172,347.7,restaurant,0.1,0
user_841,2025-06-05 19:46:02.531172,63.04,gas_station,0.1,0
user_98,2025-06-05 19:57:55.531172,3226.3,entertainment,0.9,1
user_213,2025-06-05 19:58:07.531172,80.97,grocery,0.1,0
user_106,2025-06-05 20:08:10.531172,5.0,gas_station,0.1,0
user_866,2025-06-05 20:09:09.531172,279.56,restaurant,0.1,0
user_28,2025-06-05 20:48:12.531172,68.98,gas_station,0.1,0
user_487,2025-06-05 21:00:44.531172,158.13,online_retail,0.1,0
user_906,2025-06-05 21:10:54.531172,200.46,gas_station,0.1,0
user_394,2025-06-05 21:35:19.531172,5.0,grocery,0.6,0
user_980,2025-06-05 21:35:56.531172,13.93,entertainment,0.1,0
user_936,2025-06-05 21:48:00.531172,43.9,pharmacy,0.6,0
user_584,2025-06-05 22:08:09.531172,169.15,gas_station,0.3,0
user_758,2025-06-05 22:17:40.531172,14.37,car_rental,0.1,0
user_992,2025-06-05 22:30:35.531172,17.76,department_store,0.6,0
user_278,2025-06-05 22:36:16.531172,429.71,hotel,0.3,0
user_331,2025-06-05 22:41:19.531172,89.49,restaurant,0.1,0
user_257,2025-06-05 22:53:07.531172,9.46,entertainment,0.1,0
user_807,2025-06-05 22:58:32.531172,39.63,hotel,0.3,0
user_63,2025-06-05 23:09:44.531172,20.22,jewelry,0.9,1
user_361,2025-06-05 23:12:56.531172,6.96,grocery,0.1,0
user_774,2025-06-05 23:31:00.531172,61.1,entertainment,0.9,1
user_844,2025-06-05 23:39:52.531172,13.14,department_store,0.1,0
user_211,2025-06-05 23:41:52.531172,29.74,grocery,0.1,0
user_394,2025-06-05 23:43:28.531172,27.07,grocery,0.3,0
user_630,2025-06-06 00:02:26.531172,25.92,hotel,0.1,0
user_726,2025-06-06 00:42:58.531172,9.36,grocery,0.1,0
user_637,2025-06-06 00:52:40.531172,24.38,airline,0.1,0
user_275,2025-06-06 01:01:33.531172,111.36,restaurant,0.3,0
user_547,2025-06-06 01:04:58.531172,28.87,online_retail,0.1,0
user_247,2025-06-06 01:13:48.531172,12.72,online_retail,0.1,0
user_489,2025-06-06 01:15:00.531172,4269.98,jewelry,0.9,1
user_544,2025-06-06 01:34:17.531172,181.3,department_store,0.1,0
user_557,2025-06-06 02:04:51.531172,46.08,grocery,0.1,0
user_614,2025-06-06 02:18:06.531172,12.22,restaurant,0.4,0
user_382,2025-06-06 02:23:21.531172,39.48,grocery,0.1,0
user_804,2025-06-06 02:32:18.531172,208.01,department_store,0.4,0
user_955,2025-06-06 02:52:28.531172,20.0,grocery,0.1,0
user_971,2025-06-06 02:53:16.531172,25.78,electronics,0.1,0
user_468,2025-06-06 03:00:57.531172,44.27,entertainment,0.3,0
user_899,2025-06-06 03:11:12.531172,5.0,grocery,0.6,0
user_276,2025-06-06 03:47:51.531172,269.21,airline,0.6,0
user_607,2025-06-06 04:08:11.531172,553.24,online_retail,0.1,0
user_904,2025-06-06 04:22:08.531172,10.84,restaurant,0.1,0
user_956,2025-06-06 05:11:25.531172,15.16,grocery,0.1,0
user_471,2025-06-06 05:33:29.531172,84.51,restaurant,0.1,0
user_85,2025-06-06 06:28:48.531172,23.44,online_retail,0.3,0
user_157,2025-06-06 06:50:22.531172,58.72,grocery,0.1,0
user_493,2025-06-06 06:53:31.531172,7.3,department_store,0.1,0
user_596,2025-06-06 06:56:41.531172,50.88,entertainment,0.3,0
user_395,2025-06-06 06:58:16.531172,29.15,grocery,0.1,0
user_469,2025-06-06 07:04:07.531172,5.0,online_retail,0.7,0
user_318,2025-06-06 07:20:00.531172,5.0,department_store,0.3,0
user_972,2025-06-06 07:26:47.531172,8.2,gas_station,0.3,0
user_340,2025-06-06 07:32:57.531172,59.51,department_store,0.1,0
user_422,2025-06-06 07:42:56.531172,205.11,grocery,0.1,0
user_816,2025-06-06 07:43:34.531172,26.44,electronics,0.3,0
user_664,2025-06-06 08:02:37.531172,5.0,pharmacy,0.3,0
user_593,2025-06-06 08:06:33.531172,166.58,restaurant,0.3,0
user_445,2025-06-06 08:09:16.531172,20.59,restaurant,0.1,0
user_134,2025-06-06 08:12:52.531172,5.07,gas_station,0.6,0
user_979,2025-06-06 08:17:26.531172,24.34,entertainment,0.1,0
user_184,2025-06-06 08:42:56.531172,5.0,electronics,0.3,0
user_152,2025-06-06 09:16:02.531172,5.23,airline,0.1,0
user_466,2025-06-06 09:25:36.531172,8.57,online_retail,0.1,0
user_880,2025-06-06 09:56:53.531172,499.95,entertainment,0.1,0
user_621,2025-06-06 10:18:50.531172,5.0,restaurant,0.3,0
user_462,2025-06-06 10:25:41.531172,45.62,grocery,0.1,0
user_936,2025-06-06 10:37:59.531172,177.74,grocery,0.3,0
user_175,2025-06-06 10:46:46.531172,16.03,restaurant,0.1,0
user_393,2025-06-06 10:47:00.531172,5.72,pharmacy,0.1,0
user_312,2025-06-06 10:47:59.531172,16.1,pharmacy,0.1,0
user_819,2025-06-06 10:53:43.531172,12.21,online_retail,0.1,0
user_477,2025-06-06 11:18:25.531172,44.27,online_retail,0.1,0
user_790,2025-06-06 11:20:18.531172,7.83,electronics,0.3,0
user_388,2025-06-06 11:31:12.531172,63.7,restaurant,0.3,0
user_24,2025-06-06 11:33:32.531172,5.0,grocery,0.3,0
user_965,2025-06-06 11:35:47.531172,272.67,online_retail,0.3,0
user_971,2025-06-06 11:43:52.531172,73.55,department_store,0.1,0
user_477,2025-06-06 12:03:09.531172,5.0,online_retail,0.3,0
user_880,2025-06-06 12:09:29.531172,32.24,entertainment,0.6,0
user_728,2025-06-06 12:20:55.531172,33.01,online_retail,0.1,0
user_312,2025-06-06 13:06:57.531172,5.0,electronics,0.3,0
user_315,2025-06-06 13:34:17.531172,13.25,hotel,0.6,0
user_303,2025-06-06 13:47:31.531172,8.61,online_retail,0.1,0
user_716,2025-06-06 13:58:38.531172,12.1,gas_station,0.1,0
user_709,2025-06-06 14:05:42.531172,33.85,department_store,0.1,0
user_901,2025-06-06 14:06:37.531172,1170.86,airline,0.3,0
user_551,2025-06-06 14:12:04.531172,4863.78,entertainment,0.7,1
user_996,2025-06-06 14:15:09.531172,48.62,grocery,0.1,0
user_647,2025-06-06 14:30:20.531172,408.27,car_rental,0.1,0
user_822,2025-06-06 14:44:31.531172,26.91,pharmacy,0.1,0
user_631,2025-06-06 15:07:08.531172,17.31,restaurant,0.1,0
user_236,2025-06-06 15:40:16.531172,228.96,pharmacy,0.6,0
user_337,2025-06-06 16:04:26.531172,19.55,department_store,0.4,0
user_389,2025-06-06 16:42:48.531172,16.9,gas_station,0.3,0
user_266,2025-06-06 16:58:43.531172,26.8,grocery,0.1,0
user_255,2025-06-06 17:16:06.531172,11.95,online_retail,0.1,0
user_61,2025-06-06 17:22:38.531172,73.25,grocery,0.1,0
user_88,2025-06-06 17:29:24.531172,131.2,entertainment,0.3,0
user_163,2025-06-06 17:30:56.531172,23.35,grocery,0.1,0
user_981,2025-06-06 17:46:24.531172,7.52,grocery,0.1,0
user_213,2025-06-06 18:03:58.531172,15.44,grocery,0.6,0
user_906,2025-06-06 18:06:50.531172,246.42,restaurant,0.6,0
user_695,2025-06-06 18:10:52.531172,44.61,restaurant,0.3,0
user_115,2025-06-06 19:28:19.531172,16.59,grocery,0.1,0
user_170,2025-06-06 19:29:29.531172,6.86,grocery,0.1,0
user_33,2025-06-06 19:33:45.531172,43.95,electronics,0.1,0
user_112,2025-06-06 20:23:22.531172,23.43,online_retail,0.1,0
user_387,2025-06-06 20:23:50.531172,5.0,online_retail,0.1,0
user_306,2025-06-06 20:31:12.531172,48.15,entertainment,0.1,0
user_488,2025-06-06 20:33:39.531172,17.76,entertainment,0.6,0
user_628,2025-06-06 21:01:11.531172,8.63,online_retail,0.6,0
user_403,2025-06-06 21:19:40.531172,6.31,hotel,0.1,0
user_902,2025-06-06 21:26:38.531172,5.0,entertainment,0.3,0
user_898,2025-06-06 21:36:51.531172,18.65,grocery,0.3,0
user_164,2025-06-06 21:37:35.531172,5.0,airline,0.6,0
user_249,2025-06-06 21:46:19.531172,103.06,restaurant,0.1,0
user_498,2025-06-06 21:55:06.531172,5.58,pharmacy,0.3,0
user_726,2025-06-06 21:57:47.531172,86.81,airline,0.3,0
user_175,2025-06-06 22:18:04.531172,46.19,gas_station,0.1,0
user_553,2025-06-06 22:21:15.531172,12.71,grocery,0.6,0
user_875,2025-06-06 22:27:56.531172,7.24,grocery,0.1,0
user_913,2025-06-06 22:29:30.531172,13.89,online_retail,0.4,0
user_610,2025-06-06 22:31:22.531172,359.01,restaurant,0.1,0
user_331,2025-06-06 23:07:10.531172,10.14,hotel,0.1,0
user_652,2025-06-06 23:17:23.531172,138.25,online_retail,0.1,0
user_116,2025-06-06 23:31:41.531172,437.35,grocery,0.1,0
user_6,2025-06-06 23:32:19.531172,17.65,grocery,0.1,0
user_972,2025-06-06 23:48:34.531172,25.56,department_store,0.1,0
user_741,2025-06-06 23:54:31.531172,72.15,electronics,0.6,0
user_247,2025-06-06 23:57:29.531172,274.83,grocery,0.1,0
user_601,2025-06-07 00:09:08.531172,391.6,gas_station,0.1,0
user_821,2025-06-07 00:16:33.531172,37.17,car_rental,0.1,0
user_493,2025-06-07 00:19:56.531172,5.0,gas_station,0.1,0
user_440,2025-06-07 01:07:33.531172,140.3,gas_station,0.1,0
user_131,2025-06-07 01:19:41.531172,19.55,gas_station,0.6,0
user_305,2025-06-07 01:24:28.531172,5.0,airline,0.1,0
user_936,2025-06-07 01:49:38.531172,42.64,grocery,0.1,0
user_916,2025-06-07 01:51:18.531172,5.88,grocery,0.3,0
user_947,2025-06-07 02:15:17.531172,5.0,department_store,0.3,0
user_916,2025-06-07 02:19:13.531172,13.04,gas_station,0.1,0
user_481,2025-06-07 02:26:37.531172,8.82,grocery,0.7,0
user_724,2025-06-07 02:27:33.531172,5.0,car_rental,0.6,0
user_13,2025-06-07 02:40:27.531172,115.25,gas_station,0.1,0
user_856,2025-06-07 02:52:50.531172,9.59,online_retail,0.1,0
user_919,2025-06-07 03:44:05.531172,8.33,gas_station,0.1,0
user_132,2025-06-07 05:02:37.531172,5.0,hotel,0.1,0
user_619,2025-06-07 05:04:04.531172,21.44,gas_station,0.1,0
user_556,2025-06-07 05:23:21.531172,5.0,grocery,0.1,0
user_37,2025-06-07 05:23:31.531172,25.87,grocery,0.1,0
user_857,2025-06-07 05:25:22.531172,30.01,department_store,0.1,0
user_751,2025-06-07 05:28:09.531172,5.0,gas_station,0.1,0
user_170,2025-06-07 05:35:34.531172,47.21,grocery,0.6,0
user_339,2025-06-07 06:22:58.531172,18.74,jewelry,0.7,1
user_645,2025-06-07 06:25:05.531172,7.56,hotel,0.1,0
user_877,2025-06-07 06:26:39.531172,26.09,restaurant,0.1,0
user_877,2025-06-07 06:37:22.531172,5.0,department_store,0.1,0
user_321,2025-06-07 06:37:25.531172,23.27,pharmacy,0.1,0
user_322,2025-06-07 06:44:26.531172,22.34,gas_station,0.3,0
user_503,2025-06-07 06:54:13.531172,18.26,hotel,0.1,0
user_230,2025-06-07 07:07:12.531172,5.0,restaurant,0.1,0
user_152,2025-06-07 07:12:44.531172,24.54,pharmacy,0.1,0
user_947,2025-06-07 07:13:39.531172,5.0,jewelry,0.1,0
user_185,2025-06-07 07:16:32.531172,7.18,grocery,0.1,0
user_750,2025-06-07 07:26:31.531172,25.04,grocery,0.3,0
user_474,2025-06-07 07:29:39.531172,8.42,department_store,0.1,0
user_585,2025-06-07 07:40:41.531172,136.53,online_retail,0.3,0
user_720,2025-06-07 07:43:36.531172,17.86,grocery,0.3,0
user_173,2025-06-07 07:50:05.531172,38.88,jewelry,0.1,0
user_828,2025-06-07 07:50:46.531172,45.05,pharmacy,0.3,0
user_293,2025-06-07 08:10:04.531172,96.0,gas_station,0.1,0
user_287,2025-06-07 08:22:38.531172,5.0,entertainment,0.1,0
user_730,2025-06-07 08:42:12.531172,106.5,entertainment,0.1,0
user_769,2025-06-07 08:44:06.531172,28.73,jewelry,0.1,0
user_790,2025-06-07 08:58:55.531172,76.04,electronics,0.1,0
user_192,2025-06-07 09:09:00.531172,71.86,grocery,0.1,0
user_204,2025-06-07 09:10:28.531172,36.23,pharmacy,0.1,0
user_555,2025-06-07 09:10:43.531172,95.22,pharmacy,0.1,0
user_647,2025-06-07 09:21:39.531172,68.41,jewelry,0.4,0
user_76,2025-06-07 09:33:52.531172,7.62,grocery,0.1,0
user_144,2025-06-07 09:40:54.531172,215.71,department_store,0.1,0
user_65,2025-06-07 10:19:33.531172,5.0,restaurant,0.1,0
user_146,2025-06-07 10:30:24.531172,18.91,grocery,0.3,0
user_327,2025-06-07 10:37:17.531172,9.18,online_retail,0.1,0
user_143,2025-06-07 10:41:59.531172,5.0,restaurant,0.3,0
user_251,2025-06-07 10:52:35.531172,211.55,gas_station,0.1,0
user_593,2025-06-07 10:59:36.531172,66.47,hotel,0.1,0
user_957,2025-06-07 11:06:58.531172,13.6,electronics,0.6,0
user_116,2025-06-07 11:28:45.531172,25.36,gas_station,0.6,0
user_821,2025-06-07 11:30:15.531172,8.51,gas_station,0.3,0
user_540,2025-06-07 11:33:26.531172,47.25,airline,0.6,0
user_561,2025-06-07 11:41:26.531172,15.83,gas_station,0.1,0
user_8,2025-06-07 11:42:07.531172,65.75,gas_station,0.1,0
user_8,2025-06-07 11:48:55.531172,5.0,grocery,0.3,0
user_885,2025-06-07 11:58:28.531172,129.69,grocery,0.1,0
user_655,2025-06-07 12:43:26.531172,5.0,airline,0.1,0
user_111,2025-06-07 13:26:27.531172,5.0,department_store,0.1,0
user_422,2025-06-07 13:29:14.531172,69.2,hotel,0.4,0
user_768,2025-06-07 14:05:49.531172,7.48,online_retail,0.1,0
user_759,2025-06-07 14:58:52.531172,34.57,restaurant,0.1,0
user_654,2025-06-07 15:00:06.531172,11.09,restaurant,0.3,0
user_445,2025-06-07 15:15:49.531172,5.09,online_retail,0.1,0
user_43,2025-06-07 15:22:47.531172,103.63,airline,0.6,0
user_60,2025-06-07 15:30:16.531172,48.37,grocery,0.1,0
user_35,2025-06-07 15:30:45.531172,120.15,online_retail,0.1,0
user_818,2025-06-07 15:38:23.531172,5.22,grocery,0.1,0
user_972,2025-06-07 15:55:34.531172,5.0,restaurant,0.1,0
user_607,2025-06-07 15:57:02.531172,8.39,entertainment,0.3,0
user_451,2025-06-07 16:15:03.531172,16.42,online_retail,0.7,0
user_602,2025-06-07 16:19:37.531172,48.93,department_store,0.6,0
user_842,2025-06-07 16:23:52.531172,5.0,jewelry,0.6,0
user_116,2025-06-07 17:07:55.531172,12.01,department_store,0.1,0
user_249,2025-06-07 17:15:25.531172,5.0,gas_station,0.3,0
user_474,2025-06-07 17:16:23.531172,6.69,pharmacy,0.3,0
user_849,2025-06-07 17:29:01.531172,76.37,restaurant,0.1,0
user_12,2025-06-07 17:45:34.531172,39.58,jewelry,0.3,0
user_183,2025-06-07 17:52:47.531172,5.0,grocery,0.6,0
user_744,2025-06-07 17:53:37.531172,8.29,gas_station,0.1,0
user_607,2025-06-07 18:00:43.531172,48.37,online_retail,0.1,0
user_979,2025-06-07 18:11:40.531172,45.09,grocery,0.1,0
user_909,2025-06-07 18:17:42.531172,25.94,grocery,0.3,0
user_87,2025-06-07 18:18:05.531172,13.51,restaurant,0.1,0
user_86,2025-06-07 18:45:06.531172,28.57,grocery,0.6,0
user_142,2025-06-07 18:54:26.531172,5.0,grocery,0.1,0
user_371,2025-06-07 18:59:20.531172,37.61,grocery,0.3,0
user_679,2025-06-07 20:15:01.531172,20.6,pharmacy,0.1,0
user_209,2025-06-07 20:22:57.531172,8.18,restaurant,0.1,0
user_833,2025-06-07 20:54:39.531172,37.28,restaurant,0.1,0
user_785,2025-06-07 20:58:35.531172,327.95,gas_station,0.6,0
user_336,2025-06-07 21:03:44.531172,25.07,restaurant,0.3,0
user_911,2025-06-07 21:31:44.531172,78.27,grocery,0.1,0
user_491,2025-06-07 21:44:04.531172,5.0,restaurant,0.3,0
user_87,2025-06-07 21:55:14.531172,5.0,gas_station,0.1,0
user_529,2025-06-07 22:01:33.531172,245.69,restaurant,0.6,0
user_682,2025-06-07 22:12:14.531172,7.74,restaurant,0.1,0
user_310,2025-06-07 22:14:22.531172,27.91,gas_station,0.3,0
user_379,2025-06-07 22:21:12.531172,29.49,department_store,0.3,0
user_814,2025-06-07 22:40:18.531172,53.33,pharmacy,0.1,0
user_603,2025-06-07 22:44:37.531172,7.72,restaurant,0.1,0
user_84,2025-06-07 22:53:21.531172,5.0,department_store,0.1,0
user_114,2025-06-07 22:57:58.531172,61.45,grocery,0.3,0
user_492,2025-06-07 23:02:41.531172,59.11,grocery,0.3,0
user_937,2025-06-07 23:20:19.531172,27.14,restaurant,0.1,0
user_386,2025-06-07 23:30:27.531172,40.31,grocery,0.1,0
user_37,2025-06-07 23:33:05.531172,39.15,department_store,0.3,0
user_221,2025-06-08 00:17:53.531172,180.06,restaurant,0.6,0
user_142,2025-06-08 00:33:08.531172,22.0,restaurant,0.3,0
user_53,2025-06-08 00:42:56.531172,21.5,grocery,0.1,0
user_920,2025-06-08 00:44:16.531172,43.41,online_retail,0.1,0
user_218,2025-06-08 00:46:18.531172,171.58,department_store,0.1,0
user_650,2025-06-08 00:50:06.531172,5.0,online_retail,0.1,0
user_106,2025-06-08 01:00:24.531172,165.81,restaurant,0.1,0
user_319,2025-06-08 01:02:52.531172,6.01,online_retail,0.1,0
user_674,2025-06-08 01:03:46.531172,10.77,hotel,0.3,0
user_427,2025-06-08 01:07:56.531172,104.16,airline,0.4,0
user_810,2025-06-08 01:47:09.531172,5.44,grocery,0.3,0
user_165,2025-06-08 01:47:38.531172,5.0,hotel,0.1,0
user_786,2025-06-08 01:48:02.531172,5.0,hotel,0.6,0
user_958,2025-06-08 01:54:02.531172,184.4,grocery,0.1,0
user_521,2025-06-08 02:01:04.531172,5.0,gas_station,0.4,0
user_772,2025-06-08 02:07:48.531172,39.62,entertainment,0.1,0
user_711,2025-06-08 02:13:20.531172,9.85,grocery,0.4,0
user_671,2025-06-08 02:14:18.531172,23.07,gas_station,0.1,0
user_216,2025-06-08 02:35:19.531172,25.94,grocery,0.1,0
user_407,2025-06-08 02:57:41.531172,5.19,pharmacy,0.1,0
user_357,2025-06-08 02:58:32.531172,25.21,entertainment,0.1,0
user_320,2025-06-08 03:02:36.531172,24.47,gas_station,0.1,0
user_789,2025-06-08 03:28:34.531172,5.5,pharmacy,0.1,0
user_858,2025-06-08 03:30:27.531172,14.3,department_store,0.1,0
user_934,2025-06-08 04:14:33.531172,448.88,restaurant,0.1,0
user_483,2025-06-08 04:22:17.531172,19.45,restaurant,0.3,0
user_859,2025-06-08 04:26:16.531172,10.21,gas_station,0.1,0
user_218,2025-06-08 04:31:38.531172,61.83,grocery,0.1,0
user_855,2025-06-08 04:38:30.531172,312.14,grocery,0.1,0
user_261,2025-06-08 05:28:47.531172,20.34,hotel,0.1,0
user_31,2025-06-08 05:39:46.531172,10.95,online_retail,0.1,0
user_680,2025-06-08 05:44:06.531172,5.44,grocery,0.1,0
user_647,2025-06-08 05:45:21.531172,5.0,pharmacy,0.6,0
user_697,2025-06-08 06:11:44.531172,71.05,hotel,0.1,0
user_406,2025-06-08 06:31:32.531172,5.0,restaurant,0.3,0
user_612,2025-06-08 06:33:16.531172,32.45,airline,0.1,0
user_392,2025-06-08 06:40:21.531172,10.51,restaurant,0.3,0
user_568,2025-06-08 06:53:20.531172,5.0,grocery,0.1,0
user_6,2025-06-08 06:55:32.531172,47.47,online_retail,0.7,1
user_141,2025-06-08 07:17:12.531172,6.17,electronics,0.9,1
user_213,2025-06-08 07:22:45.531172,175.12,grocery,0.1,0
user_531,2025-06-08 07:30:42.531172,170.61,pharmacy,0.1,0
user_62,2025-06-08 07:34:13.531172,5.0,grocery,0.1,0
user_152,2025-06-08 07:54:22.531172,152.87,gas_station,0.1,0
user_260,2025-06-08 08:30:44.531172,5.0,online_retail,0.3,0
user_486,2025-06-08 08:32:16.531172,23.62,department_store,0.4,0
user_766,2025-06-08 08:37:47.531172,50.27,restaurant,0.1,0
user_334,2025-06-08 08:42:44.531172,17.79,department_store,0.6,0
user_402,2025-06-08 08:49:40.531172,16.79,department_store,0.1,0
user_590,2025-06-08 09:06:12.531172,255.34,gas_station,0.1,0
user_430,2025-06-08 09:36:35.531172,30.18,grocery,0.6,0
user_516,2025-06-08 09:54:31.531172,5.0,pharmacy,0.1,0
user_639,2025-06-08 10:09:33.531172,175.99,restaurant,0.1,0
user_780,2025-06-08 10:10:37.531172,16.91,restaurant,0.1,0
user_211,2025-06-08 10:13:19.531172,65.98,car_rental,0.1,0
user_225,2025-06-08 10:21:06.531172,99.71,grocery,0.1,0
user_656,2025-06-08 10:38:54.531172,5.0,gas_station,0.1,0
user_337,2025-06-08 10:42:43.531172,31.15,grocery,0.1,0
user_67,2025-06-08 11:31:50.531172,6.47,grocery,0.1,0
user_413,2025-06-08 11:42:18.531172,21.54,grocery,0.1,0
user_657,2025-06-08 11:52:01.531172,5.0,pharmacy,0.1,0
user_236,2025-06-08 12:10:21.531172,83.57,department_store,0.1,0
user_881,2025-06-08 12:22:14.531172,443.1,grocery,0.6,0
user_516,2025-06-08 12:42:35.531172,10.0,pharmacy,0.1,0
user_983,2025-06-08 12:55:36.531172,52.69,pharmacy,0.4,0
user_332,2025-06-08 13:07:57.531172,5.0,online_retail,0.1,0
user_244,2025-06-08 13:08:04.531172,86.81,online_retail,0.1,0
user_223,2025-06-08 13:09:23.531172,25.91,gas_station,0.1,0
user_447,2025-06-08 13:10:38.531172,40.45,hotel,0.3,0
user_798,2025-06-08 13:16:12.531172,43.88,online_retail,0.6,0
user_359,2025-06-08 13:35:21.531172,14.04,gas_station,0.1,0
user_401,2025-06-08 13:49:18.531172,5.0,pharmacy,0.1,0
user_675,2025-06-08 14:12:50.531172,105.8,jewelry,0.1,0
user_791,2025-06-08 14:52:37.531172,146.07,car_rental,0.3,0
user_803,2025-06-08 14:55:54.531172,31.63,department_store,0.7,0
user_23,2025-06-08 15:05:30.531172,23.61,department_store,0.1,0
user_641,2025-06-08 15:19:01.531172,26.29,entertainment,0.3,0
user_788,2025-06-08 15:53:31.531172,30.19,hotel,0.1,0
user_64,2025-06-08 15:56:48.531172,11.46,grocery,0.1,0
user_720,2025-06-08 16:11:21.531172,6.32,grocery,0.1,0
user_989,2025-06-08 16:13:40.531172,26.46,grocery,0.3,0
user_383,2025-06-08 16:35:46.531172,10.27,electronics,0.3,0
user_90,2025-06-08 16:57:18.531172,32.18,restaurant,0.3,0
user_68,2025-06-08 17:23:21.531172,5.0,grocery,0.3,0
user_772,2025-06-08 18:02:28.531172,5.0,restaurant,0.4,0
user_856,2025-06-08 18:14:11.531172,40.12,grocery,0.1,0
user_335,2025-06-08 18:32:10.531172,14.18,restaurant,0.1,0
user_934,2025-06-08 18:40:03.531172,83.71,gas_station,0.1,0
user_936,2025-06-08 19:26:53.531172,12.64,gas_station,0.1,0
user_222,2025-06-08 19:29:28.531172,574.29,restaurant,0.1,0
user_571,2025-06-08 19:41:31.531172,5.85,restaurant,0.1,0
user_950,2025-06-08 19:56:08.531172,6.3,grocery,0.1,0
user_222,2025-06-08 19:57:44.531172,14.49,jewelry,0.1,0
user_77,2025-06-08 20:13:29.531172,31.37,online_retail,0.1,0
user_224,2025-06-08 20:43:49.531172,7.54,grocery,0.1,0
user_205,2025-06-08 20:59:48.531172,9.03,restaurant,0.1,0
user_489,2025-06-08 21:11:25.531172,26.33,online_retail,0.4,0
user_749,2025-06-08 21:34:25.531172,46.26,grocery,0.4,0
user_25,2025-06-08 21:42:16.531172,19.41,grocery,0.3,0
user_178,2025-06-08 21:56:14.531172,16.53,pharmacy,0.3,0
user_80,2025-06-08 21:57:25.531172,4121.17,electronics,0.9,1
user_913,2025-06-08 22:13:47.531172,27.93,jewelry,0.3,0
user_814,2025-06-08 22:30:57.531172,74.53,entertainment,0.1,0
user_70,2025-06-08 22:32:00.531172,80.89,restaurant,0.1,0
user_47,2025-06-08 22:59:47.531172,113.11,airline,0.1,0
user_526,2025-06-08 23:12:30.531172,7.13,gas_station,0.1,0
user_526,2025-06-09 00:20:59.531172,20.19,online_retail,0.1,0
user_136,2025-06-09 00:22:52.531172,5.0,grocery,0.1,0
user_307,2025-06-09 00:29:11.531172,15.78,airline,0.1,0
user_586,2025-06-09 00:40:32.531172,9.53,online_retail,0.3,0
user_508,2025-06-09 00:40:37.531172,25.74,airline,0.3,0
user_858,2025-06-09 00:57:17.531172,5.0,online_retail,0.1,0
user_10,2025-06-09 01:08:24.531172,320.51,pharmacy,0.1,0
user_868,2025-06-09 01:09:56.531172,5.0,hotel,0.3,0
user_181,2025-06-09 01:14:33.531172,25.54,pharmacy,0.1,0
user_630,2025-06-09 01:18:50.531172,28.16,department_store,0.1,0
user_59,2025-06-09 01:27:03.531172,5.8,department_store,0.1,0
user_998,2025-06-09 02:02:37.531172,15.35,restaurant,0.3,0
user_593,2025-06-09 02:20:16.531172,28.6,grocery,0.6,0
user_567,2025-06-09 03:12:22.531172,30.34,department_store,0.1,0
user_315,2025-06-09 03:33:39.531172,102.41,hotel,0.1,0
user_855,2025-06-09 03:34:09.531172,11.73,restaurant,0.3,0
user_771,2025-06-09 03:45:58.531172,196.56,gas_station,0.1,0
user_308,2025-06-09 03:53:07.531172,13.87,department_store,0.6,0
user_192,2025-06-09 03:54:19.531172,5.0,restaurant,0.1,0
user_98,2025-06-09 03:59:49.531172,23.76,entertainment,0.1,0
user_573,2025-06-09 04:30:44.531172,5.0,pharmacy,0.1,0
user_865,2025-06-09 04:44:14.531172,22.05,restaurant,0.1,0
user_978,2025-06-09 04:52:35.531172,5.0,pharmacy,0.1,0
user_773,2025-06-09 05:21:21.531172,5.0,restaurant,0.9,0
user_593,2025-06-09 05:24:52.531172,69.41,restaurant,0.1,0
user_391,2025-06-09 05:31:42.531172,5.0,entertainment,0.1,0
user_950,2025-06-09 05:32:32.531172,5.0,restaurant,0.3,0
user_923,2025-06-09 05:44:44.531172,41.38,gas_station,0.6,0
user_607,2025-06-09 05:57:51.531172,32.4,electronics,0.1,0
user_722,2025-06-09 06:04:16.531172,38.23,restaurant,0.7,0
user_621,2025-06-09 06:05:02.531172,79.75,online_retail,0.3,0
user_705,2025-06-09 06:09:02.531172,19.57,grocery,0.1,0
user_705,2025-06-09 06:16:59.531172,5.0,pharmacy,0.3,0
user_39,2025-06-09 06:25:19.531172,640.04,restaurant,0.1,0
user_434,2025-06-09 06:33:24.531172,15.84,gas_station,0.1,0
user_533,2025-06-09 06:39:01.531172,74.94,online_retail,0.1,0
user_834,2025-06-09 06:43:59.531172,12.02,gas_station,0.1,0
user_433,2025-06-09 06:44:29.531172,21.51,online_retail,0.3,0
user_465,2025-06-09 07:01:52.531172,57.68,online_retail,0.1,0
user_512,2025-06-09 07:30:37.531172,5.0,online_retail,0.1,0
user_538,2025-06-09 07:37:51.531172,286.68,pharmacy,0.1,0
user_288,2025-06-09 07:47:13.531172,68.74,pharmacy,0.3,0
user_321,2025-06-09 08:03:02.531172,5.0,entertainment,0.1,0
user_300,2025-06-09 08:07:38.531172,61.77,gas_station,0.1,0
user_310,2025-06-09 08:12:32.531172,48.41,restaurant,0.1,0
user_440,2025-06-09 08:19:15.531172,6.49,jewelry,0.1,0
user_217,2025-06-09 08:22:36.531172,15.48,gas_station,0.1,0
user_916,2025-06-09 08:25:06.531172,102.54,department_store,0.3,0
user_655,2025-06-09 08:27:31.531172,696.32,hotel,0.3,0
user_391,2025-06-09 09:01:54.531172,39.88,entertainment,0.3,0
user_729,2025-06-09 09:13:11.531172,13.7,restaurant,0.1,0
user_507,2025-06-09 09:19:38.531172,32.39,hotel,0.3,0
user_606,2025-06-09 09:28:47.531172,5.61,airline,0.1,0
user_458,2025-06-09 09:56:51.531172,152.36,online_retail,0.1,0
user_696,2025-06-09 10:10:58.531172,83.71,gas_station,0.6,0
user_460,2025-06-09 10:17:40.531172,12.42,department_store,0.1,0
user_602,2025-06-09 10:17:56.531172,6.79,gas_station,0.1,0
user_83,2025-06-09 10:32:03.531172,42.59,online_retail,0.1,0
user_612,2025-06-09 10:33:02.531172,8.14,gas_station,0.1,0
user_54,2025-06-09 10:55:38.531172,37.16,restaurant,0.1,0
user_72,2025-06-09 11:03:09.531172,86.75,grocery,0.6,0
user_29,2025-06-09 11:21:40.531172,84.77,electronics,0.6,1
user_97,2025-06-09 12:13:31.531172,41.45,online_retail,0.4,0
user_171,2025-06-09 13:08:13.531172,5.0,hotel,0.6,0
user_944,2025-06-09 13:39:31.531172,102.38,grocery,0.3,0
user_974,2025-06-09 13:40:33.531172,134.06,airline,0.6,0
user_983,2025-06-09 13:58:33.531172,96.72,pharmacy,0.4,0
user_803,2025-06-09 13:58:43.531172,7.34,department_store,0.1,0
user_886,2025-06-09 14:07:14.531172,6.22,gas_station,0.3,0
user_630,2025-06-09 14:40:30.531172,16.9,department_store,0.3,0
user_244,2025-06-09 14:41:33.531172,111.39,restaurant,0.1,0
user_547,2025-06-09 14:54:45.531172,8.3,airline,0.4,0
user_760,2025-06-09 14:58:57.531172,5.0,grocery,0.1,0
user_635,2025-06-09 14:59:43.531172,84.89,restaurant,0.1,0
user_795,2025-06-09 15:01:36.531172,208.43,grocery,0.3,0
user_629,2025-06-09 15:05:32.531172,13.62,electronics,0.3,0
user_830,2025-06-09 15:11:12.531172,5.0,hotel,0.1,0
user_212,2025-06-09 15:18:07.531172,105.73,restaurant,0.3,0
user_616,2025-06-09 15:20:49.531172,116.68,online_retail,0.3,0
user_641,2025-06-09 15:36:40.531172,13.85,department_store,0.1,0
user_949,2025-06-09 15:40:51.531172,8.2,gas_station,0.3,0
user_440,2025-06-09 16:01:27.531172,7.59,grocery,0.3,0
user_701,2025-06-09 16:04:05.531172,5.0,pharmacy,0.1,0
user_46,2025-06-09 16:27:28.531172,41.67,entertainment,0.3,0
user_567,2025-06-09 17:26:13.531172,15.68,entertainment,0.1,0
user_178,2025-06-09 17:46:12.531172,13.39,restaurant,0.6,0
user_704,2025-06-09 17:58:49.531172,26.77,restaurant,0.1,0
user_176,2025-06-09 18:26:34.531172,43.76,online_retail,0.1,0
user_53,2025-06-09 18:34:48.531172,15.29,grocery,0.1,0
user_680,2025-06-09 18:52:42.531172,142.0,restaurant,0.3,0
user_943,2025-06-09 19:17:04.531172,43.17,restaurant,0.3,0
user_761,2025-06-09 19:23:06.531172,17.24,entertainment,0.3,0
user_27,2025-06-09 19:33:28.531172,163.68,department_store,0.3,0
user_518,2025-06-09 19:48:47.531172,12.97,grocery,0.1,0
user_254,2025-06-09 20:07:02.531172,39.29,online_retail,0.1,0
user_975,2025-06-09 20:26:55.531172,7.36,restaurant,0.1,0
user_870,2025-06-09 20:28:20.531172,41.19,restaurant,0.1,0
user_178,2025-06-09 20:41:56.531172,29.57,gas_station,0.6,0
user_204,2025-06-09 20:50:53.531172,240.88,department_store,0.3,0
user_423,2025-06-09 20:59:29.531172,55.64,grocery,0.3,0
user_457,2025-06-09 21:13:04.531172,9.53,restaurant,0.1,0
user_582,2025-06-09 21:35:38.531172,30.84,gas_station,0.1,0
user_699,2025-06-09 22:02:08.531172,8.31,gas_station,0.1,0
user_819,2025-06-09 22:06:21.531172,86.72,grocery,0.1,0
user_683,2025-06-09 22:29:06.531172,25.03,grocery,0.1,0
user_372,2025-06-09 22:32:33.531172,15.21,jewelry,0.1,0
user_329,2025-06-09 22:35:30.531172,15.79,grocery,0.7,0
user_714,2025-06-09 22:48:16.531172,332.49,gas_station,0.1,0
user_317,2025-06-09 22:52:02.531172,20.5,gas_station,0.3,0
user_757,2025-06-09 23:00:04.531172,184.79,gas_station,0.3,0
user_988,2025-06-09 23:30:52.531172,5.0,online_retail,0.9,0
user_331,2025-06-09 23:45:45.531172,225.52,online_retail,0.3,0
user_157,2025-06-09 23:56:31.531172,5.0,grocery,0.1,0
user_115,2025-06-10 00:00:50.531172,16.17,online_retail,0.1,0
user_723,2025-06-10 00:30:32.531172,5.0,gas_station,0.3,0
user_765,2025-06-10 00:33:10.531172,5.17,jewelry,0.1,0
user_811,2025-06-10 00:54:12.531172,96.75,grocery,0.1,0
user_909,2025-06-10 00:55:17.531172,428.46,grocery,0.1,0
user_528,2025-06-10 01:06:15.531172,10.2,grocery,0.6,0
user_351,2025-06-10 01:17:26.531172,14.3,gas_station,0.1,0
user_346,2025-06-10 01:17:44.531172,481.09,pharmacy,0.1,0
user_713,2025-06-10 01:21:55.531172,5.0,restaurant,0.1,0
user_357,2025-06-10 01:27:20.531172,16.67,pharmacy,0.6,0
user_532,2025-06-10 01:38:10.531172,4239.15,entertainment,0.9,1
user_435,2025-06-10 01:45:56.531172,5.17,gas_station,0.1,0
user_392,2025-06-10 01:47:25.531172,60.47,hotel,0.1,0
user_821,2025-06-10 01:58:32.531172,5.18,department_store,0.3,0
user_867,2025-06-10 02:05:17.531172,94.58,restaurant,0.1,0
user_542,2025-06-10 02:05:35.531172,5.0,online_retail,0.1,0
user_706,2025-06-10 02:14:33.531172,5.0,restaurant,0.1,0
user_690,2025-06-10 02:41:19.531172,30.88,pharmacy,0.1,0
user_427,2025-06-10 02:42:40.531172,5.0,grocery,0.6,0
user_618,2025-06-10 02:56:28.531172,83.42,department_store,0.3,0
user_34,2025-06-10 02:58:51.531172,37.94,restaurant,0.1,0
user_349,2025-06-10 03:09:11.531172,13.3,grocery,0.1,0
user_496,2025-06-10 03:16:09.531172,109.83,department_store,0.1,0
user_932,2025-06-10 03:37:10.531172,9.49,online_retail,0.1,0
user_154,2025-06-10 03:57:02.531172,33.21,grocery,0.1,0
user_142,2025-06-10 04:01:53.531172,5.0,department_store,0.1,0
user_987,2025-06-10 04:06:07.531172,347.57,restaurant,0.6,0
user_854,2025-06-10 04:24:49.531172,9.41,restaurant,0.1,0
user_161,2025-06-10 04:30:18.531172,19.89,department_store,0.1,0
user_181,2025-06-10 04:44:36.531172,14.59,car_rental,0.1,0
user_227,2025-06-10 04:58:55.531172,32.18,gas_station,0.1,0
user_576,2025-06-10 05:08:57.531172,50.91,online_retail,0.3,0
user_198,2025-06-10 05:20:53.531172,108.7,pharmacy,0.1,0
user_615,2025-06-10 05:27:53.531172,11.44,pharmacy,0.1,0
user_447,2025-06-10 05:34:36.531172,296.44,department_store,0.1,0
user_363,2025-06-10 05:57:45.531172,21.48,gas_station,0.1,0
user_933,2025-06-10 06:02:14.531172,15.3,pharmacy,0.1,0
user_384,2025-06-10 06:19:58.531172,1481.28,car_rental,0.3,0
user_309,2025-06-10 06:24:31.531172,5.0,gas_station,0.1,0
user_662,2025-06-10 06:33:09.531172,5.0,restaurant,0.1,0
user_594,2025-06-10 06:37:54.531172,39.85,pharmacy,0.3,0
user_240,2025-06-10 06:52:05.531172,80.57,department_store,0.6,0
user_547,2025-06-10 07:04:55.531172,168.17,electronics,0.1,0
user_626,2025-06-10 07:08:01.531172,30.37,gas_station,0.1,0
user_19,2025-06-10 07:23:37.531172,6.82,department_store,0.1,0
user_236,2025-06-10 07:34:18.531172,20.52,gas_station,0.1,0
user_53,2025-06-10 07:39:28.531172,9.91,hotel,0.3,0
user_411,2025-06-10 07:55:44.531172,31.64,online_retail,0.3,0
user_621,2025-06-10 07:59:49.531172,68.49,grocery,0.1,0
user_169,2025-06-10 08:09:37.531172,11.13,department_store,0.1,0
user_44,2025-06-10 08:17:26.531172,6.98,airline,0.1,0
user_278,2025-06-10 08:30:30.531172,14.8,electronics,0.1,0
user_704,2025-06-10 09:20:09.531172,340.81,airline,0.1,0
user_936,2025-06-10 09:22:16.531172,23.34,restaurant,0.1,0
user_43,2025-06-10 09:35:14.531172,5.0,grocery,0.1,0
user_791,2025-06-10 09:44:54.531172,31.23,online_retail,0.3,0
user_57,2025-06-10 10:06:10.531172,5.0,grocery,0.3,0
user_330,2025-06-10 10:26:36.531172,7.74,restaurant,0.1,0
user_332,2025-06-10 10:42:49.531172,13.65,pharmacy,0.1,0
user_19,2025-06-10 10:59:35.531172,16.65,restaurant,0.1,0
user_932,2025-06-10 11:28:23.531172,206.42,hotel,0.1,0
user_606,2025-06-10 11:30:55.531172,67.92,online_retail,0.9,1
user_627,2025-06-10 11:41:24.531172,5.0,airline,0.3,0
user_438,2025-06-10 11:43:06.531172,5.0,grocery,0.1,0
user_520,2025-06-10 12:00:40.531172,8.3,grocery,0.3,0
user_27,2025-06-10 12:04:07.531172,6.01,jewelry,0.1,0
user_204,2025-06-10 12:05:05.531172,110.33,restaurant,0.1,0
user_82,2025-06-10 12:08:52.531172,69.03,department_store,0.1,0
user_609,2025-06-10 12:11:50.531172,5.0,hotel,0.1,0
user_701,2025-06-10 12:31:54.531172,12.18,pharmacy,0.4,0
user_518,2025-06-10 12:59:57.531172,31.07,gas_station,0.3,0
user_905,2025-06-10 13:01:34.531172,12.2,gas_station,0.1,0
user_951,2025-06-10 13:05:27.531172,27.43,gas_station,0.7,0
user_62,2025-06-10 13:33:02.531172,39.59,department_store,0.1,0
user_876,2025-06-10 13:49:22.531172,5.0,hotel,0.1,0
user_927,2025-06-10 14:24:53.531172,7.01,gas_station,0.3,0
user_271,2025-06-10 14:35:21.531172,5.0,gas_station,0.1,0
user_728,2025-06-10 15:01:15.531172,844.1,gas_station,0.7,0
user_9,2025-06-10 15:09:16.531172,5.0,grocery,0.1,0
user_584,2025-06-10 15:11:01.531172,14.41,hotel,0.3,0
user_443,2025-06-10 15:32:32.531172,35.42,hotel,0.4,0
user_801,2025-06-10 15:44:41.531172,7.19,online_retail,0.1,0
user_388,2025-06-10 16:17:45.531172,12.13,hotel,0.1,0
user_180,2025-06-10 16:38:05.531172,63.17,hotel,0.1,0
user_955,2025-06-10 17:19:02.531172,28.4,gas_station,0.6,0
user_487,2025-06-10 17:22:45.531172,57.24,pharmacy,0.3,0
user_398,2025-06-10 17:27:34.531172,14.09,grocery,0.6,0
user_186,2025-06-10 17:29:38.531172,5.0,grocery,0.1,0
user_368,2025-06-10 17:34:34.531172,552.48,online_retail,0.1,0
user_991,2025-06-10 17:37:44.531172,5.58,gas_station,0.3,0
user_794,2025-06-10 17:51:17.531172,5.0,pharmacy,0.1,0
user_920,2025-06-10 17:51:51.531172,155.6,gas_station,0.1,0
user_654,2025-06-10 17:58:17.531172,8.55,pharmacy,0.1,0
user_220,2025-06-10 18:47:05.531172,32.91,gas_station,0.1,0
user_64,2025-06-10 18:50:47.531172,209.12,grocery,0.1,0
user_781,2025-06-10 19:01:41.531172,24.07,gas_station,0.1,0
user_663,2025-06-10 19:04:42.531172,5.0,department_store,0.3,0
user_512,2025-06-10 19:11:13.531172,7.16,restaurant,0.1,0
user_506,2025-06-10 19:49:05.531172,5.0,gas_station,0.1,0
user_648,2025-06-10 20:05:59.531172,68.96,pharmacy,0.3,0
user_715,2025-06-10 20:14:20.531172,46.79,grocery,0.6,0
user_757,2025-06-10 20:27:05.531172,10.97,department_store,0.4,0
user_842,2025-06-10 20:50:31.531172,35.5,gas_station,0.1,0
user_914,2025-06-10 21:12:03.531172,5.35,pharmacy,0.1,0
user_270,2025-06-10 21:14:30.531172,5.0,grocery,0.1,0
user_747,2025-06-10 21:17:59.531172,6.54,department_store,0.1,0
user_401,2025-06-10 21:27:55.531172,12.76,gas_station,0.1,0
user_320,2025-06-10 21:29:32.531172,19.5,grocery,0.4,0
user_158,2025-06-10 21:29:33.531172,7.52,grocery,0.1,0
user_336,2025-06-10 21:33:36.531172,22.79,gas_station,0.1,0
user_483,2025-06-10 21:35:49.531172,5.0,department_store,0.1,0
user_302,2025-06-10 21:42:51.531172,5.0,gas_station,0.1,0
user_932,2025-06-10 21:54:18.531172,8.41,hotel,0.9,0
user_319,2025-06-10 22:00:49.531172,11.94,hotel,0.3,0
user_971,2025-06-10 22:06:34.531172,95.31,electronics,0.9,1
user_609,2025-06-10 22:54:13.531172,6.43,gas_station,0.3,0
user_658,2025-06-10 23:02:05.531172,60.33,restaurant,0.1,0
user_952,2025-06-10 23:03:12.531172,288.08,pharmacy,0.4,0
user_505,2025-06-10 23:19:41.531172,16.08,grocery,0.3,0
user_788,2025-06-10 23:25:02.531172,15.1,restaurant,0.3,0
user_378,2025-06-10 23:25:24.531172,30.16,restaurant,0.1,0
user_224,2025-06-10 23:39:10.531172,5.12,gas_station,0.4,0
user_61,2025-06-11 00:50:21.531172,9.21,restaurant,0.1,0
user_941,2025-06-11 00:51:37.531172,50.32,restaurant,0.1,0
user_377,2025-06-11 01:11:19.531172,5.0,grocery,0.1,0
user_2,2025-06-11 01:37:04.531172,14.47,grocery,0.1,0
user_171,2025-06-11 01:39:38.531172,8.56,restaurant,0.1,0
user_680,2025-06-11 01:47:49.531172,105.77,online_retail,0.1,0
user_430,2025-06-11 01:52:57.531172,18.28,airline,0.1,0
user_969,2025-06-11 02:18:38.531172,72.8,gas_station,0.1,0
user_819,2025-06-11 02:46:45.531172,233.34,gas_station,0.1,0
user_460,2025-06-11 02:52:23.531172,10.97,restaurant,0.1,0
user_885,2025-06-11 02:56:28.531172,17.84,entertainment,0.1,0
user_7,2025-06-11 03:17:49.531172,40.49,restaurant,0.1,0
user_40,2025-06-11 03:20:12.531172,64.9,restaurant,0.3,0
user_400,2025-06-11 03:23:41.531172,7.34,grocery,0.3,0
user_502,2025-06-11 03:34:53.531172,108.48,grocery,0.3,0
user_136,2025-06-11 03:55:14.531172,9.57,entertainment,0.1,0
user_277,2025-06-11 04:11:15.531172,118.93,gas_station,0.1,0
user_583,2025-06-11 04:22:34.531172,7.6,restaurant,0.1,0
user_575,2025-06-11 04:23:03.531172,8.45,restaurant,0.1,0
user_782,2025-06-11 04:27:25.531172,7.0,online_retail,0.3,0
user_551,2025-06-11 04:30:05.531172,13.34,gas_station,0.1,0
user_422,2025-06-11 04:34:08.531172,5.0,department_store,0.3,0
user_105,2025-06-11 04:38:43.531172,46.86,gas_station,0.1,0
user_170,2025-06-11 04:44:38.531172,100.21,grocery,0.1,0
user_359,2025-06-11 04:54:24.531172,7.42,pharmacy,0.6,0
user_198,2025-06-11 05:00:57.531172,52.79,gas_station,0.1,0
user_457,2025-06-11 05:07:35.531172,17.22,entertainment,0.1,0
user_337,2025-06-11 05:11:23.531172,57.55,airline,0.7,0
user_403,2025-06-11 05:33:28.531172,66.07,gas_station,0.3,0
user_593,2025-06-11 05:35:08.531172,83.13,online_retail,0.4,0
user_683,2025-06-11 05:36:07.531172,17.5,pharmacy,0.3,0
user_998,2025-06-11 06:07:38.531172,5.0,entertainment,0.1,0
user_343,2025-06-11 06:18:03.531172,5.0,department_store,0.4,0
user_227,2025-06-11 06:27:13.531172,39.15,grocery,0.1,0
user_844,2025-06-11 06:33:59.531172,146.57,online_retail,0.1,0
user_918,2025-06-11 06:35:13.531172,53.06,online_retail,0.6,0
user_219,2025-06-11 06:39:42.531172,55.05,electronics,0.6,1
user_888,2025-06-11 06:51:37.531172,13.86,online_retail,0.1,0
user_469,2025-06-11 07:34:01.531172,34.38,restaurant,0.1,0
user_412,2025-06-11 07:56:17.531172,15.69,grocery,0.9,0
user_117,2025-06-11 08:02:01.531172,32.45,department_store,0.1,0
user_254,2025-06-11 08:09:02.531172,17.08,pharmacy,0.3,0
user_242,2025-06-11 08:18:25.531172,15.27,gas_station,0.6,0
user_737,2025-06-11 08:20:54.531172,98.17,gas_station,0.1,0
user_914,2025-06-11 08:27:59.531172,52.94,electronics,0.1,0
user_773,2025-06-11 08:40:30.531172,18.67,pharmacy,0.1,0
user_893,2025-06-11 08:56:02.531172,37.7,grocery,0.1,0
user_714,2025-06-11 08:58:12.531172,16.76,online_retail,0.1,0
user_383,2025-06-11 08:59:54.531172,23.93,online_retail,0.1,0
user_411,2025-06-11 09:03:41.531172,8.33,pharmacy,0.1,0
user_29,2025-06-11 09:17:03.531172,5.0,department_store,0.1,0
user_269,2025-06-11 09:17:24.531172,5.0,gas_station,0.1,0
user_971,2025-06-11 09:20:38.531172,5.0,gas_station,0.3,0
user_148,2025-06-11 09:37:18.531172,22.97,gas_station,0.3,0
user_463,2025-06-11 09:52:17.531172,14.35,airline,0.1,0
user_810,2025-06-11 10:01:37.531172,7.37,entertainment,0.1,0
user_366,2025-06-11 10:10:04.531172,68.76,entertainment,0.3,0
user_857,2025-06-11 10:26:34.531172,56.2,car_rental,0.1,0
user_703,2025-06-11 10:33:17.531172,33.93,restaurant,0.1,0
user_409,2025-06-11 10:33:17.531172,5.0,online_retail,0.1,0
user_198,2025-06-11 10:41:33.531172,30.45,online_retail,0.3,0
user_98,2025-06-11 11:11:53.531172,6.02,airline,0.1,0
user_411,2025-06-11 11:29:03.531172,17.13,entertainment,0.3,0
user_987,2025-06-11 11:32:11.531172,11.29,online_retail,0.1,0
user_629,2025-06-11 11:47:37.531172,8.43,airline,0.1,0
user_636,2025-06-11 11:55:10.531172,9.01,grocery,0.1,0
user_41,2025-06-11 12:16:16.531172,63.83,department_store,0.1,0
user_462,2025-06-11 12:20:15.531172,5.26,restaurant,0.1,0
user_292,2025-06-11 12:35:03.531172,34.81,department_store,0.1,0
user_26,2025-06-11 12:39:23.531172,7.82,grocery,0.3,0
user_392,2025-06-11 13:02:15.531172,17.2,pharmacy,0.1,0
user_739,2025-06-11 13:05:48.531172,5.0,grocery,0.4,0
user_285,2025-06-11 13:10:02.531172,38.52,pharmacy,0.1,0
user_719,2025-06-11 14:35:23.531172,28.07,hotel,0.3,0
user_83,2025-06-11 14:46:23.531172,18.78,online_retail,0.1,0
user_889,2025-06-11 14:49:35.531172,55.23,restaurant,0.3,0
user_208,2025-06-11 15:01:16.531172,5.0,entertainment,0.1,0
user_44,2025-06-11 15:08:33.531172,18.61,jewelry,0.1,0
user_595,2025-06-11 15:14:16.531172,16.35,online_retail,0.1,0
user_998,2025-06-11 15:15:14.531172,51.86,gas_station,0.1,0
user_381,2025-06-11 15:16:04.531172,36.14,restaurant,0.4,0
user_743,2025-06-11 15:41:42.531172,115.32,online_retail,0.3,0
user_245,2025-06-11 15:45:03.531172,7.81,department_store,0.1,0
user_131,2025-06-11 15:47:08.531172,102.95,restaurant,0.1,0
user_195,2025-06-11 15:47:20.531172,56.23,restaurant,0.1,0
user_972,2025-06-11 16:02:54.531172,5.0,online_retail,0.3,0
user_583,2025-06-11 16:06:22.531172,17.82,jewelry,0.3,0
user_941,2025-06-11 16:20:58.531172,158.73,pharmacy,0.6,0
user_21,2025-06-11 16:49:29.531172,5.0,airline,0.1,0
user_839,2025-06-11 17:43:45.531172,26.91,hotel,0.6,0
user_979,2025-06-11 17:55:23.531172,8.3,restaurant,0.4,0
user_166,2025-06-11 18:00:19.531172,5.0,restaurant,0.1,0
user_723,2025-06-11 18:04:26.531172,8.35,grocery,0.1,0
user_718,2025-06-11 18:38:54.531172,366.03,grocery,0.1,0
user_131,2025-06-11 18:58:17.531172,51.97,gas_station,0.1,0
user_672,2025-06-11 19:13:22.531172,39.29,grocery,0.1,0
user_4,2025-06-11 19:40:42.531172,58.19,restaurant,0.1,0
user_277,2025-06-11 20:13:54.531172,12.37,pharmacy,0.1,0
user_16,2025-06-11 20:34:29.531172,5.0,car_rental,0.1,0
user_495,2025-06-11 20:48:03.531172,13.74,pharmacy,0.1,0
user_453,2025-06-11 21:07:38.531172,132.81,restaurant,0.3,0
user_819,2025-06-11 21:10:40.531172,17.79,online_retail,0.1,0
user_187,2025-06-11 21:11:46.531172,24.91,entertainment,0.1,0
user_637,2025-06-11 21:14:42.531172,5.7,online_retail,0.1,0
user_589,2025-06-11 21:16:18.531172,25.01,gas_station,0.1,0
user_347,2025-06-11 21:18:26.531172,26.85,restaurant,0.4,0
user_369,2025-06-11 21:47:59.531172,55.99,grocery,0.3,0
user_845,2025-06-11 22:06:55.531172,1477.07,restaurant,0.1,0
user_666,2025-06-11 22:49:19.531172,5.0,restaurant,0.1,0
user_935,2025-06-12 00:00:54.531172,29.27,jewelry,0.1,0
user_675,2025-06-12 00:08:59.531172,5.0,electronics,0.3,0
user_232,2025-06-12 00:22:00.531172,71.22,grocery,0.1,0
user_309,2025-06-12 00:48:00.531172,12.32,entertainment,0.3,0
user_258,2025-06-12 01:16:44.531172,240.33,entertainment,0.6,0
user_739,2025-06-12 01:26:30.531172,221.23,pharmacy,0.1,0
user_404,2025-06-12 01:51:45.531172,5.0,restaurant,0.1,0
user_364,2025-06-12 01:54:05.531172,5.0,online_retail,0.1,0
user_629,2025-06-12 01:54:52.531172,324.0,online_retail,0.3,0
user_281,2025-06-12 01:59:36.531172,866.67,online_retail,0.7,1
user_433,2025-06-12 02:06:57.531172,18.0,grocery,0.1,0
user_793,2025-06-12 02:13:03.531172,56.94,grocery,0.3,0
user_511,2025-06-12 02:18:56.531172,94.52,restaurant,0.1,0
user_213,2025-06-12 02:33:48.531172,47.92,grocery,0.3,0
user_406,2025-06-12 02:46:17.531172,156.83,pharmacy,0.1,0
user_499,2025-06-12 02:57:15.531172,54.31,pharmacy,0.3,0
user_907,2025-06-12 03:35:00.531172,11.45,entertainment,0.1,0
user_59,2025-06-12 03:35:21.531172,22.71,electronics,0.6,0
user_65,2025-06-12 03:40:52.531172,11.14,department_store,0.4,0
user_626,2025-06-12 04:07:30.531172,30.6,pharmacy,0.7,0
user_817,2025-06-12 04:23:08.531172,391.48,airline,0.1,0
user_296,2025-06-12 04:44:55.531172,65.73,restaurant,0.1,0
user_454,2025-06-12 04:48:48.531172,5.0,entertainment,0.1,0
user_385,2025-06-12 04:53:01.531172,5.0,grocery,0.1,0
user_606,2025-06-12 05:08:58.531172,98.27,electronics,0.7,1
user_5,2025-06-12 05:17:38.531172,5.0,hotel,0.1,0
user_745,2025-06-12 05:27:39.531172,75.64,grocery,0.1,0
user_452,2025-06-12 05:38:41.531172,395.88,entertainment,0.3,0
user_899,2025-06-12 05:46:16.531172,147.3,online_retail,0.1,0
user_8,2025-06-12 05:52:03.531172,82.14,gas_station,0.1,0
user_266,2025-06-12 05:59:57.531172,44.3,restaurant,0.1,0
user_911,2025-06-12 06:24:21.531172,13.2,grocery,0.3,0
user_160,2025-06-12 06:29:27.531172,45.01,online_retail,0.1,0
user_885,2025-06-12 06:31:48.531172,39.4,restaurant,0.1,0
user_851,2025-06-12 06:35:18.531172,119.82,online_retail,0.1,0
user_534,2025-06-12 06:40:02.531172,170.11,gas_station,0.1,0
user_962,2025-06-12 06:55:09.531172,54.97,jewelry,0.1,0
user_961,2025-06-12 07:45:29.531172,8.52,online_retail,0.1,0
user_581,2025-06-12 07:51:49.531172,21.61,online_retail,0.3,0
user_265,2025-06-12 08:20:40.531172,6.06,grocery,0.3,0
user_785,2025-06-12 08:25:25.531172,5.0,car_rental,0.3,0
user_141,2025-06-12 08:55:55.531172,5.0,gas_station,0.6,0
user_673,2025-06-12 08:57:09.531172,40.98,department_store,0.1,0
user_581,2025-06-12 09:05:48.531172,5.0,gas_station,0.3,0
user_465,2025-06-12 09:11:06.531172,19.97,restaurant,0.1,0
user_294,2025-06-12 09:41:01.531172,5.0,entertainment,0.3,0
user_850,2025-06-12 09:50:40.531172,20.24,restaurant,0.1,0
user_354,2025-06-12 10:16:07.531172,534.06,electronics,0.7,1
user_606,2025-06-12 10:28:09.531172,5.0,electronics,0.6,0
user_748,2025-06-12 10:38:02.531172,29.25,airline,0.1,0
user_537,2025-06-12 10:44:34.531172,32.68,online_retail,0.1,0
user_163,2025-06-12 11:04:00.531172,40.85,hotel,0.1,0
user_687,2025-06-12 11:52:58.531172,5.0,gas_station,0.3,0
user_138,2025-06-12 11:56:35.531172,14.21,car_rental,0.1,0
user_134,2025-06-12 11:59:08.531172,5.0,jewelry,0.1,0
user_540,2025-06-12 11:59:16.531172,25.37,restaurant,0.3,0
user_415,2025-06-12 12:27:20.531172,15.7,gas_station,0.3,0
user_453,2025-06-12 12:30:26.531172,118.75,online_retail,0.1,0
user_582,2025-06-12 12:38:23.531172,5.0,gas_station,0.1,0
user_860,2025-06-12 12:41:35.531172,12.06,grocery,0.3,0
user_460,2025-06-12 12:41:55.531172,171.83,gas_station,0.1,0
user_997,2025-06-12 13:03:57.531172,9.87,online_retail,0.4,0
user_586,2025-06-12 13:16:07.531172,5.0,entertainment,0.1,0
user_589,2025-06-12 13:46:12.531172,22.1,gas_station,0.1,0
user_233,2025-06-12 13:48:07.531172,10.52,electronics,0.4,0
user_110,2025-06-12 14:27:07.531172,65.73,hotel,0.4,0
user_784,2025-06-12 14:31:31.531172,5.0,grocery,0.1,0
user_863,2025-06-12 14:38:56.531172,10.9,airline,0.1,0
user_256,2025-06-12 14:46:19.531172,18.41,pharmacy,0.3,0
user_371,2025-06-12 15:14:02.531172,51.0,pharmacy,0.3,0
user_850,2025-06-12 15:24:21.531172,97.6,electronics,0.9,1
user_341,2025-06-12 15:25:14.531172,83.2,grocery,0.1,0
user_468,2025-06-12 15:27:18.531172,178.0,restaurant,0.3,0
user_490,2025-06-12 15:31:26.531172,555.53,grocery,0.3,0
user_241,2025-06-12 15:43:10.531172,5.0,gas_station,0.3,0
user_581,2025-06-12 15:50:29.531172,23.08,pharmacy,0.3,0
user_432,2025-06-12 15:58:53.531172,24.99,gas_station,0.4,0
user_450,2025-06-12 16:09:58.531172,161.29,gas_station,0.6,0
user_475,2025-06-12 17:00:13.531172,42.01,online_retail,0.1,0
user_747,2025-06-12 17:20:33.531172,30.03,restaurant,0.3,0
user_863,2025-06-12 18:09:24.531172,5.0,airline,0.1,0
user_57,2025-06-12 18:18:34.531172,25.11,grocery,0.3,0
user_507,2025-06-12 19:08:31.531172,9.26,entertainment,0.1,0
user_356,2025-06-12 19:15:56.531172,6.96,pharmacy,0.1,0
user_907,2025-06-12 19:31:05.531172,62.92,grocery,0.1,0
user_712,2025-06-12 19:46:38.531172,36.96,pharmacy,0.1,0
user_242,2025-06-12 19:47:33.531172,19.55,restaurant,0.1,0
user_680,2025-06-12 19:52:00.531172,18.7,grocery,0.1,0
user_640,2025-06-12 20:11:00.531172,135.95,gas_station,0.3,0
user_276,2025-06-12 20:17:02.531172,283.57,online_retail,0.1,0
user_949,2025-06-12 20:33:54.531172,8.32,department_store,0.1,0
user_143,2025-06-12 20:47:15.531172,37.64,restaurant,0.1,0
user_721,2025-06-12 20:56:31.531172,9.63,grocery,0.4,0
user_103,2025-06-12 21:13:42.531172,82.92,department_store,0.1,0
user_322,2025-06-12 21:17:25.531172,17.61,department_store,0.3,0
user_78,2025-06-12 21:28:02.531172,6.84,department_store,0.1,0
user_850,2025-06-12 21:32:43.531172,14.43,grocery,0.1,0
user_779,2025-06-12 21:44:50.531172,8.88,grocery,0.1,0
user_984,2025-06-12 22:26:28.531172,36.15,department_store,0.1,0
user_461,2025-06-12 22:30:12.531172,5.0,restaurant,0.4,0
user_95,2025-06-12 22:59:51.531172,12.63,gas_station,0.1,0
user_601,2025-06-12 23:01:13.531172,24.39,online_retail,0.1,0
user_642,2025-06-12 23:02:48.531172,406.93,airline,0.3,0
user_54,2025-06-12 23:11:23.531172,5.0,online_retail,0.1,0
user_465,2025-06-12 23:24:50.531172,5.0,gas_station,0.1,0
user_972,2025-06-12 23:29:35.531172,35.11,electronics,0.7,1
user_93,2025-06-12 23:54:41.531172,37.51,pharmacy,0.1,0
user_857,2025-06-13 00:10:35.531172,173.04,restaurant,0.3,0
user_624,2025-06-13 00:36:51.531172,28.25,online_retail,0.1,0
user_659,2025-06-13 01:21:36.531172,113.39,airline,0.1,0
user_178,2025-06-13 01:21:48.531172,51.35,online_retail,0.7,1
user_499,2025-06-13 01:50:02.531172,5.0,gas_station,0.1,0
user_460,2025-06-13 02:04:18.531172,5.0,restaurant,0.4,0
user_313,2025-06-13 02:08:42.531172,5.0,airline,0.1,0
user_465,2025-06-13 02:15:35.531172,536.83,gas_station,0.1,0
user_776,2025-06-13 02:15:44.531172,5.0,airline,0.3,0
user_767,2025-06-13 02:38:53.531172,55.1,grocery,0.1,0
user_399,2025-06-13 02:42:27.531172,172.51,gas_station,0.3,0
user_962,2025-06-13 03:37:56.531172,29.93,pharmacy,0.3,0
user_359,2025-06-13 03:47:44.531172,95.18,electronics,0.9,1
user_855,2025-06-13 04:18:07.531172,5.0,pharmacy,0.1,0
user_225,2025-06-13 04:26:05.531172,10.91,car_rental,0.1,0
user_916,2025-06-13 04:58:11.531172,9.3,grocery,0.1,0
user_711,2025-06-13 05:02:23.531172,8.09,restaurant,0.6,0
user_356,2025-06-13 05:05:25.531172,5.97,online_retail,0.1,0
user_424,2025-06-13 05:06:03.531172,21.38,airline,0.3,0
user_695,2025-06-13 05:25:45.531172,20.98,online_retail,0.1,0
user_137,2025-06-13 05:49:40.531172,444.22,entertainment,0.1,0
user_137,2025-06-13 06:14:51.531172,5.0,gas_station,0.1,0
user_545,2025-06-13 06:18:49.531172,10.66,grocery,0.6,0
user_826,2025-06-13 06:29:55.531172,51.12,restaurant,0.1,0
user_744,2025-06-13 06:39:51.531172,5.49,gas_station,0.1,0
user_633,2025-06-13 07:01:23.531172,1599.2,gas_station,0.1,0
user_492,2025-06-13 07:03:24.531172,57.24,restaurant,0.3,0
user_275,2025-06-13 07:29:02.531172,24.71,gas_station,0.3,0
user_795,2025-06-13 07:42:58.531172,19.96,restaurant,0.3,0
user_4,2025-06-13 07:49:34.531172,6.98,car_rental,0.1,0
user_512,2025-06-13 07:50:50.531172,134.55,pharmacy,0.3,0
user_609,2025-06-13 08:04:32.531172,8.07,department_store,0.3,0
user_207,2025-06-13 08:33:42.531172,11.68,grocery,0.1,0
user_841,2025-06-13 08:40:18.531172,325.38,pharmacy,0.1,0
user_843,2025-06-13 08:56:07.531172,123.71,hotel,0.1,0
user_785,2025-06-13 09:06:36.531172,8.29,restaurant,0.6,0
user_121,2025-06-13 09:18:46.531172,37.81,hotel,0.1,0
user_877,2025-06-13 09:20:48.531172,42.57,department_store,0.4,0
user_4,2025-06-13 09:26:34.531172,5.0,pharmacy,0.1,0
user_420,2025-06-13 09:32:01.531172,5.0,online_retail,0.3,0
user_320,2025-06-13 09:38:17.531172,114.21,entertainment,0.3,0
user_75,2025-06-13 09:40:29.531172,8.29,grocery,0.1,0
user_317,2025-06-13 09:52:01.531172,73.39,restaurant,0.1,0
user_862,2025-06-13 09:52:04.531172,7.89,entertainment,0.1,0
user_633,2025-06-13 09:57:54.531172,10.82,hotel,0.1,0
user_687,2025-06-13 10:13:29.531172,5.75,hotel,0.6,0
user_541,2025-06-13 10:14:19.531172,8.2,department_store,0.1,0
user_743,2025-06-13 10:26:11.531172,5.0,grocery,0.1,0
user_811,2025-06-13 10:36:19.531172,32.19,gas_station,0.3,0
user_282,2025-06-13 11:04:45.531172,120.19,pharmacy,0.3,0
user_656,2025-06-13 11:12:59.531172,29.02,restaurant,0.6,0
user_227,2025-06-13 11:29:34.531172,7.65,online_retail,0.1,0
user_746,2025-06-13 11:51:02.531172,60.12,department_store,0.1,0
user_147,2025-06-13 11:54:35.531172,13.85,gas_station,0.1,0
user_948,2025-06-13 12:18:55.531172,33.77,grocery,0.6,0
user_338,2025-06-13 12:43:46.531172,121.23,grocery,0.1,0
user_150,2025-06-13 12:49:12.531172,79.11,online_retail,0.1,0
user_979,2025-06-13 13:36:34.531172,8.37,grocery,0.1,0
user_524,2025-06-13 13:41:42.531172,32.23,online_retail,0.1,0
user_420,2025-06-13 14:25:19.531172,5.0,department_store,0.1,0
user_788,2025-06-13 14:33:25.531172,39.08,restaurant,0.1,0
user_870,2025-06-13 14:52:20.531172,5.0,car_rental,0.4,0
user_811,2025-06-13 14:52:34.531172,277.18,restaurant,0.1,0
user_54,2025-06-13 15:30:52.531172,10.98,restaurant,0.1,0
user_47,2025-06-13 15:42:11.531172,40.19,pharmacy,0.3,0
user_945,2025-06-13 15:43:52.531172,39.57,grocery,0.1,0
user_785,2025-06-13 15:52:09.531172,20.13,restaurant,0.3,0
user_218,2025-06-13 16:17:15.531172,100.43,gas_station,0.1,0
user_556,2025-06-13 16:31:55.531172,19.66,pharmacy,0.6,0
user_94,2025-06-13 16:39:53.531172,5.0,gas_station,0.1,0
user_74,2025-06-13 16:42:46.531172,38.15,pharmacy,0.1,0
user_669,2025-06-13 16:43:18.531172,11.8,department_store,0.3,0
user_210,2025-06-13 17:04:00.531172,22.07,entertainment,0.1,0
user_746,2025-06-13 17:31:03.531172,57.07,pharmacy,0.3,0
user_56,2025-06-13 17:35:04.531172,25.8,online_retail,0.1,0
user_86,2025-06-13 18:43:22.531172,234.79,department_store,0.7,0
user_937,2025-06-13 18:57:40.531172,10.28,grocery,0.1,0
user_952,2025-06-13 19:14:41.531172,87.68,entertainment,0.1,0
user_698,2025-06-13 20:01:35.531172,14.69,grocery,0.1,0
user_965,2025-06-13 20:02:34.531172,5.84,entertainment,0.1,0
user_470,2025-06-13 20:06:00.531172,280.88,entertainment,0.1,0
user_554,2025-06-13 20:15:22.531172,5.0,online_retail,0.3,0
user_527,2025-06-13 20:25:04.531172,42.64,pharmacy,0.6,0
user_386,2025-06-13 20:27:20.531172,312.45,restaurant,0.3,0
user_821,2025-06-13 21:14:35.531172,5.0,grocery,0.1,0
user_438,2025-06-13 21:20:27.531172,15.84,entertainment,0.1,0
user_127,2025-06-13 21:26:11.531172,2000.0,restaurant,0.3,0
user_181,2025-06-13 22:19:16.531172,5.0,pharmacy,0.1,0
user_701,2025-06-13 22:36:43.531172,12.35,grocery,0.1,0
user_496,2025-06-13 23:01:36.531172,45.18,department_store,0.1,0
user_284,2025-06-13 23:04:57.531172,16.94,hotel,0.1,0
user_620,2025-06-13 23:08:16.531172,11.23,gas_station,0.1,0
user_473,2025-06-13 23:12:29.531172,31.93,department_store,0.3,0
user_756,2025-06-13 23:13:53.531172,748.04,gas_station,0.1,0
user_646,2025-06-13 23:13:57.531172,21.81,entertainment,0.1,0
user_346,2025-06-13 23:26:38.531172,5.0,gas_station,0.1,0
user_705,2025-06-13 23:28:03.531172,5.0,restaurant,0.7,0
user_924,2025-06-13 23:33:47.531172,7.13,grocery,0.1,0
user_841,2025-06-13 23:38:20.531172,94.86,online_retail,0.1,0
user_507,2025-06-13 23:56:28.531172,5.0,grocery,0.1,0
user_577,2025-06-14 00:02:21.531172,5.0,entertainment,0.3,0
user_899,2025-06-14 00:11:41.531172,5.0,grocery,0.1,0
user_860,2025-06-14 00:16:44.531172,5.0,online_retail,0.3,0
user_575,2025-06-14 00:20:19.531172,32.24,restaurant,0.6,0
user_798,2025-06-14 00:20:46.531172,14.38,department_store,0.3,0
user_942,2025-06-14 00:34:21.531172,14.27,restaurant,0.1,0
user_682,2025-06-14 00:44:38.531172,15.58,restaurant,0.3,0
user_22,2025-06-14 00:53:35.531172,16.34,gas_station,0.3,0
user_183,2025-06-14 01:05:33.531172,6.55,entertainment,0.3,0
user_688,2025-06-14 01:08:01.531172,74.03,department_store,0.1,0
user_714,2025-06-14 01:17:51.531172,5.0,jewelry,0.3,0
user_37,2025-06-14 01:29:11.531172,60.99,airline,0.1,0
user_747,2025-06-14 02:01:08.531172,37.42,grocery,0.1,0
user_925,2025-06-14 02:15:58.531172,935.19,grocery,0.3,0
user_755,2025-06-14 02:16:31.531172,5.0,restaurant,0.3,0
user_356,2025-06-14 02:18:55.531172,58.24,jewelry,0.9,1
user_294,2025-06-14 02:23:46.531172,338.9,entertainment,0.1,0
user_517,2025-06-14 02:35:34.531172,12.79,pharmacy,0.6,0
user_638,2025-06-14 02:42:57.531172,15.9,gas_station,0.1,0
user_643,2025-06-14 03:05:26.531172,5.0,entertainment,0.3,0
user_52,2025-06-14 03:06:01.531172,43.4,grocery,0.1,0
user_137,2025-06-14 03:19:47.531172,8.58,gas_station,0.1,0
user_381,2025-06-14 03:48:17.531172,40.33,restaurant,0.1,0
user_694,2025-06-14 04:01:46.531172,5.0,online_retail,0.3,0
user_171,2025-06-14 04:37:36.531172,7.34,jewelry,0.3,0
user_982,2025-06-14 04:48:01.531172,5.0,restaurant,0.1,0
user_761,2025-06-14 04:54:19.531172,5.0,online_retail,0.3,0
user_676,2025-06-14 04:56:23.531172,106.46,car_rental,0.1,0
user_292,2025-06-14 05:01:06.531172,57.23,grocery,0.3,0
user_340,2025-06-14 05:11:43.531172,13.16,department_store,0.3,0
user_647,2025-06-14 05:20:18.531172,17.31,entertainment,0.3,0
user_575,2025-06-14 05:25:27.531172,116.28,gas_station,0.6,0
user_136,2025-06-14 05:29:34.531172,52.61,grocery,0.3,0
user_519,2025-06-14 05:53:34.531172,5.0,restaurant,0.3,0
user_185,2025-06-14 05:56:30.531172,5.52,car_rental,0.1,0
user_727,2025-06-14 06:06:02.531172,11.65,grocery,0.6,0
user_674,2025-06-14 06:25:25.531172,29.8,pharmacy,0.1,0
user_425,2025-06-14 07:03:55.531172,58.89,entertainment,0.6,0
user_180,2025-06-14 07:21:34.531172,459.16,department_store,0.1,0
user_470,2025-06-14 07:37:19.531172,5.0,grocery,0.1,0
user_592,2025-06-14 07:50:58.531172,20.8,pharmacy,0.6,0
user_292,2025-06-14 08:01:19.531172,5.18,pharmacy,0.1,0
user_41,2025-06-14 08:10:47.531172,8.66,grocery,0.3,0
user_709,2025-06-14 08:18:01.531172,44.39,department_store,0.3,0
user_51,2025-06-14 08:24:21.531172,11.44,grocery,0.1,0
user_2,2025-06-14 08:27:40.531172,10.39,department_store,0.1,0
user_926,2025-06-14 09:04:49.531172,5.0,grocery,0.1,0
user_512,2025-06-14 09:04:53.531172,47.69,restaurant,0.1,0
user_898,2025-06-14 09:30:50.531172,5.0,grocery,0.1,0
user_851,2025-06-14 09:42:29.531172,337.79,car_rental,0.1,0
user_781,2025-06-14 09:46:53.531172,21.33,grocery,0.3,0
user_695,2025-06-14 09:49:38.531172,5.99,gas_station,0.1,0
user_691,2025-06-14 10:13:49.531172,44.04,jewelry,0.7,1
user_905,2025-06-14 10:14:43.531172,6.63,online_retail,0.1,0
user_570,2025-06-14 10:20:21.531172,56.35,restaurant,0.6,0
user_391,2025-06-14 11:04:44.531172,5.0,grocery,0.3,0
user_590,2025-06-14 11:18:14.531172,5.0,online_retail,0.4,0
user_850,2025-06-14 11:20:16.531172,32.04,department_store,0.6,0
user_451,2025-06-14 11:24:12.531172,39.74,entertainment,0.1,0
user_904,2025-06-14 11:36:39.531172,8.77,restaurant,0.1,0
user_966,2025-06-14 11:41:15.531172,60.03,grocery,0.3,0
user_728,2025-06-14 11:49:07.531172,75.6,department_store,0.1,0
user_230,2025-06-14 11:57:11.531172,24.84,grocery,0.3,0
user_578,2025-06-14 12:07:54.531172,893.05,jewelry,0.9,1
user_838,2025-06-14 12:20:31.531172,11.56,online_retail,0.6,0
user_661,2025-06-14 12:36:05.531172,94.41,online_retail,0.1,0
user_989,2025-06-14 12:41:00.531172,5.0,department_store,0.1,0
user_489,2025-06-14 12:52:22.531172,33.97,grocery,0.1,0
user_729,2025-06-14 12:52:36.531172,22.63,grocery,0.1,0
user_60,2025-06-14 13:43:46.531172,5.0,pharmacy,0.6,0
user_775,2025-06-14 13:51:36.531172,42.09,online_retail,0.1,0
user_881,2025-06-14 14:02:00.531172,7.99,online_retail,0.6,0
user_272,2025-06-14 14:15:02.531172,62.88,gas_station,0.3,0
user_624,2025-06-14 14:52:04.531172,51.06,restaurant,0.1,0
user_532,2025-06-14 15:08:05.531172,15.8,grocery,0.3,0
user_920,2025-06-14 15:10:42.531172,13.85,entertainment,0.1,0
user_79,2025-06-14 15:11:54.531172,59.37,restaurant,0.3,0
user_569,2025-06-14 15:13:53.531172,11.13,restaurant,0.3,0
user_437,2025-06-14 15:17:23.531172,86.12,department_store,0.1,0
user_276,2025-06-14 15:18:58.531172,10.25,entertainment,0.3,0
user_983,2025-06-14 15:35:25.531172,34.99,grocery,0.1,0
user_981,2025-06-14 15:42:22.531172,15.98,grocery,0.1,0
user_724,2025-06-14 15:42:31.531172,14.81,grocery,0.1,0
user_586,2025-06-14 15:53:56.531172,125.02,online_retail,0.1,0
user_565,2025-06-14 16:06:07.531172,27.75,restaurant,0.1,0
user_919,2025-06-14 16:13:37.531172,86.26,online_retail,0.4,0
user_321,2025-06-14 16:17:52.531172,3471.37,entertainment,0.9,1
user_634,2025-06-14 16:21:51.531172,21.63,pharmacy,0.1,0
user_941,2025-06-14 16:25:53.531172,50.35,pharmacy,0.1,0
user_405,2025-06-14 16:51:24.531172,356.36,gas_station,0.1,0
user_92,2025-06-14 16:58:26.531172,45.96,grocery,0.3,0
user_212,2025-06-14 17:22:45.531172,16.93,department_store,0.1,0
user_246,2025-06-14 17:29:45.531172,31.01,online_retail,0.1,0
user_212,2025-06-14 17:46:13.531172,173.06,gas_station,0.1,0
user_766,2025-06-14 18:05:36.531172,86.81,hotel,0.1,0
user_153,2025-06-14 18:17:39.531172,24.91,online_retail,0.6,0
user_417,2025-06-14 18:21:29.531172,5.0,restaurant,0.1,0
user_518,2025-06-14 18:46:14.531172,52.92,online_retail,0.3,0
user_648,2025-06-14 19:03:48.531172,117.33,grocery,0.6,0
user_270,2025-06-14 19:08:55.531172,148.09,car_rental,0.1,0
user_57,2025-06-14 19:15:11.531172,117.58,gas_station,0.3,0
user_371,2025-06-14 19:22:36.531172,23.95,gas_station,0.1,0
user_602,2025-06-14 19:23:32.531172,12.35,grocery,0.3,0
user_764,2025-06-14 19:28:38.531172,46.31,grocery,0.6,0
user_690,2025-06-14 19:40:09.531172,18.48,restaurant,0.1,0
user_137,2025-06-14 19:51:09.531172,5.0,pharmacy,0.3,0
user_442,2025-06-14 20:05:17.531172,9.93,department_store,0.4,0
user_850,2025-06-14 20:10:23.531172,36.21,online_retail,0.1,0
user_386,2025-06-14 20:10:53.531172,110.46,restaurant,0.1,0
user_969,2025-06-14 20:31:47.531172,5.0,gas_station,0.3,0
user_501,2025-06-14 20:32:44.531172,39.0,gas_station,0.1,0
user_827,2025-06-14 20:35:18.531172,32.13,online_retail,0.3,0
user_484,2025-06-14 20:43:27.531172,30.06,entertainment,0.1,0
user_391,2025-06-14 20:45:03.531172,5.0,grocery,0.3,0
user_967,2025-06-14 20:49:53.531172,8.76,pharmacy,0.1,0
user_412,2025-06-14 20:55:16.531172,64.07,restaurant,0.1,0
user_771,2025-06-14 21:05:17.531172,5.0,grocery,0.1,0
user_698,2025-06-14 21:27:04.531172,48.1,gas_station,0.1,0
user_906,2025-06-14 21:45:56.531172,25.54,online_retail,0.1,0
user_427,2025-06-14 22:09:09.531172,5.96,grocery,0.1,0
user_385,2025-06-14 22:12:38.531172,5.0,gas_station,0.1,0
user_874,2025-06-14 22:35:58.531172,26.73,department_store,0.1,0
user_477,2025-06-14 22:42:15.531172,5.0,restaurant,0.1,0
user_892,2025-06-14 22:45:31.531172,25.35,gas_station,0.3,0
user_393,2025-06-14 22:46:25.531172,100.42,grocery,0.1,0
user_425,2025-06-14 23:05:11.531172,14.24,online_retail,0.1,0
user_268,2025-06-14 23:12:24.531172,8.45,restaurant,0.1,0
user_617,2025-06-14 23:45:19.531172,49.89,online_retail,0.1,0
user_776,2025-06-14 23:59:14.531172,5.0,restaurant,0.6,0
user_27,2025-06-15 00:12:06.531172,15.46,hotel,0.1,0
user_609,2025-06-15 00:13:24.531172,133.47,airline,0.7,0
user_688,2025-06-15 00:22:13.531172,25.42,gas_station,0.1,0
user_778,2025-06-15 00:27:16.531172,5.0,grocery,0.1,0
user_272,2025-06-15 00:38:43.531172,5.56,grocery,0.1,0
user_214,2025-06-15 01:00:52.531172,34.6,grocery,0.1,0
user_352,2025-06-15 01:02:25.531172,48.36,pharmacy,0.3,0
user_797,2025-06-15 01:15:31.531172,679.96,online_retail,0.6,0
user_179,2025-06-15 01:24:37.531172,5.0,gas_station,0.3,0
user_271,2025-06-15 01:43:00.531172,90.42,entertainment,0.7,1
user_318,2025-06-15 01:43:33.531172,6.5,department_store,0.3,0
user_268,2025-06-15 01:52:38.531172,106.59,grocery,0.3,0
user_629,2025-06-15 02:00:24.531172,49.71,pharmacy,0.3,0
user_149,2025-06-15 02:08:18.531172,68.51,airline,0.1,0
user_450,2025-06-15 02:15:00.531172,19.26,gas_station,0.1,0
user_385,2025-06-15 02:31:05.531172,19.64,restaurant,0.1,0
user_873,2025-06-15 02:54:46.531172,147.37,pharmacy,0.1,0
user_126,2025-06-15 02:58:26.531172,9.93,gas_station,0.3,0
user_788,2025-06-15 03:04:28.531172,30.17,entertainment,0.1,0
user_539,2025-06-15 03:38:27.531172,5.0,grocery,0.1,0
user_403,2025-06-15 03:46:11.531172,5.0,entertainment,0.3,0
user_562,2025-06-15 03:58:53.531172,5.0,grocery,0.1,0
user_915,2025-06-15 04:22:29.531172,16.48,online_retail,0.1,0
user_656,2025-06-15 04:38:46.531172,5.0,car_rental,0.1,0
user_551,2025-06-15 04:40:07.531172,35.81,department_store,0.1,0
user_580,2025-06-15 04:43:54.531172,41.23,gas_station,0.1,0
user_946,2025-06-15 04:54:22.531172,150.53,online_retail,0.3,0
user_688,2025-06-15 04:55:55.531172,26.29,restaurant,0.1,0
user_397,2025-06-15 05:08:40.531172,50.84,pharmacy,0.1,0
user_160,2025-06-15 05:14:25.531172,10.5,online_retail,0.1,0
user_491,2025-06-15 05:17:12.531172,78.02,hotel,0.9,0
user_255,2025-06-15 05:19:50.531172,109.11,restaurant,0.6,0
user_2,2025-06-15 05:28:03.531172,85.99,department_store,0.1,0
user_472,2025-06-15 05:43:04.531172,5.0,restaurant,0.1,0
user_952,2025-06-15 05:51:56.531172,29.36,electronics,0.1,0
user_398,2025-06-15 06:04:31.531172,5.6,grocery,0.1,0
user_68,2025-06-15 06:10:10.531172,6.49,car_rental,0.3,0
user_609,2025-06-15 06:16:24.531172,85.65,grocery,0.1,0
user_880,2025-06-15 06:37:48.531172,5.0,airline,0.3,0
user_968,2025-06-15 06:37:48.531172,39.8,gas_station,0.1,0
user_65,2025-06-15 06:55:59.531172,8.52,restaurant,0.1,0
user_530,2025-06-15 07:01:58.531172,64.01,entertainment,0.6,1
user_868,2025-06-15 07:12:12.531172,77.29,entertainment,0.1,0
user_687,2025-06-15 07:28:04.531172,21.56,restaurant,0.1,0
user_213,2025-06-15 07:36:57.531172,62.38,entertainment,0.3,0
user_259,2025-06-15 07:48:13.531172,54.02,hotel,0.1,0
user_830,2025-06-15 08:14:06.531172,35.62,grocery,0.1,0
user_703,2025-06-15 08:18:01.531172,5.0,grocery,0.1,0
user_888,2025-06-15 08:21:47.531172,5.0,gas_station,0.1,0
user_795,2025-06-15 08:22:04.531172,19.62,entertainment,0.3,0
user_778,2025-06-15 08:22:47.531172,227.14,online_retail,0.6,0
user_621,2025-06-15 08:31:24.531172,35.34,entertainment,0.1,0
user_100,2025-06-15 08:32:55.531172,98.26,restaurant,0.1,0
user_155,2025-06-15 08:57:06.531172,65.9,pharmacy,0.1,0
user_301,2025-06-15 08:57:22.531172,12.49,pharmacy,0.1,0
user_786,2025-06-15 09:00:43.531172,15.12,entertainment,0.1,0
user_484,2025-06-15 09:02:59.531172,15.22,restaurant,0.1,0
user_276,2025-06-15 09:07:29.531172,95.07,department_store,0.3,0
user_885,2025-06-15 09:14:53.531172,36.16,pharmacy,0.6,0
user_642,2025-06-15 09:21:05.531172,6.15,pharmacy,0.1,0
user_226,2025-06-15 09:26:38.531172,5.0,car_rental,0.1,0
user_494,2025-06-15 09:30:14.531172,14.77,entertainment,0.3,0
user_183,2025-06-15 10:08:30.531172,41.7,grocery,0.1,0
user_807,2025-06-15 10:16:34.531172,61.83,entertainment,0.1,0
user_967,2025-06-15 10:19:31.531172,7.43,department_store,0.1,0
user_813,2025-06-15 10:25:37.531172,5.0,grocery,0.4,0
user_25,2025-06-15 10:59:47.531172,5.06,grocery,0.1,0
user_734,2025-06-15 11:00:48.531172,43.85,gas_station,0.1,0
user_503,2025-06-15 11:06:08.531172,19.28,gas_station,0.6,0
user_935,2025-06-15 11:09:11.531172,11.89,hotel,0.1,0
user_38,2025-06-15 11:19:47.531172,5.0,restaurant,0.1,0
user_829,2025-06-15 11:22:47.531172,15.24,grocery,0.6,0
user_147,2025-06-15 11:24:51.531172,5.59,gas_station,0.3,0
user_819,2025-06-15 11:45:42.531172,5.0,restaurant,0.6,0
user_479,2025-06-15 12:01:57.531172,5.0,hotel,0.1,0
user_414,2025-06-15 12:09:17.531172,138.91,online_retail,0.1,0
user_151,2025-06-15 12:58:22.531172,8.86,gas_station,0.1,0
user_336,2025-06-15 13:03:40.531172,37.8,entertainment,0.1,0
user_626,2025-06-15 13:04:25.531172,31.64,hotel,0.1,0
user_79,2025-06-15 13:26:14.531172,5.0,gas_station,0.1,0
user_47,2025-06-15 13:51:46.531172,19.3,department_store,0.1,0
user_439,2025-06-15 14:27:51.531172,19.28,grocery,0.1,0
user_444,2025-06-15 14:54:41.531172,48.93,airline,0.3,0
user_746,2025-06-15 14:59:07.531172,23.44,hotel,0.4,0
user_700,2025-06-15 15:05:46.531172,55.03,grocery,0.6,0
user_488,2025-06-15 15:18:46.531172,56.43,gas_station,0.1,0
user_454,2025-06-15 15:26:12.531172,11.59,restaurant,0.3,0
user_844,2025-06-15 15:37:36.531172,19.49,restaurant,0.1,0
user_716,2025-06-15 15:53:40.531172,87.15,restaurant,0.1,0
user_965,2025-06-15 15:54:17.531172,45.7,restaurant,0.1,0
user_333,2025-06-15 16:06:29.531172,5.0,restaurant,0.1,0
user_252,2025-06-15 16:13:30.531172,27.93,department_store,0.4,0
user_524,2025-06-15 16:24:28.531172,36.55,car_rental,0.1,0
user_446,2025-06-15 16:36:50.531172,238.86,hotel,0.1,0
user_657,2025-06-15 16:50:15.531172,152.62,pharmacy,0.1,0
user_593,2025-06-15 16:59:18.531172,5.0,entertainment,0.1,0
user_178,2025-06-15 17:00:22.531172,20.52,pharmacy,0.1,0
user_494,2025-06-15 17:04:32.531172,283.82,entertainment,0.1,0
user_94,2025-06-15 17:22:15.531172,76.02,restaurant,0.6,0
user_142,2025-06-15 18:44:13.531172,5.0,department_store,0.6,0
user_307,2025-06-15 18:48:55.531172,20.51,gas_station,0.6,0
user_264,2025-06-15 18:51:42.531172,20.92,department_store,0.1,0
user_979,2025-06-15 18:53:52.531172,36.64,electronics,0.1,0
user_928,2025-06-15 19:08:27.531172,12.66,gas_station,0.3,0
user_36,2025-06-15 19:11:21.531172,6.88,online_retail,0.3,0
user_396,2025-06-15 19:30:53.531172,69.7,gas_station,0.1,0
user_794,2025-06-15 20:05:35.531172,5.0,grocery,0.3,0
user_314,2025-06-15 20:08:48.531172,8.62,online_retail,0.1,0
user_651,2025-06-15 20:34:30.531172,103.01,hotel,0.1,0
user_535,2025-06-15 20:44:45.531172,11.24,car_rental,0.1,0
user_972,2025-06-15 20:47:37.531172,29.2,electronics,0.1,0
user_192,2025-06-15 21:06:18.531172,87.07,grocery,0.1,0
user_640,2025-06-15 21:24:37.531172,157.94,pharmacy,0.1,0
user_381,2025-06-15 21:25:31.531172,9.83,gas_station,0.1,0
user_727,2025-06-15 22:05:12.531172,29.16,restaurant,0.1,0
user_645,2025-06-15 22:33:32.531172,35.96,gas_station,0.1,0
user_940,2025-06-15 22:35:02.531172,5.33,department_store,0.1,0
user_940,2025-06-15 22:59:27.531172,5.0,restaurant,0.6,0
user_720,2025-06-15 23:08:05.531172,52.61,restaurant,0.1,0
user_983,2025-06-15 23:08:09.531172,25.44,grocery,0.1,0
user_99,2025-06-15 23:10:41.531172,8.22,grocery,0.3,0
user_895,2025-06-15 23:21:48.531172,103.18,hotel,0.1,0
user_368,2025-06-15 23:46:56.531172,7.12,pharmacy,0.4,0
user_229,2025-06-15 23:48:32.531172,5.0,pharmacy,0.1,0
user_608,2025-06-16 00:33:47.531172,5.0,restaurant,0.1,0
user_599,2025-06-16 00:40:24.531172,166.5,entertainment,0.3,0
user_670,2025-06-16 00:41:54.531172,93.98,pharmacy,0.4,0
user_264,2025-06-16 00:44:36.531172,16.85,car_rental,0.6,0
user_534,2025-06-16 00:55:07.531172,5.61,pharmacy,0.1,0
user_165,2025-06-16 01:22:39.531172,6.8,entertainment,0.1,0
user_299,2025-06-16 02:25:51.531172,9.51,grocery,0.1,0
user_885,2025-06-16 02:31:09.531172,7.06,online_retail,0.1,0
user_931,2025-06-16 02:41:09.531172,32.42,department_store,0.3,0
user_588,2025-06-16 02:58:07.531172,18.59,entertainment,0.1,0
user_34,2025-06-16 03:13:20.531172,25.94,department_store,0.4,0
user_89,2025-06-16 03:21:43.531172,213.85,grocery,0.3,0
user_540,2025-06-16 03:32:21.531172,9.3,online_retail,0.3,0
user_585,2025-06-16 03:35:48.531172,11.99,entertainment,0.1,0
user_34,2025-06-16 04:53:06.531172,83.55,entertainment,0.1,0
user_64,2025-06-16 05:03:43.531172,5.0,grocery,0.7,0
user_328,2025-06-16 05:11:14.531172,6.43,online_retail,0.1,0
user_194,2025-06-16 05:14:04.531172,5.0,gas_station,0.1,0
user_9,2025-06-16 05:14:30.531172,13.42,grocery,0.9,0
user_741,2025-06-16 05:28:23.531172,5.0,grocery,0.1,0
user_88,2025-06-16 05:53:22.531172,12.58,department_store,0.3,0
user_458,2025-06-16 06:06:31.531172,34.74,department_store,0.1,0
user_645,2025-06-16 07:05:39.531172,23.25,hotel,0.6,0
user_750,2025-06-16 07:13:40.531172,3366.06,jewelry,0.9,1
user_680,2025-06-16 07:13:53.531172,198.74,grocery,0.1,0
user_657,2025-06-16 07:24:23.531172,17.41,restaurant,0.1,0
user_345,2025-06-16 07:35:46.531172,21.35,department_store,0.1,0
user_118,2025-06-16 07:44:50.531172,11.93,online_retail,0.3,0
user_100,2025-06-16 07:46:06.531172,5.0,department_store,0.3,0
user_697,2025-06-16 07:46:22.531172,25.95,jewelry,0.4,0
user_474,2025-06-16 08:14:29.531172,9.57,gas_station,0.1,0
user_362,2025-06-16 09:26:00.531172,34.41,restaurant,0.3,0
user_210,2025-06-16 09:34:56.531172,41.2,gas_station,0.3,0
user_979,2025-06-16 09:51:29.531172,5.0,restaurant,0.1,0
user_822,2025-06-16 10:00:16.531172,21.0,grocery,0.1,0
user_790,2025-06-16 10:18:43.531172,87.12,entertainment,0.6,1
user_894,2025-06-16 10:22:29.531172,5.0,hotel,0.6,0
user_413,2025-06-16 10:24:20.531172,114.74,restaurant,0.3,0
user_329,2025-06-16 10:31:55.531172,9.73,gas_station,0.1,0
user_55,2025-06-16 10:48:47.531172,13.28,grocery,0.3,0
user_335,2025-06-16 10:54:34.531172,7.65,restaurant,0.1,0
user_47,2025-06-16 11:15:18.531172,330.58,restaurant,0.1,0
user_662,2025-06-16 11:17:00.531172,77.52,gas_station,0.3,0
user_380,2025-06-16 11:21:14.531172,67.84,pharmacy,0.3,0
user_14,2025-06-16 11:23:00.531172,10.62,grocery,0.1,0
user_190,2025-06-16 11:37:13.531172,5.0,gas_station,0.3,0
user_755,2025-06-16 11:41:07.531172,136.68,department_store,0.7,0
user_269,2025-06-16 11:51:19.531172,21.13,department_store,0.1,0
user_962,2025-06-16 12:03:55.531172,54.27,gas_station,0.3,0
user_777,2025-06-16 12:14:55.531172,96.85,restaurant,0.3,0
user_186,2025-06-16 12:29:58.531172,50.09,hotel,0.3,0
user_452,2025-06-16 12:50:24.531172,17.72,gas_station,0.6,0
user_77,2025-06-16 12:58:46.531172,94.08,department_store,0.1,0
user_80,2025-06-16 13:27:53.531172,57.17,restaurant,0.1,0
user_742,2025-06-16 13:36:03.531172,47.0,grocery,0.3,0
user_671,2025-06-16 13:39:23.531172,27.88,entertainment,0.1,0
user_808,2025-06-16 13:56:45.531172,45.34,car_rental,0.1,0
user_836,2025-06-16 13:58:46.531172,7.93,restaurant,0.1,0
user_298,2025-06-16 14:08:52.531172,24.75,entertainment,0.6,0
user_409,2025-06-16 14:09:06.531172,28.11,grocery,0.1,0
user_964,2025-06-16 14:34:29.531172,60.52,restaurant,0.3,0
user_752,2025-06-16 14:37:28.531172,22.56,pharmacy,0.1,0
user_504,2025-06-16 15:06:13.531172,353.64,airline,0.1,0
user_858,2025-06-16 15:12:41.531172,274.92,airline,0.3,0
user_580,2025-06-16 15:17:25.531172,32.56,restaurant,0.1,0
user_456,2025-06-16 15:27:15.531172,7.41,pharmacy,0.1,0
user_784,2025-06-16 15:32:14.531172,19.0,electronics,0.1,0
user_587,2025-06-16 15:53:31.531172,90.87,pharmacy,0.1,0
user_945,2025-06-16 15:59:00.531172,9.59,gas_station,0.1,0
user_670,2025-06-16 16:05:39.531172,97.61,restaurant,0.1,0
user_10,2025-06-16 16:31:38.531172,24.22,entertainment,0.6,0
user_474,2025-06-16 16:40:12.531172,9.94,pharmacy,0.3,0
user_241,2025-06-16 16:44:07.531172,7.22,restaurant,0.1,0
user_11,2025-06-16 16:44:59.531172,5.0,department_store,0.4,0
user_497,2025-06-16 16:45:21.531172,33.86,gas_station,0.3,0
user_853,2025-06-16 17:21:22.531172,78.03,restaurant,0.3,0
user_657,2025-06-16 17:26:38.531172,30.56,grocery,0.6,0
user_854,2025-06-16 17:27:41.531172,5.73,entertainment,0.1,0
user_333,2025-06-16 17:39:38.531172,5.0,electronics,0.3,0
user_820,2025-06-16 17:55:32.531172,33.44,entertainment,0.3,0
user_451,2025-06-16 18:26:11.531172,20.38,restaurant,0.6,0
user_848,2025-06-16 18:37:58.531172,5.0,pharmacy,0.1,0
user_812,2025-06-16 19:24:51.531172,29.3,entertainment,0.1,0
user_51,2025-06-16 19:28:07.531172,5.0,restaurant,0.3,0
user_13,2025-06-16 19:46:54.531172,18.16,grocery,0.1,0
user_418,2025-06-16 19:47:11.531172,6.8,jewelry,0.3,0
user_14,2025-06-16 19:54:42.531172,14.33,gas_station,0.1,0
user_985,2025-06-16 20:14:12.531172,5.67,car_rental,0.3,0
user_873,2025-06-16 20:22:28.531172,128.28,car_rental,0.3,0
user_582,2025-06-16 20:28:34.531172,100.63,department_store,0.3,0
user_742,2025-06-16 20:29:17.531172,64.61,car_rental,0.1,0
user_599,2025-06-16 20:30:14.531172,12.17,grocery,0.3,0
user_720,2025-06-16 21:08:27.531172,5.0,pharmacy,0.1,0
user_111,2025-06-16 21:29:27.531172,5.0,gas_station,0.1,0
user_629,2025-06-16 21:49:03.531172,6.44,department_store,0.1,0
user_583,2025-06-16 21:55:44.531172,45.34,restaurant,0.1,0
user_202,2025-06-16 22:07:18.531172,5.0,grocery,0.1,0
user_708,2025-06-16 22:07:52.531172,5.29,grocery,0.1,0
user_792,2025-06-16 22:33:00.531172,20.75,grocery,0.1,0
user_925,2025-06-16 23:01:38.531172,248.11,pharmacy,0.6,0
user_889,2025-06-16 23:05:50.531172,56.08,electronics,0.1,0
user_712,2025-06-16 23:19:16.531172,56.9,gas_station,0.1,0
user_453,2025-06-16 23:20:00.531172,7.28,gas_station,0.1,0
user_917,2025-06-16 23:27:29.531172,5.0,grocery,0.1,0
user_667,2025-06-16 23:40:48.531172,5.0,department_store,0.1,0
user_81,2025-06-16 23:45:50.531172,63.15,restaurant,0.1,0
user_864,2025-06-17 00:44:54.531172,5.0,gas_station,0.6,0
user_680,2025-06-17 00:53:26.531172,7.76,entertainment,0.1,0
user_881,2025-06-17 00:57:22.531172,38.83,pharmacy,0.1,0
user_374,2025-06-17 01:02:51.531172,5.08,gas_station,0.1,0
user_724,2025-06-17 01:11:37.531172,122.14,restaurant,0.1,0
user_632,2025-06-17 01:20:18.531172,15.46,entertainment,0.3,0
user_675,2025-06-17 01:24:37.531172,21.27,airline,0.3,0
user_588,2025-06-17 01:39:06.531172,42.73,online_retail,0.6,0
user_19,2025-06-17 01:56:42.531172,75.08,hotel,0.1,0
user_702,2025-06-17 02:00:21.531172,155.11,gas_station,0.1,0
user_226,2025-06-17 02:19:45.531172,5.73,restaurant,0.6,0
user_457,2025-06-17 02:40:47.531172,12.39,grocery,0.3,0
user_657,2025-06-17 02:51:05.531172,7.97,restaurant,0.3,0
user_51,2025-06-17 02:57:33.531172,12.95,department_store,0.1,0
user_590,2025-06-17 03:20:28.531172,14.58,grocery,0.7,0
user_852,2025-06-17 03:35:10.531172,5.65,department_store,0.1,0
user_586,2025-06-17 03:46:42.531172,6.66,grocery,0.1,0
user_105,2025-06-17 03:50:50.531172,105.42,jewelry,0.3,0
user_295,2025-06-17 03:57:20.531172,5.74,grocery,0.4,0
user_346,2025-06-17 04:12:19.531172,45.66,department_store,0.3,0
user_257,2025-06-17 04:18:48.531172,227.2,gas_station,0.1,0
user_760,2025-06-17 04:25:26.531172,18.33,pharmacy,0.1,0
user_433,2025-06-17 04:37:34.531172,22.83,entertainment,0.1,0
user_398,2025-06-17 04:37:49.531172,5.0,department_store,0.1,0
user_955,2025-06-17 04:47:28.531172,10.88,entertainment,0.1,0
user_869,2025-06-17 04:48:45.531172,42.65,restaurant,0.1,0
user_534,2025-06-17 04:51:01.531172,17.32,online_retail,0.3,0
user_143,2025-06-17 04:52:54.531172,287.88,restaurant,0.1,0
user_470,2025-06-17 05:02:37.531172,66.26,gas_station,0.1,0
user_623,2025-06-17 05:04:09.531172,16.0,grocery,0.3,0
user_511,2025-06-17 05:06:45.531172,10.88,restaurant,0.4,0
user_256,2025-06-17 05:21:49.531172,42.51,entertainment,0.1,0
user_674,2025-06-17 05:33:43.531172,5.16,restaurant,0.3,0
user_54,2025-06-17 05:35:07.531172,10.71,online_retail,0.3,0
user_105,2025-06-17 05:36:10.531172,14.26,pharmacy,0.3,0
user_572,2025-06-17 05:44:46.531172,5.23,grocery,0.1,0
user_17,2025-06-17 05:45:57.531172,76.1,grocery,0.3,0
user_695,2025-06-17 05:59:43.531172,70.11,online_retail,0.1,0
user_627,2025-06-17 06:25:07.531172,28.25,department_store,0.3,0
user_642,2025-06-17 06:36:36.531172,5.0,grocery,0.1,0
user_449,2025-06-17 06:50:26.531172,9.59,grocery,0.1,0
user_158,2025-06-17 07:20:13.531172,21.31,gas_station,0.1,0
user_962,2025-06-17 07:29:52.531172,36.28,grocery,0.1,0
user_175,2025-06-17 07:39:55.531172,27.41,gas_station,0.1,0
user_817,2025-06-17 07:53:47.531172,7.38,gas_station,0.6,0
user_957,2025-06-17 07:56:36.531172,5.0,grocery,0.3,0
user_410,2025-06-17 08:23:59.531172,7.89,pharmacy,0.1,0
user_791,2025-06-17 08:29:12.531172,17.16,grocery,0.1,0
user_936,2025-06-17 08:29:41.531172,5.0,gas_station,0.1,0
user_889,2025-06-17 08:33:27.531172,5.0,pharmacy,0.1,0
user_996,2025-06-17 08:39:22.531172,41.8,gas_station,0.1,0
user_970,2025-06-17 08:51:08.531172,19.37,jewelry,0.1,0
user_434,2025-06-17 09:17:52.531172,34.59,online_retail,0.1,0
user_512,2025-06-17 09:28:41.531172,76.19,jewelry,0.1,0
user_860,2025-06-17 09:31:02.531172,5.0,grocery,0.4,0
user_581,2025-06-17 09:37:49.531172,44.08,entertainment,0.6,0
user_125,2025-06-17 09:55:36.531172,5.0,grocery,0.1,0
user_120,2025-06-17 10:12:38.531172,5.0,pharmacy,0.3,0
user_254,2025-06-17 10:19:09.531172,7.25,gas_station,0.3,0
user_639,2025-06-17 10:27:05.531172,208.13,restaurant,0.3,0
user_812,2025-06-17 10:38:38.531172,5.0,department_store,0.1,0
user_288,2025-06-17 10:48:51.531172,216.06,grocery,0.1,0
user_698,2025-06-17 11:00:45.531172,408.86,grocery,0.1,0
user_889,2025-06-17 11:08:54.531172,5.0,entertainment,0.6,0
user_842,2025-06-17 11:12:59.531172,30.41,department_store,0.1,0
user_328,2025-06-17 11:17:01.531172,32.16,pharmacy,0.3,0
user_624,2025-06-17 11:25:00.531172,5.0,gas_station,0.1,0
user_908,2025-06-17 11:33:05.531172,25.19,grocery,0.1,0
user_666,2025-06-17 11:58:57.531172,13.93,grocery,0.6,0
user_967,2025-06-17 12:00:27.531172,13.48,airline,0.1,0
user_112,2025-06-17 12:13:36.531172,273.83,pharmacy,0.1,0
user_127,2025-06-17 12:15:32.531172,14.78,grocery,0.1,0
user_103,2025-06-17 12:18:00.531172,71.54,entertainment,0.3,0
user_399,2025-06-17 12:53:00.531172,5.72,department_store,0.3,0
user_323,2025-06-17 12:53:01.531172,5.58,gas_station,0.1,0
user_470,2025-06-17 13:14:18.531172,9.3,pharmacy,0.6,0
user_118,2025-06-17 13:30:29.531172,36.87,car_rental,0.3,0
user_820,2025-06-17 13:34:08.531172,41.13,department_store,0.1,0
user_342,2025-06-17 13:48:00.531172,5.0,grocery,0.1,0
user_380,2025-06-17 13:51:24.531172,26.74,grocery,0.1,0
user_389,2025-06-17 14:02:45.531172,11.64,gas_station,0.7,0
user_156,2025-06-17 15:03:15.531172,148.86,gas_station,0.1,0
user_427,2025-06-17 15:07:22.531172,29.75,restaurant,0.1,0
user_916,2025-06-17 15:28:08.531172,110.38,car_rental,0.1,0
user_897,2025-06-17 15:28:39.531172,5.0,online_retail,0.1,0
user_819,2025-06-17 15:34:41.531172,11.97,gas_station,0.1,0
user_182,2025-06-17 15:43:05.531172,156.59,pharmacy,0.1,0
user_14,2025-06-17 16:25:24.531172,193.44,pharmacy,0.1,0
user_392,2025-06-17 17:00:33.531172,57.62,restaurant,0.1,0
user_294,2025-06-17 17:25:21.531172,33.39,grocery,0.1,0
user_719,2025-06-17 17:47:21.531172,6.2,airline,0.6,0
user_555,2025-06-17 18:57:23.531172,24.59,grocery,0.1,0
user_80,2025-06-17 19:00:56.531172,30.66,department_store,0.1,0
user_1000,2025-06-17 19:02:57.531172,298.75,department_store,0.1,0
user_629,2025-06-17 19:13:11.531172,94.1,department_store,0.1,0
user_597,2025-06-17 19:27:56.531172,75.11,gas_station,0.1,0
user_131,2025-06-17 19:34:29.531172,23.27,jewelry,0.3,0
user_517,2025-06-17 19:42:01.531172,27.27,restaurant,0.1,0
user_901,2025-06-17 19:48:57.531172,98.67,online_retail,0.1,0
user_189,2025-06-17 19:52:18.531172,86.3,grocery,0.1,0
user_225,2025-06-17 20:16:28.531172,6.88,online_retail,0.3,0
user_807,2025-06-17 20:23:35.531172,63.18,restaurant,0.1,0
user_507,2025-06-17 20:27:39.531172,29.09,pharmacy,0.3,0
user_332,2025-06-17 20:33:46.531172,170.01,online_retail,0.6,0
user_671,2025-06-17 20:48:57.531172,22.24,department_store,0.3,0
user_713,2025-06-17 20:49:43.531172,9.49,grocery,0.1,0
user_926,2025-06-17 21:05:05.531172,5.0,restaurant,0.1,0
user_931,2025-06-17 21:06:47.531172,84.95,restaurant,0.1,0
user_536,2025-06-17 21:13:44.531172,1201.85,jewelry,0.7,1
user_1000,2025-06-17 21:31:12.531172,16.15,restaurant,0.1,0
user_516,2025-06-17 21:33:14.531172,7.67,grocery,0.3,0
user_153,2025-06-17 21:44:29.531172,5.0,hotel,0.1,0
user_832,2025-06-17 21:45:07.531172,5.0,restaurant,0.1,0
user_765,2025-06-17 21:53:16.531172,15.7,department_store,0.1,0
user_205,2025-06-17 22:00:37.531172,200.24,restaurant,0.6,0
user_568,2025-06-17 22:02:43.531172,20.97,grocery,0.1,0
user_886,2025-06-17 22:07:03.531172,132.48,restaurant,0.1,0
user_592,2025-06-17 22:19:22.531172,55.99,gas_station,0.3,0
user_112,2025-06-17 22:21:31.531172,250.63,online_retail,0.3,0
user_511,2025-06-17 22:24:02.531172,98.26,grocery,0.1,0
user_742,2025-06-17 22:33:03.531172,27.04,grocery,0.3,0
user_102,2025-06-17 22:45:30.531172,56.52,grocery,0.6,0
user_712,2025-06-17 22:53:52.531172,149.59,grocery,0.1,0
user_117,2025-06-17 23:07:15.531172,12.29,pharmacy,0.1,0
user_806,2025-06-17 23:13:15.531172,10.46,grocery,0.3,0
user_590,2025-06-17 23:31:53.531172,16.12,online_retail,0.1,0
user_765,2025-06-17 23:36:18.531172,33.78,department_store,0.3,0
user_416,2025-06-17 23:40:30.531172,5.0,entertainment,0.1,0
user_437,2025-06-17 23:43:50.531172,18.26,hotel,0.1,0
user_664,2025-06-18 00:03:17.531172,76.76,online_retail,0.6,0
user_169,2025-06-18 00:07:24.531172,7.61,gas_station,0.1,0
user_382,2025-06-18 00:10:06.531172,83.11,grocery,0.3,0
user_882,2025-06-18 00:17:33.531172,441.7,restaurant,0.6,0
user_645,2025-06-18 00:33:16.531172,6.06,pharmacy,0.1,0
user_641,2025-06-18 00:43:22.531172,5.0,pharmacy,0.1,0
user_298,2025-06-18 00:55:41.531172,22.17,pharmacy,0.6,0
user_10,2025-06-18 01:02:15.531172,14.52,restaurant,0.1,0
user_394,2025-06-18 01:17:21.531172,85.63,restaurant,0.1,0
user_408,2025-06-18 01:29:23.531172,57.7,grocery,0.7,0
user_552,2025-06-18 01:30:03.531172,25.03,grocery,0.3,0
user_320,2025-06-18 01:56:32.531172,46.32,airline,0.1,0
user_203,2025-06-18 01:58:03.531172,13.35,car_rental,0.1,0
user_684,2025-06-18 02:12:29.531172,255.55,grocery,0.1,0
user_237,2025-06-18 02:42:51.531172,7.96,online_retail,0.1,0
user_178,2025-06-18 02:55:18.531172,22.96,department_store,0.1,0
user_209,2025-06-18 02:59:31.531172,135.28,gas_station,0.3,0
user_672,2025-06-18 03:17:02.531172,24.05,grocery,0.1,0
user_906,2025-06-18 03:17:25.531172,5.0,department_store,0.3,0
user_595,2025-06-18 03:22:55.531172,22.25,grocery,0.3,0
user_211,2025-06-18 03:37:13.531172,16.37,car_rental,0.1,0
user_639,2025-06-18 03:38:20.531172,42.86,pharmacy,0.1,0
user_502,2025-06-18 03:50:38.531172,51.88,restaurant,0.1,0
user_338,2025-06-18 03:58:52.531172,40.24,department_store,0.1,0
user_929,2025-06-18 04:00:52.531172,13.03,gas_station,0.1,0
user_724,2025-06-18 04:01:06.531172,53.04,online_retail,0.7,1
user_933,2025-06-18 04:08:37.531172,23.21,online_retail,0.1,0
user_894,2025-06-18 04:15:56.531172,5.0,restaurant,0.9,0
user_82,2025-06-18 04:29:35.531172,33.63,online_retail,0.3,0
user_6,2025-06-18 04:43:34.531172,167.69,restaurant,0.1,0
user_327,2025-06-18 04:50:43.531172,7.19,restaurant,0.1,0
user_651,2025-06-18 05:18:15.531172,72.53,entertainment,0.1,0
user_317,2025-06-18 05:24:13.531172,31.49,pharmacy,0.3,0
user_676,2025-06-18 05:26:49.531172,794.39,department_store,0.1,0
user_208,2025-06-18 05:32:35.531172,5.0,grocery,0.1,0
user_75,2025-06-18 05:35:37.531172,34.63,online_retail,0.3,0
user_549,2025-06-18 06:05:56.531172,55.24,online_retail,0.7,0
user_851,2025-06-18 06:08:45.531172,120.35,department_store,0.1,0
user_451,2025-06-18 06:32:08.531172,5.0,restaurant,0.1,0
user_847,2025-06-18 06:33:04.531172,60.33,car_rental,0.3,0
user_603,2025-06-18 06:48:19.531172,527.34,hotel,0.1,0
user_22,2025-06-18 07:04:35.531172,8.23,online_retail,0.1,0
user_978,2025-06-18 07:06:10.531172,62.75,entertainment,0.3,0
user_810,2025-06-18 07:13:03.531172,5.0,pharmacy,0.1,0
user_462,2025-06-18 07:21:32.531172,45.61,grocery,0.1,0
user_921,2025-06-18 07:52:50.531172,43.54,pharmacy,0.1,0
user_629,2025-06-18 08:00:55.531172,20.09,airline,0.1,0
user_842,2025-06-18 08:10:11.531172,117.43,jewelry,0.6,0
user_171,2025-06-18 08:16:34.531172,29.61,gas_station,0.6,0
user_395,2025-06-18 08:35:49.531172,5.0,grocery,0.1,0
user_34,2025-06-18 09:28:41.531172,19.39,grocery,0.3,0
user_319,2025-06-18 09:30:03.531172,5.0,entertainment,0.1,0
user_690,2025-06-18 09:30:28.531172,17.1,entertainment,0.1,0
user_400,2025-06-18 09:37:55.531172,24.44,gas_station,0.3,0
user_603,2025-06-18 09:50:35.531172,50.36,grocery,0.1,0
user_798,2025-06-18 09:56:01.531172,5.0,restaurant,0.1,0
user_494,2025-06-18 09:58:58.531172,7.49,online_retail,0.1,0
user_340,2025-06-18 10:01:17.531172,62.78,online_retail,0.3,0
user_798,2025-06-18 10:01:57.531172,21.8,entertainment,0.1,0
user_102,2025-06-18 10:05:24.531172,226.96,grocery,0.1,0
user_607,2025-06-18 10:15:21.531172,38.68,gas_station,0.3,0
user_370,2025-06-18 10:22:03.531172,16.02,restaurant,0.1,0
user_746,2025-06-18 12:33:23.531172,5.45,entertainment,0.1,0
user_626,2025-06-18 12:43:26.531172,7.76,department_store,0.1,0
user_901,2025-06-18 12:44:52.531172,10.78,restaurant,0.3,0
user_815,2025-06-18 12:58:57.531172,183.47,pharmacy,0.4,0
user_472,2025-06-18 13:01:59.531172,34.06,gas_station,0.1,0
user_182,2025-06-18 13:03:35.531172,6.51,hotel,0.1,0
user_936,2025-06-18 13:07:25.531172,5.0,hotel,0.3,0
user_509,2025-06-18 13:38:39.531172,6.83,online_retail,0.3,0
user_488,2025-06-18 14:19:10.531172,17.26,hotel,0.1,0
user_615,2025-06-18 14:26:56.531172,6.95,hotel,0.1,0
user_852,2025-06-18 15:25:51.531172,35.66,entertainment,0.1,0
user_935,2025-06-18 15:35:06.531172,8.27,electronics,0.3,0
user_295,2025-06-18 15:39:57.531172,24.29,car_rental,0.1,0
user_24,2025-06-18 15:46:54.531172,5.0,restaurant,0.1,0
user_998,2025-06-18 15:52:10.531172,8.51,gas_station,0.1,0
user_229,2025-06-18 16:19:43.531172,237.32,entertainment,0.3,0
user_969,2025-06-18 16:20:04.531172,674.71,pharmacy,0.1,0
user_823,2025-06-18 16:32:41.531172,122.72,online_retail,0.1,0
user_493,2025-06-18 16:47:43.531172,38.09,airline,0.1,0
user_551,2025-06-18 16:49:24.531172,246.76,restaurant,0.1,0
user_383,2025-06-18 16:49:55.531172,7.54,department_store,0.1,0
user_850,2025-06-18 16:54:45.531172,68.75,entertainment,0.1,0
user_796,2025-06-18 16:58:38.531172,62.34,jewelry,0.1,0
user_232,2025-06-18 17:02:15.531172,313.83,pharmacy,0.1,0
user_422,2025-06-18 17:23:04.531172,5.28,grocery,0.1,0
user_281,2025-06-18 17:30:22.531172,11.62,gas_station,0.1,0
user_996,2025-06-18 17:41:12.531172,5.0,restaurant,0.1,0
user_827,2025-06-18 17:58:09.531172,19.98,grocery,0.1,0
user_293,2025-06-18 18:05:59.531172,131.53,gas_station,0.1,0
user_171,2025-06-18 18:08:51.531172,5.0,online_retail,0.1,0
user_834,2025-06-18 18:17:04.531172,5.0,online_retail,0.1,0
user_998,2025-06-18 18:42:57.531172,47.7,pharmacy,0.1,0
user_388,2025-06-18 18:58:10.531172,77.75,gas_station,0.1,0
user_963,2025-06-18 19:20:45.531172,14.68,restaurant,0.1,0
user_488,2025-06-18 19:57:58.531172,1384.37,gas_station,0.3,0
user_211,2025-06-18 20:23:37.531172,6.56,online_retail,0.1,0
user_411,2025-06-18 20:33:41.531172,5.0,department_store,0.3,0
user_502,2025-06-18 20:42:27.531172,37.36,online_retail,0.9,1
user_503,2025-06-18 20:42:41.531172,22.81,electronics,0.1,0
user_465,2025-06-18 20:57:53.531172,21.16,online_retail,0.1,0
user_614,2025-06-18 20:58:41.531172,5.0,gas_station,0.6,0
user_661,2025-06-18 21:03:02.531172,21.67,grocery,0.3,0
user_971,2025-06-18 21:09:22.531172,855.21,restaurant,0.1,0
user_808,2025-06-18 21:23:06.531172,5.0,restaurant,0.1,0
user_387,2025-06-18 21:30:06.531172,8.97,entertainment,0.4,0
user_599,2025-06-18 21:41:37.531172,5.0,grocery,0.1,0
user_121,2025-06-18 22:17:39.531172,5.0,gas_station,0.3,0
user_759,2025-06-18 22:21:12.531172,6.64,electronics,0.3,0
user_307,2025-06-18 22:31:51.531172,36.06,department_store,0.1,0
user_981,2025-06-18 22:35:59.531172,53.44,airline,0.1,0
user_453,2025-06-18 22:42:06.531172,31.81,gas_station,0.3,0
user_27,2025-06-18 23:05:27.531172,8.26,pharmacy,0.3,0
user_818,2025-06-18 23:06:17.531172,5.0,grocery,0.1,0
user_704,2025-06-18 23:27:11.531172,9.29,restaurant,0.1,0
user_173,2025-06-18 23:29:40.531172,83.08,gas_station,0.1,0
user_327,2025-06-18 23:31:26.531172,152.42,hotel,0.6,0
user_647,2025-06-18 23:32:24.531172,6.88,grocery,0.1,0
user_793,2025-06-18 23:32:35.531172,38.07,online_retail,0.6,0
user_378,2025-06-18 23:51:59.531172,8.12,restaurant,0.6,0
user_306,2025-06-18 23:52:12.531172,8.19,restaurant,0.1,0
user_771,2025-06-18 23:54:09.531172,26.93,hotel,0.1,0
user_989,2025-06-19 00:24:48.531172,5.0,restaurant,0.1,0
user_281,2025-06-19 00:27:03.531172,27.4,online_retail,0.3,0
user_858,2025-06-19 00:27:14.531172,8.55,gas_station,0.1,0
user_475,2025-06-19 00:59:00.531172,30.78,restaurant,0.3,0
user_832,2025-06-19 01:12:20.531172,38.25,entertainment,0.6,0
user_556,2025-06-19 01:13:24.531172,6.65,gas_station,0.6,0
user_629,2025-06-19 01:16:09.531172,5.0,department_store,0.6,0
user_420,2025-06-19 01:35:37.531172,32.18,entertainment,0.1,0
user_250,2025-06-19 01:41:10.531172,31.87,department_store,0.1,0
user_453,2025-06-19 02:13:58.531172,13.79,grocery,0.1,0
user_29,2025-06-19 02:14:02.531172,44.76,online_retail,0.1,0
user_139,2025-06-19 02:35:12.531172,11.65,entertainment,0.1,0
user_133,2025-06-19 02:55:36.531172,52.38,gas_station,0.3,0
user_833,2025-06-19 03:08:14.531172,46.25,restaurant,0.1,0
user_965,2025-06-19 03:19:43.531172,5.72,restaurant,0.6,0
user_702,2025-06-19 03:23:23.531172,51.47,department_store,0.1,0
user_376,2025-06-19 03:46:31.531172,12.45,online_retail,0.1,0
user_892,2025-06-19 04:11:02.531172,385.02,restaurant,0.6,0
user_241,2025-06-19 04:15:44.531172,6.02,gas_station,0.3,0
user_942,2025-06-19 04:51:44.531172,11.02,restaurant,0.1,0
user_277,2025-06-19 05:00:53.531172,64.68,gas_station,0.1,0
user_318,2025-06-19 05:02:26.531172,5.32,online_retail,0.1,0
user_111,2025-06-19 05:09:24.531172,9.47,pharmacy,0.1,0
user_712,2025-06-19 05:13:31.531172,40.56,car_rental,0.1,0
user_408,2025-06-19 05:49:00.531172,5.0,department_store,0.1,0
user_974,2025-06-19 06:24:44.531172,16.48,gas_station,0.3,0
user_802,2025-06-19 06:31:17.531172,6.19,online_retail,0.3,0
user_128,2025-06-19 06:32:05.531172,297.9,restaurant,0.1,0
user_707,2025-06-19 06:38:51.531172,362.82,grocery,0.1,0
user_477,2025-06-19 06:52:45.531172,20.95,department_store,0.3,0
user_636,2025-06-19 06:59:22.531172,16.28,department_store,0.3,0
user_188,2025-06-19 07:13:40.531172,5.0,hotel,0.4,0
user_384,2025-06-19 07:14:06.531172,5.0,pharmacy,0.1,0
user_760,2025-06-19 07:15:38.531172,13.8,electronics,0.1,0
user_251,2025-06-19 07:31:56.531172,135.13,restaurant,0.1,0
user_709,2025-06-19 07:46:08.531172,43.39,grocery,0.3,0
user_314,2025-06-19 08:29:46.531172,13.52,entertainment,0.1,0
user_950,2025-06-19 08:38:12.531172,26.35,grocery,0.4,0
user_151,2025-06-19 08:48:48.531172,7.62,restaurant,0.1,0
user_356,2025-06-19 08:51:48.531172,132.76,department_store,0.3,0
user_353,2025-06-19 09:01:22.531172,23.75,grocery,0.1,0
user_231,2025-06-19 09:04:31.531172,83.29,gas_station,0.1,0
user_806,2025-06-19 09:05:10.531172,25.91,restaurant,0.1,0
user_358,2025-06-19 09:11:14.531172,5.0,gas_station,0.1,0
user_279,2025-06-19 09:13:38.531172,214.97,restaurant,0.6,0
user_587,2025-06-19 09:20:23.531172,5.0,restaurant,0.3,0
user_705,2025-06-19 09:28:40.531172,12.7,gas_station,0.3,0
user_982,2025-06-19 09:33:47.531172,49.22,grocery,0.1,0
user_430,2025-06-19 09:47:11.531172,52.92,department_store,0.1,0
user_621,2025-06-19 09:49:06.531172,30.06,gas_station,0.1,0
user_10,2025-06-19 10:02:00.531172,31.83,online_retail,0.4,0
user_200,2025-06-19 10:42:33.531172,89.41,department_store,0.1,0
user_106,2025-06-19 10:47:38.531172,10.8,grocery,0.1,0
user_611,2025-06-19 10:53:03.531172,258.09,gas_station,0.1,0
user_807,2025-06-19 11:06:15.531172,10.39,gas_station,0.3,0
user_249,2025-06-19 11:08:52.531172,12.93,restaurant,0.1,0
user_639,2025-06-19 11:11:16.531172,38.89,department_store,0.3,0
user_666,2025-06-19 11:12:48.531172,60.81,grocery,0.1,0
user_320,2025-06-19 11:32:19.531172,3461.89,online_retail,0.9,1
user_141,2025-06-19 11:37:13.531172,6.99,online_retail,0.1,0
user_434,2025-06-19 12:20:42.531172,77.68,grocery,0.1,0
user_533,2025-06-19 12:24:12.531172,34.45,gas_station,0.1,0
user_486,2025-06-19 12:28:45.531172,5.0,restaurant,0.7,0
user_426,2025-06-19 12:38:53.531172,112.06,grocery,0.1,0
user_972,2025-06-19 12:48:21.531172,2000.0,grocery,0.1,0
user_687,2025-06-19 14:43:20.531172,26.52,entertainment,0.1,0
user_983,2025-06-19 14:45:07.531172,14.32,grocery,0.3,0
user_361,2025-06-19 14:46:42.531172,5.0,gas_station,0.1,0
user_225,2025-06-19 15:20:02.531172,5.0,grocery,0.3,0
user_689,2025-06-19 15:47:00.531172,7.53,grocery,0.1,0
user_714,2025-06-19 15:48:53.531172,47.04,hotel,0.4,0
user_166,2025-06-19 15:49:33.531172,19.62,restaurant,0.1,0
user_643,2025-06-19 15:53:21.531172,316.37,jewelry,0.1,0
user_1,2025-06-19 15:56:30.531172,71.19,restaurant,0.1,0
user_367,2025-06-19 16:08:03.531172,553.37,pharmacy,0.3,0
user_29,2025-06-19 16:10:18.531172,5.0,grocery,0.4,0
user_755,2025-06-19 16:33:56.531172,10.4,restaurant,0.1,0
user_546,2025-06-19 16:40:50.531172,24.83,department_store,0.6,0
user_771,2025-06-19 16:53:12.531172,31.28,pharmacy,0.1,0
user_191,2025-06-19 17:33:23.531172,14.56,online_retail,0.3,0
user_332,2025-06-19 17:34:19.531172,23.67,pharmacy,0.1,0
user_966,2025-06-19 18:16:15.531172,165.71,restaurant,0.3,0
user_898,2025-06-19 18:19:43.531172,115.21,pharmacy,0.7,0
user_133,2025-06-19 18:40:09.531172,91.24,car_rental,0.1,0
user_383,2025-06-19 18:42:01.531172,6.28,restaurant,0.4,0
user_649,2025-06-19 18:54:45.531172,14.26,gas_station,0.1,0
user_198,2025-06-19 18:59:04.531172,8.02,gas_station,0.3,0
user_847,2025-06-19 19:05:20.531172,5.0,gas_station,0.1,0
user_573,2025-06-19 19:28:56.531172,124.29,restaurant,0.1,0
user_707,2025-06-19 19:44:58.531172,12.12,gas_station,0.3,0
user_316,2025-06-19 20:23:49.531172,55.12,grocery,0.3,0
user_970,2025-06-19 20:51:09.531172,5.0,restaurant,0.1,0
user_793,2025-06-19 20:55:45.531172,8.0,department_store,0.6,0
user_700,2025-06-19 21:11:35.531172,23.87,entertainment,0.1,0
user_850,2025-06-19 21:12:58.531172,54.4,online_retail,0.1,0
user_64,2025-06-19 21:34:59.531172,12.97,gas_station,0.1,0
user_295,2025-06-19 21:45:55.531172,6.7,gas_station,0.6,0
user_168,2025-06-19 22:01:13.531172,18.07,restaurant,0.1,0
user_690,2025-06-19 22:04:47.531172,1621.17,gas_station,0.1,0
user_906,2025-06-19 22:14:41.531172,81.82,pharmacy,0.3,0
user_408,2025-06-19 22:16:10.531172,5.0,restaurant,0.1,0
user_925,2025-06-19 22:37:49.531172,48.93,grocery,0.1,0
user_117,2025-06-19 22:38:07.531172,13.56,restaurant,0.3,0
user_486,2025-06-19 23:10:51.531172,190.76,entertainment,0.1,0
user_701,2025-06-19 23:56:51.531172,5.0,gas_station,0.1,0
user_721,2025-06-20 00:21:45.531172,188.47,gas_station,0.3,0
user_179,2025-06-20 00:51:48.531172,484.18,department_store,0.7,0
user_537,2025-06-20 01:05:15.531172,67.68,department_store,0.6,0
user_528,2025-06-20 01:50:54.531172,62.2,department_store,0.1,0
user_254,2025-06-20 01:53:09.531172,96.84,grocery,0.1,0
user_803,2025-06-20 02:01:31.531172,5.0,restaurant,0.3,0
user_851,2025-06-20 02:05:01.531172,13.72,restaurant,0.1,0
user_516,2025-06-20 02:11:39.531172,12.1,grocery,0.3,0
user_771,2025-06-20 02:11:39.531172,7.99,restaurant,0.6,0
user_73,2025-06-20 02:23:48.531172,5.0,airline,0.6,0
user_13,2025-06-20 02:32:08.531172,24.98,online_retail,0.3,0
user_357,2025-06-20 02:57:43.531172,118.26,pharmacy,0.3,0
user_860,2025-06-20 03:01:34.531172,5.0,online_retail,0.1,0
user_300,2025-06-20 03:08:52.531172,77.32,grocery,0.9,0
user_304,2025-06-20 03:21:39.531172,54.66,restaurant,0.6,0
user_473,2025-06-20 03:37:21.531172,119.01,gas_station,0.1,0
user_393,2025-06-20 03:49:23.531172,69.15,gas_station,0.1,0
user_239,2025-06-20 04:08:07.531172,8.01,grocery,0.1,0
user_610,2025-06-20 04:42:38.531172,5.0,grocery,0.7,0
user_842,2025-06-20 05:01:04.531172,26.43,online_retail,0.1,0
user_366,2025-06-20 05:09:55.531172,5.0,gas_station,0.6,0
user_118,2025-06-20 05:19:46.531172,15.29,hotel,0.1,0
user_6,2025-06-20 05:26:39.531172,5.0,grocery,0.1,0
user_944,2025-06-20 05:33:30.531172,32.89,grocery,0.1,0
user_892,2025-06-20 05:36:31.531172,13.66,online_retail,0.1,0
user_920,2025-06-20 05:49:02.531172,2722.47,jewelry,0.9,1
user_331,2025-06-20 05:52:17.531172,83.51,grocery,0.1,0
user_314,2025-06-20 05:55:10.531172,36.39,entertainment,0.3,0
user_730,2025-06-20 05:57:19.531172,7.57,restaurant,0.3,0
user_415,2025-06-20 06:15:36.531172,23.05,airline,0.1,0
user_356,2025-06-20 06:21:25.531172,5.0,hotel,0.6,0
user_729,2025-06-20 06:24:40.531172,5.32,hotel,0.1,0
user_613,2025-06-20 06:24:58.531172,15.9,jewelry,0.1,0
user_319,2025-06-20 06:25:27.531172,35.13,online_retail,0.3,0
user_871,2025-06-20 06:27:59.531172,23.36,restaurant,0.3,0
user_478,2025-06-20 06:42:13.531172,14.57,grocery,0.1,0
user_246,2025-06-20 06:55:17.531172,17.59,grocery,0.1,0
user_177,2025-06-20 07:10:57.531172,27.15,department_store,0.6,0
user_102,2025-06-20 07:29:08.531172,18.83,restaurant,0.1,0
user_426,2025-06-20 07:45:33.531172,22.71,department_store,0.6,0
user_325,2025-06-20 08:01:23.531172,60.49,department_store,0.1,0
user_331,2025-06-20 08:14:58.531172,8.86,department_store,0.3,0
user_184,2025-06-20 08:57:14.531172,109.8,restaurant,0.3,0
user_830,2025-06-20 09:14:34.531172,5.0,car_rental,0.3,0
user_900,2025-06-20 09:37:22.531172,19.32,restaurant,0.3,0
user_94,2025-06-20 10:07:28.531172,5.0,gas_station,0.1,0
user_304,2025-06-20 10:38:47.531172,84.76,department_store,0.1,0
user_150,2025-06-20 10:40:40.531172,204.99,online_retail,0.3,0
user_929,2025-06-20 10:51:08.531172,5.0,department_store,0.1,0
user_564,2025-06-20 11:09:47.531172,172.54,entertainment,0.3,0
user_660,2025-06-20 11:10:40.531172,77.96,grocery,0.3,0
user_151,2025-06-20 11:15:00.531172,384.9,jewelry,0.6,0
user_863,2025-06-20 11:16:03.531172,5.31,department_store,0.3,0
user_326,2025-06-20 11:33:38.531172,65.25,online_retail,0.3,0
user_165,2025-06-20 11:39:01.531172,8.01,grocery,0.3,0
user_662,2025-06-20 11:43:14.531172,59.36,jewelry,0.1,0
user_758,2025-06-20 11:52:32.531172,57.51,gas_station,0.4,0
user_481,2025-06-20 12:07:57.531172,5.0,department_store,0.6,0
user_330,2025-06-20 13:13:21.531172,26.01,entertainment,0.1,0
user_105,2025-06-20 13:19:32.531172,5.0,restaurant,0.3,0
user_596,2025-06-20 14:02:45.531172,97.61,grocery,0.1,0
user_203,2025-06-20 14:10:55.531172,14.1,pharmacy,0.1,0
user_455,2025-06-20 14:43:48.531172,5.0,department_store,0.1,0
user_526,2025-06-20 14:56:13.531172,75.24,restaurant,0.1,0
user_610,2025-06-20 15:06:57.531172,5.0,department_store,0.1,0
user_218,2025-06-20 15:12:03.531172,89.27,department_store,0.1,0
user_647,2025-06-20 15:16:45.531172,32.65,department_store,0.1,0
user_784,2025-06-20 15:34:07.531172,49.49,grocery,0.1,0
user_80,2025-06-20 15:41:16.531172,25.17,restaurant,0.3,0
user_230,2025-06-20 15:43:54.531172,11.12,department_store,0.1,0
user_529,2025-06-20 15:43:56.531172,2000.0,pharmacy,0.1,0
user_249,2025-06-20 15:46:23.531172,48.81,restaurant,0.1,0
user_141,2025-06-20 15:47:50.531172,234.52,restaurant,0.1,0
user_397,2025-06-20 15:59:47.531172,76.15,grocery,0.1,0
user_552,2025-06-20 16:09:49.531172,7.8,grocery,0.3,0
user_295,2025-06-20 17:04:39.531172,31.85,entertainment,0.1,0
user_238,2025-06-20 17:25:29.531172,27.01,gas_station,0.1,0
user_875,2025-06-20 17:27:38.531172,92.19,restaurant,0.1,0
user_144,2025-06-20 17:33:58.531172,672.13,department_store,0.1,0
user_640,2025-06-20 17:38:39.531172,32.11,department_store,0.1,0
user_222,2025-06-20 17:42:32.531172,108.83,gas_station,0.1,0
user_198,2025-06-20 17:47:06.531172,5.0,pharmacy,0.6,0
user_975,2025-06-20 18:01:44.531172,7.42,restaurant,0.1,0
user_860,2025-06-20 18:23:21.531172,17.98,restaurant,0.1,0
user_906,2025-06-20 18:43:54.531172,192.37,restaurant,0.6,0
user_835,2025-06-20 18:44:21.531172,14.25,pharmacy,0.1,0
user_168,2025-06-20 18:56:02.531172,5.0,grocery,0.1,0
user_407,2025-06-20 19:06:46.531172,8.0,department_store,0.1,0
user_471,2025-06-20 19:30:12.531172,43.43,airline,0.3,0
user_129,2025-06-20 19:32:06.531172,8.48,pharmacy,0.1,0
user_863,2025-06-20 19:32:33.531172,97.19,entertainment,0.3,0
user_158,2025-06-20 19:37:45.531172,284.23,online_retail,0.6,0
user_884,2025-06-20 20:38:10.531172,25.18,online_retail,0.1,0
user_320,2025-06-20 20:45:49.531172,245.64,hotel,0.1,0
user_524,2025-06-20 20:52:04.531172,84.85,restaurant,0.3,0
user_223,2025-06-20 20:58:11.531172,18.45,department_store,0.1,0
user_152,2025-06-20 21:19:27.531172,21.37,restaurant,0.3,0
user_204,2025-06-20 21:27:15.531172,5.0,online_retail,0.1,0
user_65,2025-06-20 21:30:49.531172,5.0,gas_station,0.1,0
user_771,2025-06-20 21:50:26.531172,25.37,grocery,0.1,0
user_285,2025-06-20 22:01:39.531172,7.77,restaurant,0.3,0
user_956,2025-06-20 22:48:52.531172,15.61,gas_station,0.4,0
user_485,2025-06-20 22:56:31.531172,195.02,gas_station,0.1,0
user_848,2025-06-20 23:11:39.531172,124.67,restaurant,0.1,0
user_515,2025-06-20 23:12:27.531172,56.99,pharmacy,0.4,0
user_12,2025-06-20 23:16:44.531172,234.31,grocery,0.3,0
user_471,2025-06-20 23:25:55.531172,10.1,restaurant,0.3,0
user_211,2025-06-20 23:32:51.531172,73.12,grocery,0.1,0
user_349,2025-06-20 23:35:36.531172,26.85,grocery,0.1,0
user_185,2025-06-21 00:12:07.531172,6.58,jewelry,0.1,0
user_617,2025-06-21 00:26:39.531172,49.92,online_retail,0.3,0
user_567,2025-06-21 00:34:20.531172,5.0,gas_station,0.6,0
user_881,2025-06-21 01:39:02.531172,4421.66,electronics,0.9,1
user_898,2025-06-21 01:52:09.531172,5.0,car_rental,0.4,0
user_884,2025-06-21 02:08:16.531172,74.82,entertainment,0.7,1
user_554,2025-06-21 02:48:47.531172,13.42,online_retail,0.1,0
user_200,2025-06-21 02:52:30.531172,9.72,electronics,0.1,0
user_678,2025-06-21 03:01:13.531172,5.0,pharmacy,0.1,0
user_96,2025-06-21 03:08:50.531172,40.76,grocery,0.1,0
user_534,2025-06-21 03:09:24.531172,9.79,pharmacy,0.1,0
user_264,2025-06-21 03:27:46.531172,98.17,grocery,0.1,0
user_642,2025-06-21 03:44:26.531172,20.1,restaurant,0.1,0
user_269,2025-06-21 04:01:07.531172,59.48,department_store,0.1,0
user_735,2025-06-21 04:05:43.531172,30.08,pharmacy,0.1,0
user_779,2025-06-21 04:21:11.531172,5.0,grocery,0.1,0
user_690,2025-06-21 04:37:05.531172,11.03,grocery,0.1,0
user_226,2025-06-21 04:48:25.531172,5.0,department_store,0.3,0
user_672,2025-06-21 04:53:11.531172,33.6,entertainment,0.1,0
user_587,2025-06-21 04:54:44.531172,26.78,gas_station,0.1,0
user_972,2025-06-21 05:25:32.531172,11.93,grocery,0.9,0
user_900,2025-06-21 05:40:28.531172,5.0,entertainment,0.1,0
user_897,2025-06-21 05:59:07.531172,5.0,department_store,0.1,0
user_26,2025-06-21 06:07:16.531172,11.49,restaurant,0.7,0
user_128,2025-06-21 06:09:24.531172,120.61,grocery,0.6,0
user_895,2025-06-21 06:19:33.531172,5.0,grocery,0.3,0
user_302,2025-06-21 06:35:47.531172,35.42,jewelry,0.9,1
user_594,2025-06-21 06:45:25.531172,84.31,electronics,0.1,0
user_855,2025-06-21 06:48:26.531172,595.5,online_retail,0.3,0
user_390,2025-06-21 07:11:51.531172,29.65,hotel,0.1,0
user_339,2025-06-21 07:19:30.531172,5.02,airline,0.1,0
user_657,2025-06-21 07:23:42.531172,117.39,gas_station,0.1,0
user_938,2025-06-21 07:24:01.531172,26.82,restaurant,0.1,0
user_677,2025-06-21 07:27:06.531172,102.66,grocery,0.1,0
user_547,2025-06-21 08:02:06.531172,20.49,department_store,0.1,0
user_697,2025-06-21 08:24:40.531172,283.77,department_store,0.1,0
user_103,2025-06-21 08:37:46.531172,23.34,restaurant,0.1,0
user_889,2025-06-21 08:53:01.531172,5.0,grocery,0.4,0
user_774,2025-06-21 08:53:33.531172,23.49,hotel,0.6,0
user_329,2025-06-21 09:04:04.531172,7.29,electronics,0.1,0
user_807,2025-06-21 09:05:14.531172,21.29,airline,0.1,0
user_938,2025-06-21 09:12:03.531172,42.51,airline,0.6,0
user_615,2025-06-21 09:28:41.531172,5.0,restaurant,0.1,0
user_144,2025-06-21 09:43:10.531172,5.0,gas_station,0.1,0
user_976,2025-06-21 09:45:05.531172,81.14,restaurant,0.3,0
user_148,2025-06-21 09:51:00.531172,5.0,electronics,0.3,0
user_458,2025-06-21 09:51:35.531172,14.63,jewelry,0.6,0
user_234,2025-06-21 09:59:30.531172,5.0,entertainment,0.6,0
user_320,2025-06-21 10:26:53.531172,17.8,gas_station,0.3,0
user_449,2025-06-21 11:22:32.531172,21.43,gas_station,0.1,0
user_568,2025-06-21 11:28:42.531172,38.81,online_retail,0.3,0
user_211,2025-06-21 11:31:49.531172,35.35,entertainment,0.1,0
user_271,2025-06-21 11:34:30.531172,5.0,pharmacy,0.1,0
user_4,2025-06-21 11:36:15.531172,174.5,online_retail,0.6,0
user_571,2025-06-21 11:42:28.531172,5.0,grocery,0.6,0
user_770,2025-06-21 11:57:40.531172,811.51,gas_station,0.1,0
user_534,2025-06-21 12:03:22.531172,22.15,restaurant,0.1,0
user_823,2025-06-21 12:21:12.531172,13.37,gas_station,0.1,0
user_16,2025-06-21 12:25:26.531172,25.24,grocery,0.1,0
user_987,2025-06-21 12:29:39.531172,5.0,hotel,0.3,0
user_480,2025-06-21 12:34:44.531172,879.68,grocery,0.1,0
user_643,2025-06-21 12:40:20.531172,30.56,department_store,0.1,0
user_93,2025-06-21 12:53:48.531172,59.2,hotel,0.1,0
user_691,2025-06-21 13:12:12.531172,29.01,online_retail,0.3,0
user_301,2025-06-21 13:42:29.531172,16.23,restaurant,0.1,0
user_426,2025-06-21 14:18:39.531172,8.7,hotel,0.1,0
user_278,2025-06-21 14:29:17.531172,218.54,gas_station,0.6,0
user_136,2025-06-21 14:32:29.531172,16.22,gas_station,0.3,0
user_501,2025-06-21 15:01:11.531172,5.0,online_retail,0.1,0
user_77,2025-06-21 15:01:59.531172,13.94,entertainment,0.1,0
user_80,2025-06-21 15:04:21.531172,10.1,entertainment,0.3,0
user_259,2025-06-21 15:25:45.531172,11.45,online_retail,0.1,0
user_591,2025-06-21 15:31:20.531172,16.95,pharmacy,0.1,0
user_554,2025-06-21 15:59:35.531172,49.81,grocery,0.3,0
user_496,2025-06-21 16:13:22.531172,80.56,online_retail,0.1,0
user_602,2025-06-21 16:16:14.531172,17.84,online_retail,0.1,0
user_196,2025-06-21 16:18:05.531172,5.54,airline,0.6,0
user_415,2025-06-21 16:28:21.531172,7.1,entertainment,0.1,0
user_705,2025-06-21 16:38:25.531172,6.11,online_retail,0.1,0
user_103,2025-06-21 16:45:54.531172,5.0,grocery,0.1,0
user_406,2025-06-21 16:58:27.531172,71.88,gas_station,0.1,0
user_39,2025-06-21 17:12:10.531172,21.38,department_store,0.1,0
user_211,2025-06-21 17:22:47.531172,11.81,gas_station,0.1,0
user_284,2025-06-21 17:24:47.531172,9.03,grocery,0.1,0
user_606,2025-06-21 17:28:52.531172,6.05,electronics,0.3,0
user_382,2025-06-21 18:10:20.531172,12.28,online_retail,0.6,0
user_579,2025-06-21 18:17:48.531172,6.28,pharmacy,0.1,0
user_754,2025-06-21 18:26:44.531172,29.1,pharmacy,0.1,0
user_400,2025-06-21 18:36:36.531172,10.24,grocery,0.3,0
user_435,2025-06-21 18:50:50.531172,56.02,restaurant,0.3,0
user_412,2025-06-21 18:53:35.531172,12.75,online_retail,0.3,0
user_946,2025-06-21 19:05:56.531172,26.13,online_retail,0.1,0
user_921,2025-06-21 19:08:08.531172,28.95,gas_station,0.1,0
user_748,2025-06-21 19:11:06.531172,5.78,grocery,0.3,0
user_5,2025-06-21 19:11:39.531172,32.05,gas_station,0.6,0
user_309,2025-06-21 19:11:50.531172,56.59,airline,0.1,0
user_649,2025-06-21 19:20:45.531172,68.13,car_rental,0.1,0
user_401,2025-06-21 19:59:01.531172,5.02,restaurant,0.1,0
user_846,2025-06-21 20:24:07.531172,128.52,restaurant,0.3,0
user_617,2025-06-21 20:30:14.531172,5.37,grocery,0.3,0
user_926,2025-06-21 20:33:51.531172,100.66,restaurant,0.3,0
user_371,2025-06-21 20:36:40.531172,15.27,gas_station,0.1,0
user_313,2025-06-21 20:40:59.531172,43.87,online_retail,0.1,0
user_514,2025-06-21 20:41:51.531172,52.34,gas_station,0.1,0
user_290,2025-06-21 20:49:45.531172,14.94,entertainment,0.1,0
user_292,2025-06-21 21:02:00.531172,221.12,grocery,0.1,0
user_295,2025-06-21 21:11:51.531172,9.23,hotel,0.3,0
user_673,2025-06-21 21:18:56.531172,108.45,hotel,0.1,0
user_748,2025-06-21 21:22:37.531172,92.4,electronics,0.1,0
user_252,2025-06-21 21:26:19.531172,13.99,hotel,0.1,0
user_1,2025-06-21 21:26:25.531172,65.05,gas_station,0.1,0
user_713,2025-06-21 21:40:06.531172,69.81,restaurant,0.1,0
user_715,2025-06-21 21:57:48.531172,196.45,entertainment,0.4,0
user_352,2025-06-21 21:59:30.531172,13.39,grocery,0.4,0
user_761,2025-06-21 22:06:23.531172,45.93,gas_station,0.1,0
user_567,2025-06-21 22:13:15.531172,10.42,online_retail,0.1,0
user_438,2025-06-21 22:21:34.531172,17.96,gas_station,0.6,0
user_290,2025-06-21 22:21:37.531172,1240.38,online_retail,0.6,0
user_541,2025-06-21 22:28:07.531172,5.0,restaurant,0.3,0
user_394,2025-06-21 22:44:47.531172,92.42,department_store,0.3,0
user_312,2025-06-21 22:58:28.531172,25.29,department_store,0.3,0
user_933,2025-06-21 23:16:50.531172,7.69,gas_station,0.1,0
user_449,2025-06-21 23:17:24.531172,19.73,department_store,0.1,0
user_976,2025-06-21 23:32:15.531172,36.11,restaurant,0.1,0
user_562,2025-06-21 23:35:15.531172,39.11,entertainment,0.1,0
user_45,2025-06-21 23:36:24.531172,14.13,restaurant,0.1,0
user_859,2025-06-21 23:41:23.531172,91.01,department_store,0.1,0
user_215,2025-06-21 23:44:10.531172,312.84,restaurant,0.3,0
user_360,2025-06-21 23:55:26.531172,29.85,department_store,0.6,0
user_754,2025-06-21 23:58:39.531172,62.76,electronics,0.1,0
user_586,2025-06-22 00:18:39.531172,5.0,gas_station,0.3,0
user_865,2025-06-22 00:49:43.531172,174.19,entertainment,0.1,0
user_467,2025-06-22 00:58:44.531172,16.24,restaurant,0.6,0
user_221,2025-06-22 01:01:44.531172,118.43,restaurant,0.4,0
user_826,2025-06-22 01:22:20.531172,73.07,online_retail,0.1,0
user_400,2025-06-22 01:38:00.531172,32.88,department_store,0.1,0
user_540,2025-06-22 02:08:01.531172,5.34,restaurant,0.3,0
user_161,2025-06-22 02:11:04.531172,78.96,grocery,0.1,0
user_776,2025-06-22 02:30:17.531172,5.0,department_store,0.1,0
user_579,2025-06-22 02:38:16.531172,15.61,airline,0.1,0
user_354,2025-06-22 02:38:26.531172,409.65,restaurant,0.1,0
user_435,2025-06-22 02:46:54.531172,12.33,grocery,0.3,0
user_529,2025-06-22 03:02:59.531172,13.95,restaurant,0.6,0
user_276,2025-06-22 03:14:00.531172,76.54,entertainment,0.1,0
user_132,2025-06-22 03:56:39.531172,86.28,grocery,0.1,0
user_802,2025-06-22 04:13:40.531172,5.0,restaurant,0.1,0
user_617,2025-06-22 04:14:25.531172,5.0,grocery,0.6,0
user_157,2025-06-22 04:16:48.531172,24.79,grocery,0.1,0
user_599,2025-06-22 04:27:13.531172,47.47,entertainment,0.6,1
user_888,2025-06-22 04:27:25.531172,6.92,grocery,0.1,0
user_966,2025-06-22 04:49:09.531172,6.19,restaurant,0.6,0
user_187,2025-06-22 04:59:00.531172,4898.0,jewelry,0.7,1
user_426,2025-06-22 05:07:41.531172,46.06,grocery,0.3,0
user_774,2025-06-22 05:52:13.531172,5.81,electronics,0.1,0
user_448,2025-06-22 05:56:02.531172,12.2,gas_station,0.1,0
user_948,2025-06-22 05:58:13.531172,70.09,restaurant,0.1,0
user_699,2025-06-22 05:58:39.531172,44.62,pharmacy,0.1,0
user_604,2025-06-22 06:03:08.531172,145.08,gas_station,0.1,0
user_15,2025-06-22 06:04:20.531172,348.23,gas_station,0.1,0
user_964,2025-06-22 06:22:56.531172,46.24,grocery,0.1,0
user_317,2025-06-22 06:24:28.531172,5.98,pharmacy,0.1,0
user_225,2025-06-22 07:08:30.531172,43.33,hotel,0.3,0
user_714,2025-06-22 07:12:30.531172,8.46,grocery,0.3,0
user_205,2025-06-22 07:34:00.531172,5.0,grocery,0.1,0
user_92,2025-06-22 07:48:35.531172,24.77,department_store,0.3,0
user_39,2025-06-22 07:52:13.531172,5.0,department_store,0.3,0
user_955,2025-06-22 07:53:20.531172,7.99,restaurant,0.1,0
user_167,2025-06-22 08:38:20.531172,29.92,restaurant,0.6,0
user_748,2025-06-22 09:02:39.531172,15.82,department_store,0.1,0
user_333,2025-06-22 09:37:54.531172,196.55,restaurant,0.1,0
user_690,2025-06-22 09:42:33.531172,5.0,gas_station,0.1,0
user_710,2025-06-22 10:11:36.531172,5.08,grocery,0.1,0
user_88,2025-06-22 10:28:33.531172,5.23,restaurant,0.6,0
user_392,2025-06-22 10:41:42.531172,17.78,department_store,0.3,0
user_754,2025-06-22 10:42:06.531172,65.02,jewelry,0.1,0
user_374,2025-06-22 11:31:47.531172,9.43,grocery,0.3,0
user_332,2025-06-22 11:37:44.531172,6.55,gas_station,0.1,0
user_201,2025-06-22 11:46:15.531172,30.03,grocery,0.4,0
user_449,2025-06-22 12:03:12.531172,10.71,pharmacy,0.1,0
user_940,2025-06-22 12:11:56.531172,51.07,gas_station,0.6,0
user_645,2025-06-22 12:15:50.531172,16.31,gas_station,0.3,0
user_173,2025-06-22 12:29:27.531172,5.0,restaurant,0.3,0
user_456,2025-06-22 12:33:05.531172,31.37,gas_station,0.1,0
user_873,2025-06-22 12:44:10.531172,18.68,pharmacy,0.1,0
user_276,2025-06-22 12:52:19.531172,9.25,restaurant,0.1,0
user_247,2025-06-22 12:53:02.531172,38.56,hotel,0.1,0
user_696,2025-06-22 12:57:29.531172,30.58,online_retail,0.6,0
user_296,2025-06-22 13:07:11.531172,1311.42,gas_station,0.1,0
user_147,2025-06-22 13:08:43.531172,5.0,restaurant,0.1,0
user_387,2025-06-22 13:12:41.531172,8.08,department_store,0.3,0
user_755,2025-06-22 13:18:59.531172,44.5,restaurant,0.3,0
user_633,2025-06-22 13:35:24.531172,38.83,grocery,0.1,0
user_736,2025-06-22 13:37:58.531172,16.67,grocery,0.3,0
user_567,2025-06-22 13:48:02.531172,3308.08,online_retail,0.9,1
user_316,2025-06-22 15:11:47.531172,5.0,restaurant,0.1,0
user_562,2025-06-22 15:14:17.531172,5.0,grocery,0.3,0
user_315,2025-06-22 15:20:24.531172,11.4,electronics,0.1,0
user_217,2025-06-22 15:31:49.531172,23.03,hotel,0.6,0
user_223,2025-06-22 15:58:17.531172,6.08,entertainment,0.3,0
user_103,2025-06-22 15:59:56.531172,92.99,airline,0.1,0
user_42,2025-06-22 16:03:05.531172,5.0,grocery,0.1,0
user_962,2025-06-22 16:10:57.531172,5.0,department_store,0.3,0
user_592,2025-06-22 16:11:35.531172,151.23,pharmacy,0.3,0
user_443,2025-06-22 16:35:45.531172,5.0,hotel,0.1,0
user_669,2025-06-22 16:42:50.531172,5.0,grocery,0.1,0
user_766,2025-06-22 16:49:45.531172,5.0,grocery,0.3,0
user_503,2025-06-22 17:15:03.531172,76.26,grocery,0.6,0
user_299,2025-06-22 17:23:20.531172,5.0,airline,0.1,0
user_885,2025-06-22 17:48:57.531172,10.47,grocery,0.3,0
user_406,2025-06-22 18:04:41.531172,47.75,gas_station,0.1,0
user_895,2025-06-22 18:04:58.531172,187.2,grocery,0.1,0
user_596,2025-06-22 18:07:03.531172,5.0,jewelry,0.1,0
user_901,2025-06-22 18:10:34.531172,5.0,restaurant,0.1,0
user_723,2025-06-22 18:11:28.531172,11.18,electronics,0.3,0
user_201,2025-06-22 18:25:29.531172,91.74,grocery,0.1,0
user_472,2025-06-22 18:26:02.531172,54.64,jewelry,0.1,0
user_449,2025-06-22 18:26:14.531172,5.0,pharmacy,0.3,0
user_951,2025-06-22 18:38:51.531172,18.52,gas_station,0.4,0
user_241,2025-06-22 18:40:54.531172,43.53,restaurant,0.3,0
user_435,2025-06-22 19:13:46.531172,5.0,department_store,0.1,0
user_27,2025-06-22 19:15:16.531172,66.01,gas_station,0.1,0
user_594,2025-06-22 19:23:58.531172,18.19,online_retail,0.1,0
user_408,2025-06-22 19:30:18.531172,5.29,hotel,0.3,0
user_98,2025-06-22 19:43:01.531172,30.26,entertainment,0.6,1
user_105,2025-06-22 19:59:08.531172,398.24,restaurant,0.3,0
user_434,2025-06-22 20:15:16.531172,13.94,grocery,0.3,0
user_615,2025-06-22 20:25:06.531172,60.98,gas_station,0.1,0
user_439,2025-06-22 20:25:43.531172,12.04,department_store,0.3,0
user_824,2025-06-22 20:26:47.531172,18.85,grocery,0.1,0
user_723,2025-06-22 20:28:09.531172,942.77,electronics,0.9,1
user_794,2025-06-22 21:14:17.531172,5.0,online_retail,0.3,0
user_398,2025-06-22 21:43:04.531172,5.0,grocery,0.3,0
user_729,2025-06-22 21:55:10.531172,36.61,grocery,0.1,0
user_587,2025-06-22 22:00:46.531172,14.1,restaurant,0.1,0
user_591,2025-06-22 22:09:03.531172,13.54,pharmacy,0.6,0
user_483,2025-06-22 22:12:25.531172,10.28,grocery,0.1,0
user_940,2025-06-22 22:28:56.531172,36.54,gas_station,0.1,0
user_508,2025-06-22 22:31:29.531172,27.39,restaurant,0.3,0
user_599,2025-06-22 22:53:34.531172,8.86,online_retail,0.4,0
user_41,2025-06-22 23:01:10.531172,7.37,grocery,0.1,0
user_829,2025-06-22 23:13:40.531172,135.13,restaurant,0.6,0
user_30,2025-06-22 23:14:49.531172,7.19,department_store,0.1,0
user_121,2025-06-22 23:26:01.531172,5.71,entertainment,0.3,0
user_831,2025-06-22 23:46:14.531172,39.24,grocery,0.3,0
user_254,2025-06-22 23:47:04.531172,56.43,hotel,0.6,0
user_313,2025-06-23 00:13:05.531172,24.49,car_rental,0.1,0
user_701,2025-06-23 00:29:39.531172,5.0,grocery,0.1,0
user_856,2025-06-23 00:30:20.531172,182.56,gas_station,0.7,0
user_3,2025-06-23 00:43:56.531172,158.67,restaurant,0.3,0
user_870,2025-06-23 00:51:54.531172,30.79,grocery,0.6,0
user_826,2025-06-23 00:55:02.531172,46.44,entertainment,0.1,0
user_956,2025-06-23 01:27:49.531172,10.33,online_retail,0.1,0
user_994,2025-06-23 01:49:32.531172,175.96,department_store,0.1,0
user_437,2025-06-23 01:55:52.531172,29.53,department_store,0.6,0
user_983,2025-06-23 01:56:07.531172,17.85,gas_station,0.6,0
user_548,2025-06-23 02:16:19.531172,5.38,pharmacy,0.1,0
user_76,2025-06-23 02:24:58.531172,89.73,entertainment,0.9,1
user_849,2025-06-23 02:28:39.531172,38.02,pharmacy,0.1,0
user_157,2025-06-23 02:29:33.531172,305.98,gas_station,0.3,0
user_763,2025-06-23 02:31:38.531172,5.0,jewelry,0.1,0
user_676,2025-06-23 02:34:15.531172,30.81,jewelry,0.6,0
user_606,2025-06-23 02:55:34.531172,38.33,gas_station,0.1,0
user_251,2025-06-23 02:57:47.531172,134.39,gas_station,0.3,0
user_489,2025-06-23 03:12:50.531172,7.05,grocery,0.1,0
user_166,2025-06-23 03:25:43.531172,22.08,grocery,0.1,0
user_613,2025-06-23 03:40:36.531172,11.56,grocery,0.3,0
user_524,2025-06-23 03:50:57.531172,25.25,grocery,0.1,0
user_862,2025-06-23 04:03:01.531172,22.41,grocery,0.3,0
user_312,2025-06-23 04:20:41.531172,28.83,department_store,0.4,0
user_116,2025-06-23 04:21:28.531172,36.27,department_store,0.1,0
user_658,2025-06-23 04:23:12.531172,22.68,department_store,0.1,0
user_730,2025-06-23 04:54:16.531172,10.95,gas_station,0.1,0
user_573,2025-06-23 04:59:50.531172,10.39,pharmacy,0.1,0
user_215,2025-06-23 05:21:46.531172,25.97,department_store,0.1,0
user_737,2025-06-23 05:27:15.531172,5.0,grocery,0.3,0
user_984,2025-06-23 05:32:27.531172,15.17,grocery,0.1,0
user_576,2025-06-23 06:19:15.531172,256.47,department_store,0.3,0
user_125,2025-06-23 06:26:05.531172,5.54,electronics,0.3,0
user_169,2025-06-23 06:28:24.531172,47.26,grocery,0.6,0
user_319,2025-06-23 06:31:25.531172,67.53,electronics,0.7,1
user_117,2025-06-23 06:32:07.531172,81.17,grocery,0.6,0
user_251,2025-06-23 06:35:36.531172,16.24,restaurant,0.1,0
user_349,2025-06-23 06:41:13.531172,43.13,gas_station,0.1,0
user_674,2025-06-23 06:51:59.531172,5.0,department_store,0.3,0
user_732,2025-06-23 06:53:03.531172,541.84,restaurant,0.6,0
user_693,2025-06-23 06:53:19.531172,9.99,restaurant,0.1,0
user_195,2025-06-23 06:59:57.531172,77.82,entertainment,0.1,0
user_631,2025-06-23 07:24:31.531172,7.17,car_rental,0.3,0
user_146,2025-06-23 07:35:26.531172,11.85,department_store,0.1,0
user_166,2025-06-23 08:12:03.531172,255.87,pharmacy,0.1,0
user_227,2025-06-23 08:15:03.531172,50.11,pharmacy,0.6,0
user_720,2025-06-23 08:19:35.531172,49.35,department_store,0.1,0
user_1000,2025-06-23 08:32:12.531172,18.19,online_retail,0.1,0
user_824,2025-06-23 08:34:51.531172,5.8,restaurant,0.1,0
user_15,2025-06-23 08:39:46.531172,50.14,hotel,0.1,0
user_767,2025-06-23 08:39:57.531172,6.07,airline,0.3,0
user_548,2025-06-23 08:42:11.531172,70.61,grocery,0.1,0
user_986,2025-06-23 08:46:12.531172,14.06,airline,0.4,0
user_26,2025-06-23 08:56:44.531172,16.32,grocery,0.1,0
user_646,2025-06-23 09:15:42.531172,5.0,department_store,0.3,0
user_683,2025-06-23 09:16:44.531172,13.64,department_store,0.3,0
user_946,2025-06-23 09:44:39.531172,15.44,pharmacy,0.3,0
user_737,2025-06-23 09:52:36.531172,20.97,grocery,0.1,0
user_800,2025-06-23 10:05:39.531172,9.04,pharmacy,0.1,0
user_829,2025-06-23 10:07:34.531172,5.02,pharmacy,0.1,0
user_207,2025-06-23 10:21:06.531172,5.0,gas_station,0.1,0
user_994,2025-06-23 10:26:42.531172,6.17,gas_station,0.1,0
user_26,2025-06-23 10:47:04.531172,5.0,department_store,0.1,0
user_228,2025-06-23 10:50:50.531172,12.22,airline,0.1,0
user_110,2025-06-23 10:57:50.531172,5.0,restaurant,0.1,0
user_627,2025-06-23 11:04:59.531172,9.53,grocery,0.1,0
user_735,2025-06-23 11:11:00.531172,66.54,entertainment,0.1,0
user_951,2025-06-23 11:21:19.531172,126.83,grocery,0.6,0
user_739,2025-06-23 11:37:06.531172,97.51,department_store,0.6,0
user_371,2025-06-23 12:09:53.531172,26.35,grocery,0.1,0
user_735,2025-06-23 12:14:53.531172,5.0,gas_station,0.1,0
user_973,2025-06-23 12:38:59.531172,5.0,gas_station,0.1,0
user_227,2025-06-23 12:39:35.531172,5.0,entertainment,0.1,0
user_410,2025-06-23 13:02:24.531172,5.0,airline,0.9,0
user_786,2025-06-23 13:46:36.531172,5.0,gas_station,0.3,0
user_308,2025-06-23 14:00:34.531172,15.8,department_store,0.1,0
user_57,2025-06-23 14:11:14.531172,15.54,restaurant,0.1,0
user_964,2025-06-23 14:21:46.531172,5.0,grocery,0.1,0
user_767,2025-06-23 14:33:28.531172,5.0,grocery,0.6,0
user_229,2025-06-23 15:08:33.531172,453.35,airline,0.1,0
user_674,2025-06-23 15:13:42.531172,5.0,airline,0.3,0
user_839,2025-06-23 16:02:52.531172,71.15,grocery,0.1,0
user_677,2025-06-23 16:24:43.531172,6.72,restaurant,0.3,0
user_253,2025-06-23 16:57:28.531172,25.29,grocery,0.1,0
user_110,2025-06-23 17:02:39.531172,23.32,grocery,0.1,0
user_669,2025-06-23 17:27:00.531172,13.32,restaurant,0.1,0
user_310,2025-06-23 17:28:33.531172,21.12,online_retail,0.1,0
user_513,2025-06-23 18:02:50.531172,13.3,online_retail,0.1,0
user_675,2025-06-23 18:16:34.531172,7.57,airline,0.3,0
user_614,2025-06-23 18:18:05.531172,66.92,grocery,0.1,0
user_479,2025-06-23 18:27:38.531172,67.43,gas_station,0.6,0
user_224,2025-06-23 18:37:56.531172,179.29,gas_station,0.1,0
user_825,2025-06-23 18:45:00.531172,6.51,restaurant,0.1,0
user_740,2025-06-23 18:46:38.531172,16.04,entertainment,0.6,0
user_436,2025-06-23 19:09:47.531172,15.56,entertainment,0.3,0
user_775,2025-06-23 19:11:58.531172,5.71,restaurant,0.6,0
user_132,2025-06-23 19:15:06.531172,345.47,online_retail,0.6,0
user_843,2025-06-23 19:18:13.531172,14.69,restaurant,0.6,0
user_94,2025-06-23 19:34:27.531172,8.7,hotel,0.1,0
user_488,2025-06-23 19:39:52.531172,39.09,grocery,0.1,0
user_970,2025-06-23 19:40:40.531172,5.0,hotel,0.1,0
user_867,2025-06-23 19:46:30.531172,18.98,grocery,0.1,0
user_521,2025-06-23 19:59:43.531172,23.27,grocery,0.3,0
user_34,2025-06-23 20:28:12.531172,5.0,gas_station,0.3,0
user_303,2025-06-23 20:37:01.531172,400.82,restaurant,0.6,0
user_140,2025-06-23 21:04:13.531172,36.47,gas_station,0.1,0
user_523,2025-06-23 21:18:05.531172,8.62,restaurant,0.3,0
user_121,2025-06-23 21:21:45.531172,5.0,car_rental,0.3,0
user_270,2025-06-23 21:40:34.531172,46.58,restaurant,0.1,0
user_510,2025-06-23 21:40:36.531172,39.91,online_retail,0.9,0
user_150,2025-06-23 21:47:00.531172,35.43,grocery,0.7,0
user_204,2025-06-23 21:50:45.531172,40.3,gas_station,0.3,0
user_363,2025-06-23 21:51:22.531172,5.0,restaurant,0.6,0
user_585,2025-06-23 22:18:43.531172,56.27,hotel,0.1,0
user_335,2025-06-23 22:45:51.531172,21.14,gas_station,0.1,0
user_466,2025-06-23 23:21:22.531172,174.67,grocery,0.1,0
user_122,2025-06-23 23:32:28.531172,5.0,car_rental,0.1,0
user_288,2025-06-23 23:33:45.531172,66.38,department_store,0.3,0
user_194,2025-06-23 23:36:35.531172,107.59,car_rental,0.3,0
user_691,2025-06-23 23:40:05.531172,5.0,grocery,0.1,0
user_998,2025-06-23 23:44:22.531172,43.7,gas_station,0.3,0
user_987,2025-06-23 23:48:03.531172,5.0,restaurant,0.1,0
user_570,2025-06-24 00:09:24.531172,5.0,grocery,0.3,0
user_694,2025-06-24 00:17:15.531172,8.62,car_rental,0.1,0
user_533,2025-06-24 00:19:14.531172,1481.22,electronics,0.7,1
user_323,2025-06-24 00:24:46.531172,16.83,grocery,0.3,0
user_644,2025-06-24 00:36:01.531172,5.95,department_store,0.1,0
user_831,2025-06-24 00:38:04.531172,88.13,pharmacy,0.1,0
user_953,2025-06-24 00:39:01.531172,54.79,restaurant,0.1,0
user_824,2025-06-24 00:51:55.531172,169.12,department_store,0.1,0
user_771,2025-06-24 01:13:27.531172,5.0,gas_station,0.1,0
user_690,2025-06-24 01:48:38.531172,36.74,restaurant,0.1,0
user_265,2025-06-24 02:12:49.531172,22.44,airline,0.3,0
user_144,2025-06-24 02:17:20.531172,2.09,entertainment,0.6,1
user_960,2025-06-24 02:18:42.531172,32.62,department_store,0.3,0
user_689,2025-06-24 02:19:52.531172,104.14,grocery,0.1,0
user_741,2025-06-24 02:37:25.531172,5.0,grocery,0.7,0
user_572,2025-06-24 02:45:25.531172,78.28,restaurant,0.1,0
user_708,2025-06-24 02:53:48.531172,20.37,airline,0.6,0
user_612,2025-06-24 03:17:42.531172,10.21,grocery,0.3,0
user_718,2025-06-24 04:01:40.531172,1342.19,jewelry,0.3,0
user_130,2025-06-24 04:06:48.531172,7.18,pharmacy,0.1,0
user_821,2025-06-24 04:23:48.531172,16.03,restaurant,0.1,0
user_279,2025-06-24 04:26:14.531172,2135.67,entertainment,0.7,1
user_61,2025-06-24 04:26:17.531172,11.85,gas_station,0.1,0
user_986,2025-06-24 04:51:13.531172,59.36,grocery,0.3,0
user_274,2025-06-24 05:03:56.531172,87.51,online_retail,0.3,0
user_964,2025-06-24 05:17:48.531172,24.96,pharmacy,0.1,0
user_536,2025-06-24 05:27:43.531172,13.85,grocery,0.3,0
user_745,2025-06-24 05:40:10.531172,14.49,grocery,0.1,0
user_864,2025-06-24 05:57:41.531172,8.81,gas_station,0.1,0
user_872,2025-06-24 07:03:43.531172,41.42,airline,0.1,0
user_333,2025-06-24 07:10:26.531172,5.0,grocery,0.1,0
user_619,2025-06-24 07:16:27.531172,5.0,pharmacy,0.3,0
user_661,2025-06-24 07:16:55.531172,5.0,restaurant,0.3,0
user_975,2025-06-24 07:17:11.531172,13.86,grocery,0.1,0
user_802,2025-06-24 08:13:24.531172,28.38,grocery,0.9,0
user_138,2025-06-24 08:24:56.531172,52.41,restaurant,0.1,0
user_768,2025-06-24 08:39:29.531172,1229.29,entertainment,0.1,0
user_266,2025-06-24 08:46:28.531172,17.8,grocery,0.1,0
user_273,2025-06-24 08:49:32.531172,41.16,restaurant,0.4,0
user_323,2025-06-24 08:55:38.531172,5.0,grocery,0.6,0
user_324,2025-06-24 08:58:44.531172,5.0,restaurant,0.6,0
user_326,2025-06-24 08:59:55.531172,24.99,car_rental,0.1,0
user_633,2025-06-24 09:12:33.531172,65.23,grocery,0.3,0
user_285,2025-06-24 09:19:03.531172,6.98,online_retail,0.4,0
user_246,2025-06-24 09:36:23.531172,129.21,hotel,0.1,0
user_844,2025-06-24 09:36:23.531172,10.96,grocery,0.1,0
user_756,2025-06-24 09:56:26.531172,5.07,entertainment,0.1,0
user_516,2025-06-24 10:11:15.531172,5.0,hotel,0.1,0
user_521,2025-06-24 10:12:12.531172,78.8,entertainment,0.1,0
user_972,2025-06-24 10:17:30.531172,125.43,department_store,0.3,0
user_422,2025-06-24 10:22:18.531172,6.08,pharmacy,0.1,0
user_766,2025-06-24 10:37:14.531172,16.95,department_store,0.3,0
user_703,2025-06-24 10:45:14.531172,14.24,restaurant,0.1,0
user_974,2025-06-24 10:49:21.531172,5.0,pharmacy,0.1,0
user_410,2025-06-24 10:53:08.531172,148.54,online_retail,0.1,0
user_508,2025-06-24 11:04:07.531172,13.08,airline,0.4,0
user_879,2025-06-24 11:23:11.531172,50.73,hotel,0.1,0
user_772,2025-06-24 11:35:50.531172,33.62,restaurant,0.1,0
user_872,2025-06-24 11:47:06.531172,8.87,online_retail,0.3,0
user_833,2025-06-24 11:59:33.531172,21.87,pharmacy,0.3,0
user_215,2025-06-24 12:01:45.531172,5.0,online_retail,0.1,0
user_351,2025-06-24 12:02:06.531172,32.63,jewelry,0.1,0
user_175,2025-06-24 12:12:48.531172,5.0,restaurant,0.1,0
user_38,2025-06-24 12:18:10.531172,5.0,gas_station,0.1,0
user_621,2025-06-24 12:43:02.531172,1793.04,electronics,0.9,1
user_306,2025-06-24 12:43:55.531172,6.48,restaurant,0.1,0
user_772,2025-06-24 12:48:24.531172,5.0,grocery,0.3,0
user_949,2025-06-24 12:56:33.531172,7.62,grocery,0.6,0
user_325,2025-06-24 13:14:17.531172,24.1,gas_station,0.3,0
user_458,2025-06-24 13:23:17.531172,34.48,department_store,0.1,0
user_145,2025-06-24 14:18:29.531172,70.7,grocery,0.1,0
user_297,2025-06-24 14:19:54.531172,5.0,car_rental,0.1,0
user_42,2025-06-24 14:29:54.531172,6.18,grocery,0.6,0
user_476,2025-06-24 14:59:38.531172,17.45,restaurant,0.1,0
user_733,2025-06-24 15:55:28.531172,9.22,grocery,0.1,0
user_221,2025-06-24 16:09:10.531172,15.82,restaurant,0.3,0
user_925,2025-06-24 16:15:30.531172,59.76,car_rental,0.1,0
user_377,2025-06-24 16:32:10.531172,31.34,pharmacy,0.1,0
user_717,2025-06-24 16:49:34.531172,12.28,gas_station,0.3,0
user_325,2025-06-24 16:52:04.531172,114.58,electronics,0.1,0
user_79,2025-06-24 17:12:36.531172,2000.0,department_store,0.1,0
user_504,2025-06-24 17:23:12.531172,6.96,grocery,0.1,0
user_271,2025-06-24 17:24:46.531172,179.65,gas_station,0.3,0
user_394,2025-06-24 17:42:17.531172,11.93,grocery,0.6,0
user_94,2025-06-24 18:06:28.531172,14.08,restaurant,0.1,0
user_394,2025-06-24 18:10:54.531172,16.8,airline,0.1,0
user_766,2025-06-24 18:13:30.531172,82.41,jewelry,0.7,1
user_205,2025-06-24 18:24:29.531172,5.66,hotel,0.6,0
user_699,2025-06-24 19:05:03.531172,37.19,entertainment,0.1,0
user_782,2025-06-24 19:14:30.531172,12.63,entertainment,0.1,0
user_720,2025-06-24 19:19:48.531172,7.45,gas_station,0.1,0
user_638,2025-06-24 19:38:53.531172,67.78,restaurant,0.3,0
user_995,2025-06-24 19:40:48.531172,8.13,gas_station,0.1,0
user_93,2025-06-24 19:45:31.531172,7.36,department_store,0.1,0
user_12,2025-06-24 19:49:49.531172,9.8,restaurant,0.1,0
user_661,2025-06-24 20:14:26.531172,10.92,entertainment,0.1,0
user_485,2025-06-24 20:44:23.531172,21.05,gas_station,0.3,0
user_1,2025-06-24 21:07:36.531172,133.66,airline,0.3,0
user_111,2025-06-24 21:17:37.531172,78.15,grocery,0.1,0
user_124,2025-06-24 21:23:07.531172,66.18,department_store,0.3,0
user_170,2025-06-24 21:25:32.531172,392.96,gas_station,0.1,0
user_222,2025-06-24 21:32:00.531172,67.4,department_store,0.6,0
user_947,2025-06-24 21:44:56.531172,25.0,grocery,0.1,0
user_483,2025-06-24 21:45:44.531172,5.31,entertainment,0.1,0
user_466,2025-06-24 21:46:16.531172,25.03,gas_station,0.1,0
user_566,2025-06-24 22:23:36.531172,59.69,gas_station,0.1,0
user_297,2025-06-24 22:29:01.531172,84.23,electronics,0.9,1
user_872,2025-06-24 23:45:04.531172,35.67,grocery,0.1,0
user_667,2025-06-24 23:50:35.531172,52.09,pharmacy,0.1,0
user_21,2025-06-25 00:15:24.531172,5.0,hotel,0.3,0
user_70,2025-06-25 00:18:20.531172,125.35,restaurant,0.1,0
user_592,2025-06-25 00:25:35.531172,12.5,gas_station,0.1,0
user_24,2025-06-25 00:42:43.531172,5.42,entertainment,0.6,0
user_7,2025-06-25 01:09:25.531172,11.27,pharmacy,0.1,0
user_143,2025-06-25 01:14:08.531172,5.0,department_store,0.1,0
user_86,2025-06-25 01:16:32.531172,36.37,jewelry,0.1,0
user_2,2025-06-25 01:26:27.531172,21.09,department_store,0.3,0
user_632,2025-06-25 01:28:06.531172,216.73,gas_station,0.1,0
user_530,2025-06-25 01:39:23.531172,5.0,pharmacy,0.3,0
user_403,2025-06-25 02:03:15.531172,47.52,online_retail,0.1,0
user_899,2025-06-25 02:26:00.531172,27.94,restaurant,0.1,0
user_909,2025-06-25 02:32:32.531172,49.49,gas_station,0.1,0
user_347,2025-06-25 02:54:40.531172,24.54,department_store,0.1,0
user_666,2025-06-25 02:58:15.531172,5.0,department_store,0.6,0
user_492,2025-06-25 03:10:16.531172,99.82,grocery,0.3,0
user_578,2025-06-25 03:38:59.531172,146.74,entertainment,0.1,0
user_453,2025-06-25 03:54:50.531172,108.86,restaurant,0.1,0
user_99,2025-06-25 04:20:08.531172,9.33,grocery,0.3,0
user_604,2025-06-25 04:25:14.531172,19.27,restaurant,0.3,0
user_157,2025-06-25 04:26:16.531172,5.0,entertainment,0.7,0
user_176,2025-06-25 04:43:38.531172,5.0,hotel,0.1,0
user_471,2025-06-25 04:59:30.531172,52.29,department_store,0.4,0
user_834,2025-06-25 05:06:02.531172,5.0,online_retail,0.1,0
user_71,2025-06-25 05:20:21.531172,12.4,department_store,0.1,0
user_134,2025-06-25 05:29:08.531172,20.96,restaurant,0.1,0
user_119,2025-06-25 05:44:31.531172,5.0,hotel,0.6,0
user_763,2025-06-25 06:00:01.531172,26.37,restaurant,0.3,0
user_525,2025-06-25 06:10:31.531172,476.56,online_retail,0.3,0
user_486,2025-06-25 06:14:18.531172,10.45,restaurant,0.1,0
user_346,2025-06-25 06:48:05.531172,126.66,jewelry,0.3,0
user_986,2025-06-25 07:06:51.531172,23.45,online_retail,0.1,0
user_254,2025-06-25 07:22:11.531172,12.61,grocery,0.4,0
user_930,2025-06-25 07:31:22.531172,56.18,gas_station,0.3,0
user_850,2025-06-25 07:34:49.531172,69.08,entertainment,0.4,0
user_605,2025-06-25 07:40:13.531172,80.52,gas_station,0.1,0
user_481,2025-06-25 07:43:54.531172,58.21,grocery,0.1,0
user_651,2025-06-25 07:56:07.531172,38.17,gas_station,0.3,0
user_224,2025-06-25 08:16:09.531172,38.02,hotel,0.3,0
user_136,2025-06-25 08:28:58.531172,22.65,entertainment,0.1,0
user_453,2025-06-25 08:30:51.531172,23.97,entertainment,0.1,0
user_29,2025-06-25 08:32:21.531172,9.07,airline,0.3,0
user_864,2025-06-25 08:59:49.531172,38.92,entertainment,0.3,0
user_974,2025-06-25 09:02:17.531172,203.34,gas_station,0.1,0
user_710,2025-06-25 09:28:10.531172,11.44,pharmacy,0.1,0
user_720,2025-06-25 09:33:02.531172,14.75,grocery,0.1,0
user_501,2025-06-25 09:40:50.531172,16.62,restaurant,0.1,0
user_383,2025-06-25 09:47:12.531172,67.99,gas_station,0.1,0
user_804,2025-06-25 10:00:44.531172,26.67,entertainment,0.4,0
user_102,2025-06-25 10:18:50.531172,88.11,online_retail,0.1,0
user_414,2025-06-25 10:33:26.531172,138.14,gas_station,0.1,0
user_573,2025-06-25 10:44:09.531172,11.84,hotel,0.3,0
user_253,2025-06-25 10:52:33.531172,40.09,gas_station,0.3,0
user_827,2025-06-25 10:54:58.531172,7.72,grocery,0.1,0
user_708,2025-06-25 10:58:54.531172,32.79,hotel,0.1,0
user_86,2025-06-25 11:11:55.531172,55.61,gas_station,0.1,0
user_195,2025-06-25 11:12:34.531172,66.9,restaurant,0.1,0
user_263,2025-06-25 11:16:03.531172,372.74,grocery,0.1,0
user_593,2025-06-25 11:29:43.531172,330.98,gas_station,0.3,0
user_453,2025-06-25 11:44:48.531172,5.0,gas_station,0.6,0
user_688,2025-06-25 11:57:25.531172,38.69,grocery,0.1,0
user_981,2025-06-25 12:04:40.531172,67.95,hotel,0.1,0
user_976,2025-06-25 13:10:30.531172,13.62,grocery,0.3,0
user_58,2025-06-25 13:22:21.531172,13.39,online_retail,0.3,0
user_423,2025-06-25 13:41:11.531172,140.6,entertainment,0.6,0
user_219,2025-06-25 13:47:16.531172,43.92,online_retail,0.1,0
user_7,2025-06-25 13:49:33.531172,42.86,jewelry,0.4,0
user_774,2025-06-25 14:15:17.531172,154.33,airline,0.1,0
user_419,2025-06-25 14:30:44.531172,248.01,grocery,0.3,0
user_188,2025-06-25 14:51:47.531172,5.75,entertainment,0.3,0
user_123,2025-06-25 14:55:50.531172,39.6,entertainment,0.3,0
user_831,2025-06-25 15:21:46.531172,6.34,electronics,0.1,0
user_537,2025-06-25 15:34:42.531172,75.69,gas_station,0.3,0
user_536,2025-06-25 15:46:33.531172,5.0,online_retail,0.1,0
user_154,2025-06-25 16:33:37.531172,5.0,entertainment,0.1,0
user_530,2025-06-25 16:41:32.531172,13.3,grocery,0.1,0
user_743,2025-06-25 16:43:42.531172,13.85,gas_station,0.6,0
user_935,2025-06-25 16:49:42.531172,107.78,online_retail,0.1,0
user_902,2025-06-25 16:58:20.531172,93.12,department_store,0.3,0
user_397,2025-06-25 17:10:30.531172,78.73,grocery,0.1,0
user_385,2025-06-25 17:14:14.531172,8.76,grocery,0.1,0
user_546,2025-06-25 17:31:52.531172,29.0,grocery,0.3,0
user_10,2025-06-25 17:36:44.531172,480.11,gas_station,0.1,0
user_265,2025-06-25 17:51:47.531172,15.11,grocery,0.3,0
user_350,2025-06-25 18:16:52.531172,62.57,gas_station,0.1,0
user_534,2025-06-25 18:20:13.531172,6.69,grocery,0.1,0
user_271,2025-06-25 18:23:16.531172,63.14,entertainment,0.1,0
user_898,2025-06-25 18:38:02.531172,28.32,department_store,0.6,0
user_147,2025-06-25 18:39:23.531172,51.47,grocery,0.1,0
user_872,2025-06-25 18:52:53.531172,6.82,gas_station,0.1,0
user_813,2025-06-25 18:57:47.531172,48.11,restaurant,0.3,0
user_362,2025-06-25 19:00:50.531172,6.76,pharmacy,0.6,0
user_728,2025-06-25 19:04:01.531172,42.66,electronics,0.6,0
user_832,2025-06-25 19:38:36.531172,19.61,hotel,0.6,0
user_28,2025-06-25 19:42:38.531172,5.0,grocery,0.3,0
user_539,2025-06-25 19:53:32.531172,5.0,pharmacy,0.1,0
user_263,2025-06-25 20:00:35.531172,19.81,grocery,0.6,0
user_216,2025-06-25 20:09:06.531172,11.89,entertainment,0.1,0
user_959,2025-06-25 20:28:08.531172,53.42,department_store,0.1,0
user_14,2025-06-25 21:08:39.531172,12.26,department_store,0.6,0
user_61,2025-06-25 21:11:56.531172,39.55,entertainment,0.7,1
user_574,2025-06-25 21:13:03.531172,12.07,gas_station,0.3,0
user_998,2025-06-25 21:15:18.531172,212.62,grocery,0.1,0
user_841,2025-06-25 21:23:21.531172,9.71,department_store,0.1,0
user_309,2025-06-25 21:31:03.531172,40.85,department_store,0.1,0
user_800,2025-06-25 21:34:54.531172,115.4,grocery,0.1,0
user_993,2025-06-25 21:39:45.531172,104.49,restaurant,0.1,0
user_699,2025-06-25 21:41:13.531172,26.84,online_retail,0.3,0
user_700,2025-06-25 21:47:09.531172,5.0,hotel,0.1,0
user_187,2025-06-25 22:04:07.531172,5.0,restaurant,0.1,0
user_290,2025-06-25 22:26:28.531172,5.0,hotel,0.1,0
user_860,2025-06-25 22:29:52.531172,12.31,restaurant,0.6,0
user_125,2025-06-25 22:55:00.531172,19.72,grocery,0.4,0
user_407,2025-06-25 23:04:56.531172,5.52,restaurant,0.1,0
user_262,2025-06-25 23:17:14.531172,6.42,gas_station,0.3,0
user_753,2025-06-25 23:23:21.531172,476.95,pharmacy,0.3,0
user_836,2025-06-25 23:42:09.531172,5.0,online_retail,0.6,0
user_871,2025-06-25 23:43:03.531172,36.24,gas_station,0.3,0
user_96,2025-06-25 23:46:13.531172,5.0,department_store,0.3,0
user_752,2025-06-25 23:59:25.531172,6.28,restaurant,0.1,0
user_536,2025-06-26 00:03:35.531172,6.25,restaurant,0.6,0
user_84,2025-06-26 00:05:04.531172,224.6,airline,0.1,0
user_930,2025-06-26 00:16:00.531172,13.35,online_retail,0.1,0
user_145,2025-06-26 00:30:05.531172,16.65,restaurant,0.3,0
user_682,2025-06-26 00:38:26.531172,26.26,hotel,0.1,0
user_112,2025-06-26 00:48:02.531172,16.5,gas_station,0.1,0
user_582,2025-06-26 00:56:11.531172,82.1,gas_station,0.1,0
user_788,2025-06-26 00:59:05.531172,19.06,hotel,0.1,0
user_184,2025-06-26 01:16:22.531172,39.74,grocery,0.6,0
user_421,2025-06-26 01:17:27.531172,41.74,airline,0.6,0
user_364,2025-06-26 01:46:44.531172,20.52,grocery,0.1,0
user_147,2025-06-26 02:01:45.531172,6.44,entertainment,0.1,0
user_25,2025-06-26 02:29:42.531172,18.43,restaurant,0.7,0
user_309,2025-06-26 02:35:16.531172,5.0,online_retail,0.1,0
user_927,2025-06-26 02:45:42.531172,91.35,restaurant,0.6,0
user_721,2025-06-26 02:52:02.531172,45.54,jewelry,0.1,0
user_684,2025-06-26 02:57:33.531172,37.3,hotel,0.6,0
user_644,2025-06-26 03:18:46.531172,24.35,online_retail,0.1,0
user_931,2025-06-26 03:21:15.531172,22.25,online_retail,0.1,0
user_9,2025-06-26 03:24:54.531172,68.53,hotel,0.1,0
user_48,2025-06-26 03:27:32.531172,42.31,online_retail,0.1,0
user_440,2025-06-26 03:32:35.531172,41.36,grocery,0.3,0
user_476,2025-06-26 04:00:35.531172,22.78,department_store,0.6,0
user_367,2025-06-26 04:01:21.531172,5.46,gas_station,0.3,0
user_978,2025-06-26 04:05:35.531172,34.7,department_store,0.1,0
user_423,2025-06-26 04:05:41.531172,25.59,department_store,0.1,0
user_566,2025-06-26 04:19:05.531172,5.0,hotel,0.6,0
user_842,2025-06-26 04:23:22.531172,411.72,grocery,0.3,0
user_603,2025-06-26 04:23:47.531172,260.17,grocery,0.6,0
user_417,2025-06-26 04:35:08.531172,5.0,pharmacy,0.1,0
user_520,2025-06-26 05:16:33.531172,353.23,gas_station,0.3,0
user_989,2025-06-26 05:16:57.531172,5.0,gas_station,0.3,0
user_944,2025-06-26 05:20:18.531172,5.52,jewelry,0.6,0
user_963,2025-06-26 05:32:46.531172,5.0,online_retail,0.1,0
user_710,2025-06-26 05:47:45.531172,173.21,pharmacy,0.1,0
user_407,2025-06-26 06:02:51.531172,4670.56,jewelry,0.7,1
user_395,2025-06-26 06:05:34.531172,26.22,pharmacy,0.1,0
user_947,2025-06-26 06:30:53.531172,5.0,gas_station,0.1,0
user_107,2025-06-26 06:44:10.531172,136.9,restaurant,0.1,0
user_23,2025-06-26 06:47:12.531172,373.7,grocery,0.1,0
user_816,2025-06-26 06:57:17.531172,5.0,hotel,0.3,0
user_475,2025-06-26 07:30:49.531172,10.68,pharmacy,0.7,0
user_693,2025-06-26 07:52:27.531172,49.82,grocery,0.3,0
user_88,2025-06-26 08:17:17.531172,5.0,online_retail,0.1,0
user_358,2025-06-26 08:45:41.531172,56.56,entertainment,0.9,1
user_647,2025-06-26 08:51:26.531172,36.64,online_retail,0.9,1
user_714,2025-06-26 09:01:07.531172,14.34,entertainment,0.3,0
user_613,2025-06-26 09:09:08.531172,5.0,grocery,0.1,0
user_761,2025-06-26 09:10:27.531172,6.86,entertainment,0.3,0
user_994,2025-06-26 09:10:29.531172,23.64,gas_station,0.1,0
user_812,2025-06-26 09:12:33.531172,59.0,online_retail,0.3,0
user_330,2025-06-26 09:23:55.531172,5.0,grocery,0.3,0
user_903,2025-06-26 09:24:03.531172,12.25,grocery,0.3,0
user_283,2025-06-26 09:28:16.531172,108.75,online_retail,0.1,0
user_327,2025-06-26 09:43:56.531172,10.74,restaurant,0.1,0
user_975,2025-06-26 09:52:27.531172,46.29,gas_station,0.1,0
user_968,2025-06-26 10:14:35.531172,4389.93,jewelry,0.7,1
user_978,2025-06-26 10:22:41.531172,8.66,gas_station,0.1,0
user_234,2025-06-26 10:23:15.531172,15.05,grocery,0.1,0
user_126,2025-06-26 10:40:23.531172,9.1,airline,0.1,0
user_172,2025-06-26 10:58:13.531172,163.49,restaurant,0.1,0
user_991,2025-06-26 10:59:22.531172,14.57,department_store,0.1,0
user_446,2025-06-26 11:03:56.531172,104.71,gas_station,0.1,0
user_392,2025-06-26 11:18:04.531172,5.0,airline,0.3,0
user_290,2025-06-26 11:27:26.531172,11.98,department_store,0.1,0
user_780,2025-06-26 11:29:30.531172,64.48,restaurant,0.1,0
user_407,2025-06-26 11:31:16.531172,5.0,pharmacy,0.1,0
user_727,2025-06-26 11:34:09.531172,5.0,pharmacy,0.1,0
user_59,2025-06-26 11:38:46.531172,69.07,grocery,0.6,0
user_27,2025-06-26 11:39:26.531172,19.47,department_store,0.1,0
user_445,2025-06-26 12:09:03.531172,20.64,pharmacy,0.1,0
user_454,2025-06-26 12:37:49.531172,94.39,grocery,0.1,0
user_730,2025-06-26 12:57:58.531172,8.15,gas_station,0.1,0
user_616,2025-06-26 13:02:14.531172,5.17,gas_station,0.1,0
user_146,2025-06-26 13:24:45.531172,41.0,restaurant,0.3,0
user_337,2025-06-26 13:25:02.531172,5.0,online_retail,0.1,0
user_552,2025-06-26 14:03:11.531172,89.49,department_store,0.1,0
user_919,2025-06-26 14:35:12.531172,105.92,grocery,0.3,0
user_827,2025-06-26 15:01:44.531172,16.73,department_store,0.4,0
user_973,2025-06-26 15:09:31.531172,66.85,department_store,0.1,0
user_330,2025-06-26 16:05:09.531172,45.04,department_store,0.1,0
user_985,2025-06-26 16:17:02.531172,5.0,online_retail,0.3,0
user_232,2025-06-26 16:30:17.531172,22.24,grocery,0.3,0
user_385,2025-06-26 16:52:07.531172,11.24,entertainment,0.1,0
user_792,2025-06-26 16:57:11.531172,12.52,restaurant,0.6,0
user_787,2025-06-26 17:13:07.531172,53.78,gas_station,0.3,0
user_373,2025-06-26 17:15:26.531172,20.1,gas_station,0.3,0
user_202,2025-06-26 17:33:38.531172,31.83,gas_station,0.6,0
user_802,2025-06-26 17:35:46.531172,5.0,electronics,0.6,0
user_415,2025-06-26 17:43:09.531172,29.39,hotel,0.6,0
user_333,2025-06-26 19:09:57.531172,5.76,grocery,0.1,0
user_229,2025-06-26 19:16:11.531172,127.06,online_retail,0.1,0
user_284,2025-06-26 19:47:45.531172,27.28,gas_station,0.3,0
user_257,2025-06-26 20:06:05.531172,70.18,restaurant,0.3,0
user_650,2025-06-26 20:31:28.531172,71.99,electronics,0.3,0
user_725,2025-06-26 20:46:46.531172,130.2,gas_station,0.1,0
user_647,2025-06-26 20:55:23.531172,193.44,restaurant,0.6,0
user_386,2025-06-26 21:05:26.531172,17.48,grocery,0.1,0
user_785,2025-06-26 21:07:17.531172,105.88,gas_station,0.3,0
user_92,2025-06-26 21:15:06.531172,5.0,online_retail,0.7,0
user_205,2025-06-26 21:47:00.531172,5.0,grocery,0.1,0
user_889,2025-06-26 22:18:45.531172,13.4,online_retail,0.3,0
user_703,2025-06-26 22:36:19.531172,18.19,grocery,0.1,0
user_110,2025-06-26 22:51:31.531172,5.0,hotel,0.1,0
user_831,2025-06-26 23:08:00.531172,32.58,restaurant,0.1,0
user_977,2025-06-26 23:20:20.531172,19.47,restaurant,0.3,0
user_888,2025-06-26 23:23:11.531172,16.86,online_retail,0.3,0
user_185,2025-06-26 23:34:58.531172,262.03,gas_station,0.1,0
user_382,2025-06-26 23:45:41.531172,16.69,gas_station,0.3,0
user_769,2025-06-26 23:54:21.531172,67.21,pharmacy,0.1,0
user_185,2025-06-27 00:04:20.531172,115.19,electronics,0.1,0
user_851,2025-06-27 00:32:29.531172,325.89,online_retail,0.1,0
user_389,2025-06-27 00:35:31.531172,54.49,department_store,0.1,0
user_785,2025-06-27 01:23:57.531172,51.29,hotel,0.1,0
user_577,2025-06-27 01:28:42.531172,25.64,online_retail,0.1,0
user_782,2025-06-27 01:57:45.531172,9.64,online_retail,0.1,0
user_838,2025-06-27 02:08:35.531172,5.0,grocery,0.3,0
user_140,2025-06-27 02:23:33.531172,127.24,online_retail,0.1,0
user_363,2025-06-27 02:48:37.531172,17.39,grocery,0.1,0
user_179,2025-06-27 03:15:35.531172,5.0,online_retail,0.1,0
user_783,2025-06-27 03:19:33.531172,18.92,pharmacy,0.3,0
user_962,2025-06-27 03:44:07.531172,33.29,airline,0.4,0
user_139,2025-06-27 03:44:34.531172,10.95,gas_station,0.1,0
user_173,2025-06-27 04:15:51.531172,5.0,grocery,0.1,0
user_513,2025-06-27 04:24:31.531172,369.67,restaurant,0.7,0
user_883,2025-06-27 04:30:01.531172,147.97,grocery,0.1,0
user_890,2025-06-27 04:41:40.531172,8.85,restaurant,0.1,0
user_521,2025-06-27 05:03:34.531172,27.4,jewelry,0.1,0
user_71,2025-06-27 05:24:45.531172,24.54,entertainment,0.3,0
user_228,2025-06-27 05:31:47.531172,6.92,restaurant,0.1,0
user_884,2025-06-27 05:32:34.531172,9.01,entertainment,0.6,0
user_346,2025-06-27 05:41:01.531172,136.92,restaurant,0.3,0
user_455,2025-06-27 05:47:40.531172,21.43,grocery,0.1,0
user_311,2025-06-27 06:07:56.531172,23.84,airline,0.7,0
user_832,2025-06-27 06:10:54.531172,22.7,gas_station,0.1,0
user_536,2025-06-27 06:28:02.531172,7.45,online_retail,0.6,0
user_392,2025-06-27 07:00:12.531172,65.22,grocery,0.6,0
user_173,2025-06-27 07:15:17.531172,11.04,restaurant,0.3,0
user_833,2025-06-27 07:29:02.531172,9.38,gas_station,0.3,0
user_625,2025-06-27 07:33:50.531172,5.0,pharmacy,0.1,0
user_498,2025-06-27 07:44:40.531172,31.55,electronics,0.3,0
user_747,2025-06-27 07:47:19.531172,42.05,grocery,0.1,0
user_341,2025-06-27 08:06:01.531172,97.49,car_rental,0.1,0
user_131,2025-06-27 08:06:08.531172,11.16,restaurant,0.1,0
user_257,2025-06-27 08:11:35.531172,29.17,hotel,0.3,0
user_268,2025-06-27 08:25:46.531172,339.91,grocery,0.1,0
user_927,2025-06-27 09:04:05.531172,12.29,restaurant,0.1,0
user_209,2025-06-27 09:15:14.531172,251.13,restaurant,0.7,0
user_575,2025-06-27 09:41:55.531172,10.15,gas_station,0.1,0
user_660,2025-06-27 10:14:31.531172,39.42,hotel,0.1,0
user_521,2025-06-27 10:37:06.531172,7.23,online_retail,0.3,0
user_596,2025-06-27 10:38:14.531172,11.05,online_retail,0.1,0
user_872,2025-06-27 11:18:27.531172,19.36,entertainment,0.1,0
user_642,2025-06-27 11:36:11.531172,5.0,grocery,0.1,0
user_729,2025-06-27 11:36:16.531172,5.0,restaurant,0.1,0
user_474,2025-06-27 11:50:04.531172,11.11,gas_station,0.1,0
user_949,2025-06-27 12:01:28.531172,5.5,grocery,0.1,0
user_467,2025-06-27 12:29:21.531172,8.12,entertainment,0.1,0
user_901,2025-06-27 12:29:48.531172,713.78,online_retail,0.6,0
user_708,2025-06-27 12:41:34.531172,5.0,pharmacy,0.6,0
user_661,2025-06-27 12:44:13.531172,5.0,online_retail,0.1,0
user_578,2025-06-27 13:02:31.531172,5.02,hotel,0.3,0
user_721,2025-06-27 13:20:24.531172,5.0,restaurant,0.3,0
user_84,2025-06-27 13:24:36.531172,23.05,grocery,0.1,0
user_117,2025-06-27 13:37:52.531172,35.41,gas_station,0.1,0
user_683,2025-06-27 13:41:57.531172,53.96,jewelry,0.6,0
user_143,2025-06-27 13:50:21.531172,5.0,restaurant,0.1,0
user_316,2025-06-27 13:54:09.531172,23.03,online_retail,0.1,0
user_349,2025-06-27 13:55:27.531172,498.43,department_store,0.1,0
user_654,2025-06-27 13:57:01.531172,512.18,pharmacy,0.1,0
user_658,2025-06-27 14:22:52.531172,29.33,gas_station,0.1,0
user_502,2025-06-27 14:40:54.531172,17.2,airline,0.1,0
user_291,2025-06-27 14:48:13.531172,9.34,department_store,0.3,0
user_207,2025-06-27 14:48:18.531172,15.82,online_retail,0.3,0
user_324,2025-06-27 14:57:58.531172,19.69,grocery,0.6,0
user_816,2025-06-27 15:27:46.531172,12.46,grocery,0.1,0
user_104,2025-06-27 15:55:40.531172,189.15,gas_station,0.1,0
user_441,2025-06-27 15:57:30.531172,33.59,pharmacy,0.3,0
user_602,2025-06-27 16:27:41.531172,12.85,online_retail,0.3,0
user_184,2025-06-27 16:55:59.531172,6.0,gas_station,0.1,0
user_310,2025-06-27 17:59:36.531172,33.23,online_retail,0.3,0
user_880,2025-06-27 18:08:39.531172,5.0,grocery,0.1,0
user_282,2025-06-27 18:17:04.531172,5.0,gas_station,0.1,0
user_52,2025-06-27 18:22:19.531172,177.66,pharmacy,0.1,0
user_662,2025-06-27 18:26:29.531172,5.0,department_store,0.7,0
user_722,2025-06-27 18:39:50.531172,526.34,gas_station,0.7,0
user_660,2025-06-27 18:46:58.531172,26.16,entertainment,0.3,0
user_129,2025-06-27 18:47:58.531172,6.36,entertainment,0.1,0
user_998,2025-06-27 19:11:57.531172,24.55,online_retail,0.1,0
user_84,2025-06-27 19:33:42.531172,143.09,department_store,0.3,0
user_581,2025-06-27 19:36:43.531172,11.04,gas_station,0.6,0
user_895,2025-06-27 19:42:52.531172,5.0,online_retail,0.6,0
user_671,2025-06-27 19:48:56.531172,33.21,gas_station,0.6,0
user_957,2025-06-27 20:31:20.531172,157.85,online_retail,0.6,0
user_836,2025-06-27 21:02:28.531172,9.0,grocery,0.1,0
user_407,2025-06-27 21:05:20.531172,71.89,electronics,0.3,0
user_431,2025-06-27 21:23:29.531172,47.26,entertainment,0.1,0
user_980,2025-06-27 21:26:26.531172,579.05,department_store,0.1,0
user_622,2025-06-27 21:33:50.531172,25.1,grocery,0.1,0
user_957,2025-06-27 21:36:41.531172,68.31,department_store,0.1,0
user_640,2025-06-27 21:58:36.531172,74.27,entertainment,0.3,0
user_809,2025-06-27 22:11:11.531172,5.06,grocery,0.1,0
user_366,2025-06-27 22:23:33.531172,42.54,gas_station,0.3,0
user_572,2025-06-27 22:29:24.531172,35.63,airline,0.1,0
user_152,2025-06-27 22:40:51.531172,5.82,restaurant,0.1,0
user_649,2025-06-27 22:42:34.531172,5.0,department_store,0.1,0
user_491,2025-06-27 22:52:54.531172,5.0,gas_station,0.1,0
user_992,2025-06-27 22:55:20.531172,28.84,department_store,0.6,0
user_339,2025-06-27 22:59:43.531172,16.28,department_store,0.1,0
user_79,2025-06-27 23:10:32.531172,11.68,grocery,0.1,0
user_434,2025-06-27 23:41:23.531172,9.33,grocery,0.1,0
user_406,2025-06-27 23:50:45.531172,10.91,online_retail,0.1,0
user_206,2025-06-27 23:57:00.531172,8.29,online_retail,0.1,0
user_54,2025-06-28 00:02:23.531172,5.0,restaurant,0.1,0
user_176,2025-06-28 00:08:05.531172,31.02,gas_station,0.1,0
user_972,2025-06-28 00:11:12.531172,7.82,restaurant,0.1,0
user_762,2025-06-28 00:29:43.531172,262.19,grocery,0.1,0
user_775,2025-06-28 00:39:33.531172,26.8,car_rental,0.1,0
user_494,2025-06-28 00:48:20.531172,5.0,gas_station,0.1,0
user_371,2025-06-28 00:48:50.531172,5.0,pharmacy,0.1,0
user_302,2025-06-28 00:52:50.531172,6.5,gas_station,0.1,0
user_265,2025-06-28 01:04:18.531172,58.83,restaurant,0.1,0
user_190,2025-06-28 01:30:43.531172,110.87,car_rental,0.1,0
user_503,2025-06-28 01:37:38.531172,21.11,restaurant,0.6,0
user_829,2025-06-28 01:51:03.531172,71.43,online_retail,0.1,0
user_839,2025-06-28 01:59:56.531172,24.6,airline,0.1,0
user_261,2025-06-28 02:17:48.531172,5.33,entertainment,0.3,0
user_578,2025-06-28 02:22:01.531172,62.83,gas_station,0.3,0
user_243,2025-06-28 02:42:37.531172,5.0,department_store,0.1,0
user_759,2025-06-28 03:13:02.531172,682.33,online_retail,0.6,0
user_901,2025-06-28 03:20:54.531172,54.01,department_store,0.3,0
user_482,2025-06-28 04:09:53.531172,15.15,grocery,0.6,0
user_323,2025-06-28 04:21:00.531172,10.31,electronics,0.1,0
user_29,2025-06-28 04:38:45.531172,107.37,department_store,0.6,0
user_28,2025-06-28 04:40:58.531172,14.69,restaurant,0.4,0
user_836,2025-06-28 04:43:26.531172,85.77,department_store,0.6,0
user_807,2025-06-28 04:44:55.531172,43.42,hotel,0.3,0
user_550,2025-06-28 04:46:36.531172,57.61,hotel,0.1,0
user_771,2025-06-28 04:49:04.531172,58.23,grocery,0.3,0
user_528,2025-06-28 05:18:50.531172,25.74,restaurant,0.3,0
user_628,2025-06-28 05:38:03.531172,34.79,entertainment,0.3,0
user_981,2025-06-28 05:42:39.531172,5.0,pharmacy,0.1,0
user_534,2025-06-28 05:59:18.531172,31.46,grocery,0.1,0
user_535,2025-06-28 06:00:14.531172,60.05,restaurant,0.6,0
user_568,2025-06-28 06:04:37.531172,307.08,grocery,0.3,0
user_349,2025-06-28 06:18:11.531172,5.0,gas_station,0.6,0
user_73,2025-06-28 07:30:20.531172,89.39,electronics,0.1,0
user_419,2025-06-28 07:34:53.531172,7.1,gas_station,0.1,0
user_699,2025-06-28 07:42:43.531172,25.72,entertainment,0.1,0
user_992,2025-06-28 07:43:34.531172,28.93,grocery,0.1,0
user_170,2025-06-28 07:57:58.531172,5.0,entertainment,0.1,0
user_65,2025-06-28 08:13:26.531172,22.62,grocery,0.3,0
user_333,2025-06-28 08:36:30.531172,5.0,grocery,0.3,0
user_102,2025-06-28 09:03:20.531172,31.34,hotel,0.3,0
user_857,2025-06-28 09:04:07.531172,38.54,gas_station,0.1,0
user_833,2025-06-28 09:44:19.531172,107.44,restaurant,0.1,0
user_617,2025-06-28 10:00:01.531172,5.0,restaurant,0.1,0
user_840,2025-06-28 10:08:00.531172,83.71,grocery,0.1,0
user_838,2025-06-28 10:21:04.531172,14.56,gas_station,0.1,0
user_841,2025-06-28 10:27:21.531172,14.21,online_retail,0.3,0
user_485,2025-06-28 10:32:43.531172,70.88,gas_station,0.1,0
user_360,2025-06-28 10:34:55.531172,5.0,restaurant,0.4,0
user_655,2025-06-28 10:55:36.531172,6.0,gas_station,0.1,0
user_170,2025-06-28 11:23:37.531172,12.01,pharmacy,0.1,0
user_533,2025-06-28 11:25:14.531172,96.69,gas_station,0.3,0
user_378,2025-06-28 11:44:36.531172,5.0,gas_station,0.1,0
user_584,2025-06-28 11:58:10.531172,5.0,department_store,0.1,0
user_63,2025-06-28 12:04:17.531172,5.0,online_retail,0.1,0
user_683,2025-06-28 12:13:38.531172,65.04,hotel,0.3,0
user_809,2025-06-28 12:28:45.531172,144.4,restaurant,0.4,0
user_529,2025-06-28 12:34:37.531172,33.79,department_store,0.1,0
user_937,2025-06-28 13:31:54.531172,6.43,jewelry,0.1,0
user_193,2025-06-28 13:44:26.531172,5.0,department_store,0.6,0
user_925,2025-06-28 13:48:50.531172,8.87,pharmacy,0.1,0
user_476,2025-06-28 13:52:32.531172,156.38,electronics,0.6,0
user_883,2025-06-28 14:00:57.531172,13.68,restaurant,0.6,0
user_709,2025-06-28 14:14:59.531172,12.13,entertainment,0.3,0
user_444,2025-06-28 14:16:03.531172,64.0,restaurant,0.1,0
user_574,2025-06-28 14:26:11.531172,55.82,department_store,0.6,0
user_645,2025-06-28 14:55:04.531172,10.91,online_retail,0.3,0
user_356,2025-06-28 15:00:38.531172,124.56,grocery,0.1,0
user_869,2025-06-28 15:01:21.531172,13.26,car_rental,0.3,0
user_267,2025-06-28 15:29:11.531172,32.99,department_store,0.1,0
user_32,2025-06-28 15:32:40.531172,5.0,restaurant,0.3,0
user_369,2025-06-28 15:45:30.531172,53.73,car_rental,0.1,0
user_779,2025-06-28 15:45:38.531172,24.9,restaurant,0.1,0
user_829,2025-06-28 15:50:27.531172,14.05,online_retail,0.3,0
user_923,2025-06-28 15:52:47.531172,7.55,grocery,0.1,0
user_602,2025-06-28 15:59:01.531172,25.06,gas_station,0.3,0
user_956,2025-06-28 16:06:25.531172,6.47,gas_station,0.1,0
user_333,2025-06-28 16:09:23.531172,58.74,online_retail,0.4,0
user_938,2025-06-28 16:18:12.531172,12.36,online_retail,0.3,0
user_340,2025-06-28 16:21:38.531172,5.0,entertainment,0.1,0
user_957,2025-06-28 17:08:22.531172,5.0,entertainment,0.3,0
user_116,2025-06-28 17:15:01.531172,28.35,pharmacy,0.6,0
user_641,2025-06-28 17:31:45.531172,52.78,online_retail,0.3,0
user_316,2025-06-28 17:34:51.531172,5.0,online_retail,0.1,0
user_732,2025-06-28 17:35:16.531172,5.0,hotel,0.4,0
user_237,2025-06-28 17:36:37.531172,20.89,grocery,0.1,0
user_401,2025-06-28 17:37:02.531172,111.65,pharmacy,0.1,0
user_510,2025-06-28 17:44:05.531172,726.65,online_retail,0.6,0
user_804,2025-06-28 17:45:53.531172,16.68,restaurant,0.1,0
user_130,2025-06-28 17:52:59.531172,56.04,entertainment,0.9,1
user_99,2025-06-28 17:58:32.531172,537.89,restaurant,0.1,0
user_981,2025-06-28 18:13:49.531172,18.87,gas_station,0.1,0
user_486,2025-06-28 18:44:42.531172,48.21,grocery,0.3,0
user_947,2025-06-28 18:49:48.531172,6.13,restaurant,0.1,0
user_296,2025-06-28 18:52:21.531172,79.96,restaurant,0.1,0
user_993,2025-06-28 19:02:41.531172,41.05,grocery,0.1,0
user_796,2025-06-28 19:23:47.531172,47.02,restaurant,0.6,0
user_238,2025-06-28 19:54:48.531172,341.26,grocery,0.1,0
user_364,2025-06-28 20:05:30.531172,36.58,entertainment,0.1,0
user_441,2025-06-28 20:24:01.531172,21.53,online_retail,0.3,0
user_830,2025-06-28 20:31:24.531172,82.73,hotel,0.1,0
user_696,2025-06-28 20:48:51.531172,5.0,entertainment,0.1,0
user_331,2025-06-28 20:49:30.531172,177.76,online_retail,0.1,0
user_541,2025-06-28 20:57:41.531172,20.88,grocery,0.4,0
user_652,2025-06-28 20:59:44.531172,13.39,gas_station,0.1,0
user_984,2025-06-28 21:00:09.531172,92.75,restaurant,0.3,0
user_363,2025-06-28 21:34:30.531172,10.79,gas_station,0.1,0
user_257,2025-06-28 21:40:47.531172,26.12,grocery,0.6,0
user_729,2025-06-28 22:04:31.531172,5.0,pharmacy,0.3,0
user_795,2025-06-28 22:29:12.531172,65.76,department_store,0.1,0
user_679,2025-06-28 22:40:33.531172,5.0,hotel,0.6,0
user_249,2025-06-28 22:49:35.531172,9.11,restaurant,0.1,0
user_26,2025-06-28 22:52:17.531172,14.08,pharmacy,0.1,0
user_610,2025-06-28 23:13:15.531172,14.56,restaurant,0.1,0
user_76,2025-06-28 23:15:57.531172,37.05,online_retail,0.1,0
user_539,2025-06-28 23:26:30.531172,23.3,gas_station,0.1,0
user_624,2025-06-28 23:32:37.531172,19.65,restaurant,0.1,0
user_805,2025-06-28 23:53:24.531172,13.23,grocery,0.1,0
user_105,2025-06-28 23:58:59.531172,11.69,grocery,0.6,0
user_336,2025-06-29 00:02:40.531172,27.11,gas_station,0.1,0
user_340,2025-06-29 00:03:36.531172,5.73,restaurant,0.3,0
user_151,2025-06-29 00:09:19.531172,5.42,grocery,0.4,0
user_484,2025-06-29 00:34:19.531172,20.04,grocery,0.1,0
user_92,2025-06-29 00:42:14.531172,69.4,pharmacy,0.1,0
user_715,2025-06-29 00:48:19.531172,64.78,entertainment,0.1,0
user_560,2025-06-29 00:50:08.531172,14.34,grocery,0.1,0
user_702,2025-06-29 00:51:24.531172,16.11,electronics,0.6,0
user_1000,2025-06-29 00:52:46.531172,46.51,department_store,0.3,0
user_988,2025-06-29 00:56:22.531172,5.0,restaurant,0.6,0
user_783,2025-06-29 01:02:51.531172,15.8,restaurant,0.1,0
user_150,2025-06-29 01:13:48.531172,18.27,online_retail,0.3,0
user_694,2025-06-29 01:15:34.531172,5.0,grocery,0.1,0
user_530,2025-06-29 02:11:32.531172,10.38,gas_station,0.1,0
user_480,2025-06-29 03:31:10.531172,15.27,department_store,0.1,0
user_581,2025-06-29 03:54:20.531172,16.08,airline,0.1,0
user_176,2025-06-29 04:13:25.531172,182.91,gas_station,0.1,0
user_255,2025-06-29 04:31:33.531172,56.88,grocery,0.1,0
user_50,2025-06-29 04:46:23.531172,5.0,hotel,0.1,0
user_369,2025-06-29 04:51:43.531172,84.23,grocery,0.1,0
user_142,2025-06-29 05:15:51.531172,24.87,department_store,0.3,0
user_551,2025-06-29 05:47:29.531172,63.92,gas_station,0.1,0
user_981,2025-06-29 05:56:06.531172,57.73,department_store,0.1,0
user_142,2025-06-29 06:07:53.531172,5.0,pharmacy,0.1,0
user_991,2025-06-29 06:22:56.531172,138.03,restaurant,0.1,0
user_961,2025-06-29 06:30:09.531172,5.0,department_store,0.1,0
user_274,2025-06-29 06:32:25.531172,63.55,gas_station,0.1,0
user_833,2025-06-29 06:37:11.531172,226.37,entertainment,0.3,0
user_878,2025-06-29 06:39:02.531172,40.51,department_store,0.3,0
user_850,2025-06-29 06:59:57.531172,17.58,grocery,0.3,0
user_51,2025-06-29 07:29:34.531172,16.37,department_store,0.1,0
user_842,2025-06-29 07:39:29.531172,48.8,online_retail,0.3,0
user_56,2025-06-29 08:55:26.531172,87.87,grocery,0.3,0
user_479,2025-06-29 09:40:31.531172,5.0,grocery,0.1,0
user_105,2025-06-29 10:13:22.531172,18.79,grocery,0.1,0
user_678,2025-06-29 10:14:37.531172,37.14,department_store,0.1,0
user_673,2025-06-29 10:15:13.531172,14.51,online_retail,0.1,0
user_342,2025-06-29 10:23:02.531172,35.97,department_store,0.1,0
user_277,2025-06-29 10:40:03.531172,304.09,online_retail,0.1,0
user_181,2025-06-29 10:43:10.531172,10.09,hotel,0.1,0
user_517,2025-06-29 10:45:31.531172,37.77,entertainment,0.1,0
user_711,2025-06-29 11:07:04.531172,131.58,department_store,0.3,0
user_229,2025-06-29 11:15:04.531172,11.07,department_store,0.1,0
user_6,2025-06-29 11:19:27.531172,26.77,department_store,0.3,0
user_331,2025-06-29 11:20:58.531172,18.65,department_store,0.1,0
user_65,2025-06-29 11:31:13.531172,166.36,online_retail,0.1,0
user_412,2025-06-29 11:52:07.531172,66.19,entertainment,0.1,0
user_921,2025-06-29 11:56:19.531172,14.14,restaurant,0.6,0
user_193,2025-06-29 11:58:46.531172,726.45,grocery,0.1,0
user_233,2025-06-29 12:06:46.531172,5.05,grocery,0.6,0
user_861,2025-06-29 12:08:39.531172,83.41,entertainment,0.7,1
user_464,2025-06-29 12:19:13.531172,118.55,online_retail,0.1,0
user_623,2025-06-29 12:59:35.531172,219.08,online_retail,0.1,0
user_59,2025-06-29 13:47:43.531172,7.14,airline,0.6,0
user_212,2025-06-29 13:49:12.531172,10.62,online_retail,0.1,0
user_356,2025-06-29 14:01:04.531172,44.96,online_retail,0.6,0
user_75,2025-06-29 14:20:11.531172,7.97,entertainment,0.1,0
user_400,2025-06-29 14:45:17.531172,64.59,gas_station,0.1,0
user_596,2025-06-29 14:49:20.531172,13.72,pharmacy,0.1,0
user_658,2025-06-29 14:59:16.531172,5.0,gas_station,0.3,0
user_354,2025-06-29 15:19:19.531172,29.95,grocery,0.1,0
user_685,2025-06-29 15:35:25.531172,266.95,grocery,0.1,0
user_735,2025-06-29 15:41:56.531172,16.07,department_store,0.6,0
user_754,2025-06-29 15:56:48.531172,62.69,car_rental,0.1,0
user_991,2025-06-29 16:15:43.531172,5.0,pharmacy,0.1,0
user_948,2025-06-29 16:18:51.531172,15.63,gas_station,0.3,0
user_869,2025-06-29 16:22:56.531172,119.8,grocery,0.1,0
user_87,2025-06-29 17:16:12.531172,26.72,pharmacy,0.1,0
user_799,2025-06-29 17:40:51.531172,38.93,restaurant,0.3,0
user_627,2025-06-29 17:41:13.531172,5.0,airline,0.1,0
user_340,2025-06-29 18:05:10.531172,9.46,grocery,0.1,0
user_990,2025-06-29 18:09:07.531172,28.82,entertainment,0.7,1
user_937,2025-06-29 18:15:17.531172,185.98,restaurant,0.1,0
user_825,2025-06-29 18:16:04.531172,6.7,car_rental,0.3,0
user_711,2025-06-29 18:24:49.531172,22.99,restaurant,0.3,0
user_221,2025-06-29 18:33:47.531172,75.78,gas_station,0.1,0
user_784,2025-06-29 18:35:24.531172,60.44,jewelry,0.1,0
user_993,2025-06-29 18:45:13.531172,35.79,department_store,0.1,0
user_620,2025-06-29 18:46:21.531172,5.0,gas_station,0.3,0
user_162,2025-06-29 18:50:41.531172,23.66,grocery,0.3,0
user_656,2025-06-29 19:07:30.531172,85.56,online_retail,0.1,0
user_645,2025-06-29 19:09:43.531172,520.68,car_rental,0.3,0
user_910,2025-06-29 19:10:00.531172,56.29,grocery,0.6,0
user_639,2025-06-29 19:23:51.531172,9.84,grocery,0.1,0
user_443,2025-06-29 19:55:18.531172,14.2,entertainment,0.1,0
user_998,2025-06-29 19:55:27.531172,49.34,grocery,0.1,0
user_353,2025-06-29 20:12:14.531172,29.25,grocery,0.1,0
user_433,2025-06-29 20:29:39.531172,40.73,grocery,0.3,0
user_101,2025-06-29 20:32:42.531172,60.68,restaurant,0.1,0
user_743,2025-06-29 20:35:07.531172,27.96,grocery,0.1,0
user_311,2025-06-29 20:45:00.531172,5.0,grocery,0.3,0
user_448,2025-06-29 20:49:37.531172,5.0,restaurant,0.3,0
user_959,2025-06-29 21:01:39.531172,18.02,grocery,0.1,0
user_791,2025-06-29 21:04:42.531172,5.0,grocery,0.7,0
user_989,2025-06-29 21:14:16.531172,5.0,restaurant,0.3,0
user_944,2025-06-29 21:39:52.531172,5.0,grocery,0.1,0
user_198,2025-06-29 21:40:50.531172,37.32,hotel,0.1,0
user_850,2025-06-29 21:51:05.531172,5.0,restaurant,0.7,0
user_546,2025-06-29 21:57:33.531172,200.23,grocery,0.1,0
user_764,2025-06-29 22:08:30.531172,128.93,pharmacy,0.4,0
user_185,2025-06-29 22:12:31.531172,5.23,hotel,0.1,0
user_640,2025-06-29 22:12:58.531172,54.5,gas_station,0.1,0
user_855,2025-06-29 22:27:10.531172,48.69,department_store,0.1,0
user_188,2025-06-29 22:31:50.531172,28.89,electronics,0.1,0
user_455,2025-06-29 22:48:37.531172,38.42,restaurant,0.1,0
user_352,2025-06-29 23:14:11.531172,11.17,entertainment,0.1,0
user_931,2025-06-30 00:00:56.531172,18.45,online_retail,0.1,0
user_652,2025-06-30 00:04:13.531172,5.0,restaurant,0.3,0
user_767,2025-06-30 00:06:06.531172,35.47,airline,0.1,0
user_802,2025-06-30 00:20:01.531172,5.0,hotel,0.3,0
user_844,2025-06-30 00:24:32.531172,5.0,entertainment,0.1,0
user_893,2025-06-30 00:27:30.531172,72.99,restaurant,0.1,0
user_35,2025-06-30 00:27:54.531172,127.35,restaurant,0.1,0
user_571,2025-06-30 00:28:53.531172,5.0,grocery,0.1,0
user_760,2025-06-30 00:31:36.531172,5.0,gas_station,0.3,0
user_61,2025-06-30 00:56:03.531172,5.0,restaurant,0.6,0
user_269,2025-06-30 01:00:44.531172,84.29,grocery,0.1,0
user_669,2025-06-30 01:02:57.531172,29.45,grocery,0.1,0
user_857,2025-06-30 01:22:45.531172,14.44,grocery,0.3,0
user_751,2025-06-30 01:25:12.531172,5.93,gas_station,0.1,0
user_90,2025-06-30 01:38:25.531172,8.76,grocery,0.1,0
user_433,2025-06-30 02:45:41.531172,5.24,entertainment,0.7,0
user_263,2025-06-30 02:56:51.531172,35.54,pharmacy,0.1,0
user_153,2025-06-30 03:06:20.531172,13.76,gas_station,0.1,0
user_425,2025-06-30 03:10:37.531172,28.23,grocery,0.1,0
user_801,2025-06-30 03:37:15.531172,55.57,hotel,0.1,0
user_346,2025-06-30 03:59:19.531172,57.07,grocery,0.6,0
user_550,2025-06-30 04:02:31.531172,13.72,grocery,0.3,0
user_255,2025-06-30 04:25:37.531172,64.74,pharmacy,0.1,0
user_382,2025-06-30 04:34:02.531172,62.5,entertainment,0.9,0
user_795,2025-06-30 04:50:45.531172,70.51,gas_station,0.3,0
user_941,2025-06-30 05:07:27.531172,31.37,grocery,0.1,0
user_803,2025-06-30 05:33:44.531172,17.95,gas_station,0.1,0
user_800,2025-06-30 05:44:50.531172,34.08,online_retail,0.4,0
user_924,2025-06-30 05:45:43.531172,324.29,gas_station,0.1,0
user_981,2025-06-30 06:32:50.531172,8.15,entertainment,0.1,0
user_256,2025-06-30 06:33:14.531172,5.87,grocery,0.1,0
user_940,2025-06-30 06:50:44.531172,7.17,grocery,0.6,0
user_996,2025-06-30 06:55:31.531172,125.2,grocery,0.1,0
user_979,2025-06-30 06:58:15.531172,6.78,car_rental,0.6,0
user_583,2025-06-30 07:01:36.531172,15.14,airline,0.1,0
user_416,2025-06-30 07:07:38.531172,5.0,grocery,0.1,0
user_222,2025-06-30 07:33:30.531172,65.73,entertainment,0.3,0
user_944,2025-06-30 07:43:46.531172,39.19,department_store,0.1,0
user_634,2025-06-30 07:44:37.531172,137.41,department_store,0.1,0
user_427,2025-06-30 08:35:06.531172,12.88,restaurant,0.6,0
user_347,2025-06-30 08:37:14.531172,5.0,restaurant,0.1,0
user_212,2025-06-30 08:40:11.531172,5.0,grocery,0.3,0
user_177,2025-06-30 09:09:19.531172,5.0,gas_station,0.3,0
user_380,2025-06-30 09:15:03.531172,5.0,pharmacy,0.1,0
user_221,2025-06-30 09:20:28.531172,41.68,gas_station,0.3,0
user_497,2025-06-30 09:27:34.531172,4636.59,entertainment,0.6,1
user_214,2025-06-30 09:45:16.531172,171.95,gas_station,0.1,0
user_235,2025-06-30 10:12:34.531172,5.04,gas_station,0.1,0
user_353,2025-06-30 10:17:47.531172,24.27,restaurant,0.1,0
user_651,2025-06-30 10:20:09.531172,6.94,restaurant,0.1,0
user_604,2025-06-30 10:49:25.531172,25.41,department_store,0.1,0
user_763,2025-06-30 11:06:10.531172,137.77,restaurant,0.1,0
user_976,2025-06-30 11:17:09.531172,44.0,pharmacy,0.1,0
user_912,2025-06-30 11:45:57.531172,42.97,entertainment,0.1,0
user_382,2025-06-30 12:00:43.531172,76.99,restaurant,0.6,0
user_628,2025-06-30 12:06:38.531172,5.0,restaurant,0.1,0
user_307,2025-06-30 12:07:25.531172,5.0,entertainment,0.6,0
user_661,2025-06-30 12:10:53.531172,16.71,online_retail,0.1,0
user_770,2025-06-30 12:12:57.531172,8.27,online_retail,0.1,0
user_696,2025-06-30 12:31:01.531172,93.55,pharmacy,0.4,0
user_259,2025-06-30 12:35:41.531172,31.08,grocery,0.1,0
user_200,2025-06-30 12:35:54.531172,66.47,hotel,0.1,0
user_749,2025-06-30 12:39:51.531172,17.31,restaurant,0.1,0
user_536,2025-06-30 12:58:49.531172,9.41,restaurant,0.6,0
user_455,2025-06-30 13:10:43.531172,50.25,hotel,0.6,0
user_987,2025-06-30 13:17:42.531172,8.85,restaurant,0.4,0
user_498,2025-06-30 14:28:47.531172,5.82,grocery,0.3,0
user_378,2025-06-30 14:46:10.531172,5.0,department_store,0.3,0
user_93,2025-06-30 15:04:47.531172,44.25,gas_station,0.3,0
user_173,2025-06-30 15:19:58.531172,20.2,grocery,0.1,0
user_288,2025-06-30 15:34:40.531172,19.31,hotel,0.6,0
user_80,2025-06-30 15:43:39.531172,35.78,restaurant,0.3,0
user_56,2025-06-30 15:47:50.531172,59.73,gas_station,0.1,0
user_927,2025-06-30 16:01:53.531172,5.0,restaurant,0.3,0
user_228,2025-06-30 16:03:51.531172,6.93,department_store,0.1,0
user_861,2025-06-30 16:04:22.531172,30.25,restaurant,0.1,0
user_883,2025-06-30 16:07:23.531172,40.53,gas_station,0.1,0
user_663,2025-06-30 16:11:00.531172,224.85,airline,0.6,0
user_561,2025-06-30 16:12:07.531172,5.0,online_retail,0.4,0
user_212,2025-06-30 16:23:57.531172,9.22,gas_station,0.6,0
user_323,2025-06-30 16:23:58.531172,26.69,grocery,0.1,0
user_143,2025-06-30 16:50:45.531172,5.0,grocery,0.3,0
user_413,2025-06-30 16:59:47.531172,27.46,online_retail,0.1,0
user_901,2025-06-30 17:05:09.531172,14.3,pharmacy,0.1,0
user_341,2025-06-30 17:47:08.531172,72.36,restaurant,0.1,0
user_416,2025-06-30 18:02:38.531172,5.0,car_rental,0.1,0
user_66,2025-06-30 18:37:13.531172,9.27,online_retail,0.1,0
user_443,2025-06-30 18:50:37.531172,5.0,gas_station,0.1,0
user_77,2025-06-30 19:04:35.531172,21.66,jewelry,0.1,0
user_754,2025-06-30 19:40:51.531172,157.82,grocery,0.1,0
user_922,2025-06-30 19:45:39.531172,5.0,jewelry,0.7,0
user_689,2025-06-30 19:58:37.531172,28.48,online_retail,0.1,0
user_96,2025-06-30 20:04:21.531172,74.89,gas_station,0.1,0
user_652,2025-06-30 20:18:29.531172,2812.65,entertainment,0.9,1
user_120,2025-06-30 21:03:15.531172,6.38,department_store,0.1,0
user_982,2025-06-30 21:17:46.531172,135.44,restaurant,0.1,0
user_71,2025-06-30 21:20:09.531172,37.12,grocery,0.1,0
user_188,2025-06-30 21:42:27.531172,69.14,gas_station,0.1,0
user_343,2025-06-30 21:47:26.531172,13.52,online_retail,0.3,0
user_797,2025-06-30 22:07:04.531172,21.87,electronics,0.1,0
user_648,2025-06-30 22:12:44.531172,11.11,grocery,0.1,0
user_102,2025-06-30 22:46:57.531172,263.14,restaurant,0.6,0
user_679,2025-06-30 23:11:40.531172,10.15,online_retail,0.4,0
user_790,2025-06-30 23:26:00.531172,5.0,restaurant,0.3,0
user_532,2025-06-30 23:49:35.531172,5.0,department_store,0.6,0
user_389,2025-07-01 00:21:47.531172,5.0,online_retail,0.1,0
user_313,2025-07-01 00:59:46.531172,10.3,restaurant,0.3,0
user_683,2025-07-01 01:09:58.531172,119.86,pharmacy,0.1,0
user_771,2025-07-01 01:21:20.531172,14.43,grocery,0.1,0
user_812,2025-07-01 01:29:17.531172,15.02,gas_station,0.3,0
user_574,2025-07-01 01:30:05.531172,5.0,grocery,0.3,0
user_730,2025-07-01 01:50:56.531172,102.14,restaurant,0.7,0
user_714,2025-07-01 02:45:18.531172,505.46,gas_station,0.3,0
user_603,2025-07-01 02:52:34.531172,5.0,gas_station,0.1,0
user_550,2025-07-01 03:01:05.531172,5.0,electronics,0.1,0
user_430,2025-07-01 03:23:58.531172,38.81,entertainment,0.6,0
user_782,2025-07-01 03:27:20.531172,22.58,online_retail,0.1,0
user_589,2025-07-01 03:31:10.531172,5.02,department_store,0.3,0
user_444,2025-07-01 03:40:24.531172,5.0,online_retail,0.1,0
user_764,2025-07-01 03:42:14.531172,6.42,jewelry,0.1,0
user_610,2025-07-01 03:45:46.531172,8.3,entertainment,0.1,0
user_144,2025-07-01 04:01:50.531172,35.78,department_store,0.3,0
user_426,2025-07-01 04:28:06.531172,78.76,restaurant,0.1,0
user_405,2025-07-01 04:41:30.531172,55.16,restaurant,0.3,0
user_617,2025-07-01 05:12:06.531172,5.0,restaurant,0.3,0
user_802,2025-07-01 05:35:15.531172,30.71,grocery,0.1,0
user_207,2025-07-01 05:43:15.531172,86.37,grocery,0.1,0
user_556,2025-07-01 05:49:48.531172,20.11,entertainment,0.1,0
user_850,2025-07-01 06:01:16.531172,6.6,gas_station,0.6,0
user_93,2025-07-01 06:03:20.531172,82.02,online_retail,0.6,0
user_44,2025-07-01 06:16:08.531172,5.0,pharmacy,0.1,0
user_198,2025-07-01 06:22:13.531172,10.98,grocery,0.1,0
user_83,2025-07-01 07:11:51.531172,262.03,electronics,0.1,0
user_94,2025-07-01 07:19:55.531172,5.0,entertainment,0.3,0
user_420,2025-07-01 07:31:39.531172,118.25,grocery,0.1,0
user_681,2025-07-01 07:54:38.531172,304.36,entertainment,0.3,0
user_836,2025-07-01 07:59:02.531172,62.19,gas_station,0.1,0
user_274,2025-07-01 08:23:34.531172,34.38,grocery,0.4,0
user_67,2025-07-01 08:42:10.531172,8.69,gas_station,0.1,0
user_651,2025-07-01 08:43:47.531172,176.4,pharmacy,0.1,0
user_677,2025-07-01 08:51:09.531172,6.87,department_store,0.1,0
user_752,2025-07-01 09:13:36.531172,5.0,hotel,0.3,0
user_221,2025-07-01 09:16:26.531172,31.13,entertainment,0.6,0
user_767,2025-07-01 09:37:36.531172,34.85,grocery,0.1,0
user_753,2025-07-01 09:49:56.531172,5.0,pharmacy,0.3,0
user_469,2025-07-01 10:21:29.531172,43.2,restaurant,0.4,0
user_527,2025-07-01 11:13:38.531172,23.09,gas_station,0.3,0
user_761,2025-07-01 11:56:40.531172,16.34,entertainment,0.6,0
user_840,2025-07-01 11:59:07.531172,5.0,hotel,0.1,0
user_373,2025-07-01 12:07:18.531172,5.0,pharmacy,0.1,0
user_287,2025-07-01 12:07:21.531172,28.44,gas_station,0.3,0
user_695,2025-07-01 12:16:49.531172,59.66,online_retail,0.6,0
user_290,2025-07-01 12:29:37.531172,43.26,hotel,0.6,0
user_681,2025-07-01 12:48:12.531172,103.97,restaurant,0.1,0
user_864,2025-07-01 12:53:12.531172,14.7,online_retail,0.1,0
user_500,2025-07-01 13:02:25.531172,2000.0,airline,0.1,0
user_528,2025-07-01 13:05:31.531172,9.36,gas_station,0.3,0
user_447,2025-07-01 13:06:31.531172,147.27,department_store,0.1,0
user_189,2025-07-01 13:55:25.531172,29.99,grocery,0.1,0
user_643,2025-07-01 14:51:14.531172,68.54,department_store,0.1,0
user_430,2025-07-01 14:55:31.531172,68.99,gas_station,0.4,0
user_619,2025-07-01 15:19:36.531172,5.0,department_store,0.1,0
user_608,2025-07-01 15:31:05.531172,10.39,gas_station,0.3,0
user_848,2025-07-01 15:33:14.531172,16.95,entertainment,0.1,0
user_468,2025-07-01 16:04:51.531172,7.68,department_store,0.9,0
user_308,2025-07-01 16:28:27.531172,19.95,entertainment,0.1,0
user_817,2025-07-01 16:35:26.531172,11.85,gas_station,0.3,0
user_415,2025-07-01 16:38:54.531172,552.49,electronics,0.6,0
user_348,2025-07-01 17:02:03.531172,94.24,department_store,0.1,0
user_386,2025-07-01 17:08:42.531172,59.18,car_rental,0.3,0
user_793,2025-07-01 17:30:16.531172,22.57,grocery,0.3,0
user_965,2025-07-01 17:47:06.531172,5.0,entertainment,0.1,0
user_14,2025-07-01 17:48:13.531172,13.99,gas_station,0.9,0
user_821,2025-07-01 17:48:29.531172,30.72,grocery,0.6,0
user_216,2025-07-01 17:58:20.531172,20.86,grocery,0.1,0
user_179,2025-07-01 18:16:04.531172,20.58,grocery,0.3,0
user_701,2025-07-01 18:31:56.531172,17.24,pharmacy,0.3,0
user_945,2025-07-01 18:44:01.531172,23.09,online_retail,0.6,0
user_361,2025-07-01 18:49:14.531172,52.19,entertainment,0.1,0
user_331,2025-07-01 19:11:17.531172,59.55,gas_station,0.1,0
user_400,2025-07-01 19:22:56.531172,10.82,online_retail,0.6,0
user_436,2025-07-01 19:24:26.531172,8.86,gas_station,0.1,0
user_330,2025-07-01 19:30:37.531172,32.47,grocery,0.1,0
user_551,2025-07-01 20:07:55.531172,33.15,grocery,0.3,0
user_64,2025-07-01 20:11:28.531172,12.52,grocery,0.3,0
user_104,2025-07-01 20:16:04.531172,6.46,department_store,0.1,0
user_900,2025-07-01 20:50:34.531172,10.03,entertainment,0.1,0
user_744,2025-07-01 21:16:32.531172,83.85,online_retail,0.1,0
user_434,2025-07-01 21:31:44.531172,32.76,restaurant,0.6,0
user_985,2025-07-01 21:35:02.531172,31.48,jewelry,0.1,0
user_742,2025-07-01 21:39:52.531172,17.79,restaurant,0.1,0
user_584,2025-07-01 21:46:05.531172,425.84,department_store,0.1,0
user_729,2025-07-01 21:55:31.531172,53.89,pharmacy,0.1,0
user_540,2025-07-01 22:01:20.531172,11.52,gas_station,0.6,0
user_649,2025-07-01 22:13:32.531172,181.21,online_retail,0.1,0
user_170,2025-07-01 22:27:51.531172,5.0,grocery,0.3,0
user_71,2025-07-01 22:37:24.531172,18.76,grocery,0.1,0
user_633,2025-07-01 22:46:58.531172,17.05,restaurant,0.1,0
user_475,2025-07-01 22:47:59.531172,575.63,restaurant,0.1,0
user_454,2025-07-01 23:00:34.531172,12.81,car_rental,0.1,0
user_23,2025-07-01 23:08:07.531172,20.06,airline,0.1,0
user_881,2025-07-01 23:32:50.531172,243.27,restaurant,0.1,0
user_64,2025-07-01 23:54:55.531172,5.0,gas_station,0.1,0
user_856,2025-07-02 00:05:53.531172,936.31,department_store,0.6,0
user_782,2025-07-02 00:15:10.531172,15.77,grocery,0.1,0
user_388,2025-07-02 00:44:29.531172,136.32,restaurant,0.6,0
user_583,2025-07-02 01:32:11.531172,5.03,department_store,0.3,0
user_713,2025-07-02 01:38:08.531172,38.63,online_retail,0.6,0
user_563,2025-07-02 01:53:34.531172,76.25,online_retail,0.1,0
user_119,2025-07-02 02:07:06.531172,10.61,gas_station,0.6,0
user_186,2025-07-02 02:10:55.531172,119.12,online_retail,0.1,0
user_889,2025-07-02 02:11:33.531172,80.14,pharmacy,0.1,0
user_57,2025-07-02 02:17:19.531172,32.44,hotel,0.1,0
user_933,2025-07-02 02:18:15.531172,47.09,grocery,0.1,0
user_199,2025-07-02 02:28:38.531172,92.13,jewelry,0.9,1
user_270,2025-07-02 02:32:25.531172,82.81,gas_station,0.1,0
user_227,2025-07-02 02:42:52.531172,20.67,entertainment,0.6,0
user_900,2025-07-02 02:55:44.531172,32.66,car_rental,0.1,0
user_9,2025-07-02 02:59:05.531172,8.88,restaurant,0.1,0
user_378,2025-07-02 03:00:05.531172,17.46,grocery,0.6,0
user_94,2025-07-02 03:10:36.531172,12.25,hotel,0.9,0
user_718,2025-07-02 03:28:29.531172,86.89,department_store,0.1,0
user_975,2025-07-02 03:31:54.531172,18.47,grocery,0.3,0
user_472,2025-07-02 03:46:07.531172,11.15,airline,0.1,0
user_99,2025-07-02 03:49:53.531172,5.0,restaurant,0.1,0
user_914,2025-07-02 03:54:13.531172,114.95,gas_station,0.3,0
user_664,2025-07-02 04:02:30.531172,52.3,restaurant,0.1,0
user_248,2025-07-02 04:14:30.531172,58.55,hotel,0.1,0
user_191,2025-07-02 04:22:09.531172,193.93,online_retail,0.3,0
user_338,2025-07-02 04:29:13.531172,11.36,airline,0.3,0
user_195,2025-07-02 04:38:49.531172,22.35,restaurant,0.1,0
user_890,2025-07-02 04:44:40.531172,156.77,hotel,0.3,0
user_966,2025-07-02 04:53:54.531172,9.43,grocery,0.4,0
user_877,2025-07-02 05:10:16.531172,122.49,department_store,0.3,0
user_406,2025-07-02 05:17:34.531172,676.29,online_retail,0.1,0
user_26,2025-07-02 05:24:03.531172,9.05,grocery,0.1,0
user_212,2025-07-02 05:47:05.531172,5.64,gas_station,0.1,0
user_776,2025-07-02 06:34:16.531172,111.09,restaurant,0.4,0
user_573,2025-07-02 06:51:49.531172,5.0,entertainment,0.1,0
user_663,2025-07-02 06:53:20.531172,19.87,gas_station,0.3,0
user_102,2025-07-02 07:39:12.531172,18.82,restaurant,0.4,0
user_562,2025-07-02 07:43:41.531172,28.93,gas_station,0.1,0
user_677,2025-07-02 08:37:30.531172,715.45,grocery,0.1,0
user_352,2025-07-02 08:46:06.531172,71.74,grocery,0.1,0
user_547,2025-07-02 08:57:06.531172,5.0,online_retail,0.1,0
user_73,2025-07-02 09:25:56.531172,85.19,department_store,0.6,0
user_782,2025-07-02 09:35:43.531172,5.0,gas_station,0.3,0
user_37,2025-07-02 09:45:18.531172,5.0,department_store,0.3,0
user_581,2025-07-02 09:53:04.531172,29.5,jewelry,0.1,0
user_387,2025-07-02 09:57:03.531172,106.49,airline,0.1,0
user_426,2025-07-02 10:03:19.531172,28.76,restaurant,0.1,0
user_38,2025-07-02 10:03:22.531172,42.26,electronics,0.6,1
user_186,2025-07-02 10:05:52.531172,79.05,hotel,0.3,0
user_997,2025-07-02 10:14:31.531172,15.41,restaurant,0.3,0
user_281,2025-07-02 10:24:04.531172,5.0,gas_station,0.3,0
user_720,2025-07-02 10:42:24.531172,26.85,restaurant,0.6,0
user_58,2025-07-02 10:56:42.531172,546.41,grocery,0.6,0
user_926,2025-07-02 10:57:46.531172,33.38,grocery,0.1,0
user_553,2025-07-02 10:58:40.531172,26.5,online_retail,0.1,0
user_839,2025-07-02 11:06:23.531172,5.29,grocery,0.3,0
user_45,2025-07-02 11:08:57.531172,5.0,pharmacy,0.6,0
user_148,2025-07-02 11:17:12.531172,26.28,pharmacy,0.1,0
user_232,2025-07-02 11:20:24.531172,1483.85,electronics,0.7,1
user_298,2025-07-02 11:32:07.531172,6.67,gas_station,0.6,0
user_920,2025-07-02 11:47:30.531172,72.66,online_retail,0.1,0
user_143,2025-07-02 11:53:26.531172,5.0,restaurant,0.1,0
user_572,2025-07-02 11:57:43.531172,5.0,restaurant,0.7,0
user_435,2025-07-02 12:14:54.531172,9.02,grocery,0.1,0
user_279,2025-07-02 12:20:57.531172,5.0,hotel,0.1,0
user_914,2025-07-02 12:23:48.531172,26.31,gas_station,0.3,0
user_670,2025-07-02 13:18:31.531172,85.66,gas_station,0.3,0
user_645,2025-07-02 13:26:07.531172,5.0,jewelry,0.4,0
user_38,2025-07-02 13:30:08.531172,321.84,gas_station,0.1,0
user_658,2025-07-02 13:43:36.531172,8.89,grocery,0.1,0
user_588,2025-07-02 14:46:20.531172,59.42,jewelry,0.1,0
user_132,2025-07-02 15:12:20.531172,5.0,pharmacy,0.1,0
user_485,2025-07-02 15:20:00.531172,67.62,grocery,0.1,0
user_232,2025-07-02 15:32:33.531172,17.41,entertainment,0.4,0
user_826,2025-07-02 15:54:20.531172,10.12,online_retail,0.3,0
user_341,2025-07-02 15:59:47.531172,24.06,jewelry,0.7,1
user_316,2025-07-02 16:04:39.531172,80.22,electronics,0.7,1
user_267,2025-07-02 16:08:47.531172,5.0,restaurant,0.6,0
user_306,2025-07-02 16:28:05.531172,16.01,entertainment,0.6,0
user_904,2025-07-02 16:46:07.531172,5.0,grocery,0.3,0
user_158,2025-07-02 16:47:25.531172,28.54,grocery,0.1,0
user_427,2025-07-02 17:01:44.531172,62.38,online_retail,0.9,1
user_592,2025-07-02 17:43:22.531172,208.0,restaurant,0.1,0
user_632,2025-07-02 17:51:12.531172,67.83,electronics,0.7,1
user_239,2025-07-02 17:56:36.531172,118.14,jewelry,0.1,0
user_935,2025-07-02 18:25:31.531172,56.5,restaurant,0.1,0
user_698,2025-07-02 18:28:29.531172,80.04,restaurant,0.1,0
user_315,2025-07-02 18:49:03.531172,5.0,pharmacy,0.3,0
user_175,2025-07-02 18:50:41.531172,5.38,grocery,0.6,0
user_540,2025-07-02 18:53:44.531172,13.09,jewelry,0.1,0
user_566,2025-07-02 19:31:48.531172,8.12,electronics,0.9,1
user_882,2025-07-02 19:57:26.531172,5.92,grocery,0.6,0
user_153,2025-07-02 20:05:47.531172,5.0,pharmacy,0.1,0
user_472,2025-07-02 20:28:51.531172,5.0,gas_station,0.6,0
user_364,2025-07-02 20:32:14.531172,223.28,gas_station,0.3,0
user_205,2025-07-02 20:33:09.531172,5.0,department_store,0.1,0
user_376,2025-07-02 20:58:20.531172,6.09,department_store,0.1,0
user_326,2025-07-02 21:14:13.531172,5.0,online_retail,0.1,0
user_652,2025-07-02 21:21:25.531172,119.9,restaurant,0.1,0
user_407,2025-07-02 21:54:28.531172,28.38,gas_station,0.1,0
user_563,2025-07-02 22:00:38.531172,244.3,grocery,0.1,0
user_254,2025-07-02 22:01:48.531172,79.4,restaurant,0.1,0
user_284,2025-07-02 22:36:21.531172,35.74,grocery,0.3,0
user_78,2025-07-02 23:14:10.531172,113.99,entertainment,0.1,0
user_549,2025-07-02 23:24:50.531172,22.3,restaurant,0.3,0
user_170,2025-07-02 23:31:40.531172,7.31,department_store,0.1,0
user_175,2025-07-02 23:50:16.531172,22.64,jewelry,0.1,0
user_647,2025-07-02 23:55:57.531172,35.46,car_rental,0.1,0
user_288,2025-07-03 00:04:19.531172,137.84,gas_station,0.1,0
user_809,2025-07-03 00:09:57.531172,10.41,department_store,0.1,0
user_917,2025-07-03 00:48:56.531172,19.89,grocery,0.6,0
user_1000,2025-07-03 00:53:23.531172,274.79,pharmacy,0.1,0
user_794,2025-07-03 01:04:09.531172,19.92,department_store,0.1,0
user_83,2025-07-03 01:06:10.531172,51.3,online_retail,0.3,0
user_916,2025-07-03 01:35:13.531172,5.0,pharmacy,0.6,0
user_195,2025-07-03 01:41:03.531172,16.21,online_retail,0.6,1
user_986,2025-07-03 02:04:15.531172,425.01,gas_station,0.3,0
user_341,2025-07-03 02:06:32.531172,16.24,department_store,0.6,0
user_135,2025-07-03 02:10:40.531172,39.17,gas_station,0.6,0
user_696,2025-07-03 02:13:04.531172,6.33,gas_station,0.1,0
user_620,2025-07-03 02:20:28.531172,6.21,entertainment,0.6,0
user_84,2025-07-03 02:31:39.531172,22.63,gas_station,0.1,0
user_323,2025-07-03 02:58:31.531172,5.0,hotel,0.1,0
user_447,2025-07-03 03:13:08.531172,52.46,jewelry,0.9,0
user_548,2025-07-03 03:57:19.531172,73.45,grocery,0.1,0
user_161,2025-07-03 04:00:56.531172,103.42,gas_station,0.3,0
user_758,2025-07-03 04:24:45.531172,5.0,grocery,0.1,0
user_742,2025-07-03 04:45:29.531172,6.28,online_retail,0.1,0
user_288,2025-07-03 04:58:57.531172,14.55,pharmacy,0.3,0
user_904,2025-07-03 04:59:23.531172,5.0,grocery,0.3,0
user_333,2025-07-03 04:59:42.531172,5.0,pharmacy,0.1,0
user_181,2025-07-03 05:03:49.531172,7.02,gas_station,0.1,0
user_187,2025-07-03 05:07:48.531172,13.4,online_retail,0.3,0
user_307,2025-07-03 05:30:48.531172,13.28,entertainment,0.1,0
user_125,2025-07-03 05:30:59.531172,1659.26,gas_station,0.1,0
user_631,2025-07-03 05:39:58.531172,19.73,grocery,0.3,0
user_990,2025-07-03 06:00:06.531172,5.0,restaurant,0.3,0
user_438,2025-07-03 06:03:41.531172,10.49,grocery,0.6,0
user_394,2025-07-03 06:06:13.531172,5.77,department_store,0.1,0
user_924,2025-07-03 06:57:52.531172,28.54,restaurant,0.3,0
user_610,2025-07-03 07:44:20.531172,5.0,online_retail,0.3,0
user_735,2025-07-03 08:06:20.531172,5.04,airline,0.1,0
user_363,2025-07-03 08:13:40.531172,324.63,entertainment,0.3,0
user_822,2025-07-03 08:19:56.531172,11.18,gas_station,0.1,0
user_229,2025-07-03 08:24:36.531172,6.14,entertainment,0.1,0
user_443,2025-07-03 08:27:58.531172,149.51,grocery,0.1,0
user_61,2025-07-03 08:29:07.531172,5.16,restaurant,0.1,0
user_303,2025-07-03 08:40:06.531172,18.94,grocery,0.1,0
user_448,2025-07-03 08:47:56.531172,22.82,gas_station,0.1,0
user_995,2025-07-03 08:54:29.531172,23.65,gas_station,0.1,0
user_525,2025-07-03 09:37:03.531172,5.0,department_store,0.4,0
user_847,2025-07-03 09:59:18.531172,114.93,gas_station,0.1,0
user_292,2025-07-03 10:12:50.531172,5.0,department_store,0.1,0
user_774,2025-07-03 10:15:02.531172,13.55,pharmacy,0.3,0
user_321,2025-07-03 10:34:22.531172,223.95,department_store,0.3,0
user_18,2025-07-03 10:39:11.531172,85.55,grocery,0.3,0
user_468,2025-07-03 10:42:31.531172,48.56,car_rental,0.7,0
user_308,2025-07-03 10:58:38.531172,109.86,gas_station,0.1,0
user_700,2025-07-03 11:02:41.531172,112.87,airline,0.1,0
user_37,2025-07-03 11:07:24.531172,3396.15,online_retail,0.7,1
user_919,2025-07-03 11:10:31.531172,5.0,restaurant,0.1,0
user_789,2025-07-03 11:11:51.531172,325.96,gas_station,0.1,0
user_361,2025-07-03 11:12:25.531172,10.7,restaurant,0.1,0
user_699,2025-07-03 11:12:54.531172,6.22,grocery,0.1,0
user_407,2025-07-03 11:44:06.531172,5.0,entertainment,0.3,0
user_116,2025-07-03 11:57:14.531172,6.46,entertainment,0.1,0
user_729,2025-07-03 12:04:46.531172,297.24,grocery,0.1,0
user_874,2025-07-03 12:32:08.531172,123.21,grocery,0.1,0
user_86,2025-07-03 12:58:41.531172,5.0,jewelry,0.1,0
user_977,2025-07-03 13:25:17.531172,36.72,grocery,0.1,0
user_114,2025-07-03 13:27:04.531172,56.25,pharmacy,0.1,0
user_590,2025-07-03 13:30:27.531172,6.91,grocery,0.1,0
user_798,2025-07-03 13:45:01.531172,104.05,grocery,0.1,0
user_860,2025-07-03 13:57:20.531172,5.0,entertainment,0.3,0
user_39,2025-07-03 14:11:56.531172,83.65,gas_station,0.3,0
user_511,2025-07-03 14:12:13.531172,10.03,grocery,0.1,0
user_235,2025-07-03 14:30:32.531172,8.95,entertainment,0.1,0
user_793,2025-07-03 15:03:02.531172,190.02,grocery,0.3,0
user_230,2025-07-03 15:18:04.531172,150.24,department_store,0.1,0
user_927,2025-07-03 15:18:09.531172,18.16,pharmacy,0.1,0
user_899,2025-07-03 15:21:44.531172,5.0,gas_station,0.1,0
user_651,2025-07-03 15:26:21.531172,25.96,electronics,0.3,0
user_811,2025-07-03 15:30:55.531172,92.96,grocery,0.3,0
user_646,2025-07-03 16:07:39.531172,30.39,grocery,0.1,0
user_414,2025-07-03 16:08:40.531172,42.17,pharmacy,0.6,0
user_281,2025-07-03 16:13:13.531172,5.0,department_store,0.1,0
user_912,2025-07-03 16:16:25.531172,34.68,restaurant,0.1,0
user_862,2025-07-03 16:21:28.531172,248.96,gas_station,0.1,0
user_28,2025-07-03 16:44:22.531172,14.11,restaurant,0.1,0
user_777,2025-07-03 16:51:58.531172,56.1,online_retail,0.1,0
user_680,2025-07-03 17:01:35.531172,26.87,grocery,0.1,0
user_972,2025-07-03 17:04:05.531172,40.77,gas_station,0.3,0
user_216,2025-07-03 17:09:14.531172,5.0,restaurant,0.1,0
user_704,2025-07-03 17:16:47.531172,5.0,online_retail,0.6,0
user_718,2025-07-03 17:34:35.531172,19.68,grocery,0.1,0
user_894,2025-07-03 17:52:10.531172,5.3,gas_station,0.4,0
user_426,2025-07-03 18:25:37.531172,7.94,grocery,0.1,0
user_147,2025-07-03 18:33:02.531172,136.06,entertainment,0.3,0
user_518,2025-07-03 18:57:40.531172,256.32,gas_station,0.1,0
user_415,2025-07-03 19:05:23.531172,5.0,restaurant,0.3,0
user_682,2025-07-03 19:37:05.531172,33.87,department_store,0.1,0
user_870,2025-07-03 20:05:17.531172,7.72,grocery,0.1,0
user_915,2025-07-03 20:13:47.531172,135.46,online_retail,0.6,0
user_552,2025-07-03 20:22:22.531172,45.09,pharmacy,0.6,0
user_817,2025-07-03 20:24:37.531172,23.56,restaurant,0.1,0
user_910,2025-07-03 22:00:34.531172,307.8,entertainment,0.3,0
user_309,2025-07-03 22:20:04.531172,8.46,grocery,0.1,0
user_741,2025-07-03 22:25:39.531172,23.33,grocery,0.1,0
user_184,2025-07-03 22:38:51.531172,5.0,entertainment,0.1,0
user_945,2025-07-03 22:44:05.531172,21.05,grocery,0.1,0
user_207,2025-07-03 22:58:26.531172,24.17,pharmacy,0.1,0
user_209,2025-07-03 23:02:16.531172,314.42,gas_station,0.1,0
user_401,2025-07-03 23:24:54.531172,54.24,hotel,0.3,0
user_268,2025-07-03 23:46:49.531172,68.93,restaurant,0.6,0
user_507,2025-07-03 23:52:17.531172,30.69,entertainment,0.3,0
user_529,2025-07-04 00:22:06.531172,5.0,department_store,0.1,0
user_475,2025-07-04 00:28:47.531172,6.62,online_retail,0.3,0
user_517,2025-07-04 00:40:23.531172,12.17,department_store,0.1,0
user_83,2025-07-04 00:46:46.531172,29.42,gas_station,0.1,0
user_662,2025-07-04 01:03:02.531172,161.93,pharmacy,0.6,0
user_130,2025-07-04 01:09:09.531172,5.56,grocery,0.1,0
user_326,2025-07-04 01:16:22.531172,1164.48,electronics,0.3,0
user_386,2025-07-04 01:20:50.531172,5.57,online_retail,0.1,0
user_297,2025-07-04 01:37:29.531172,32.56,pharmacy,0.1,0
user_719,2025-07-04 01:55:03.531172,27.15,airline,0.4,0
user_481,2025-07-04 02:00:41.531172,7.2,car_rental,0.1,0
user_10,2025-07-04 02:18:31.531172,5.0,grocery,0.1,0
user_340,2025-07-04 02:19:54.531172,22.47,department_store,0.1,0
user_679,2025-07-04 02:30:17.531172,5.07,grocery,0.6,0
user_189,2025-07-04 02:36:47.531172,38.71,hotel,0.1,0
user_953,2025-07-04 02:45:52.531172,74.24,department_store,0.1,0
user_656,2025-07-04 02:54:26.531172,30.14,pharmacy,0.3,0
user_617,2025-07-04 03:03:07.531172,34.39,restaurant,0.1,0
user_975,2025-07-04 03:13:17.531172,11.17,entertainment,0.1,0
user_272,2025-07-04 03:26:06.531172,19.72,grocery,0.3,0
user_131,2025-07-04 03:29:19.531172,5.0,department_store,0.4,0
user_313,2025-07-04 03:37:32.531172,19.88,restaurant,0.1,0
user_347,2025-07-04 03:59:23.531172,136.51,jewelry,0.3,0
user_630,2025-07-04 04:07:00.531172,45.92,department_store,0.3,0
user_139,2025-07-04 04:14:13.531172,19.43,pharmacy,0.1,0
user_650,2025-07-04 04:26:19.531172,9.15,department_store,0.1,0
user_570,2025-07-04 04:43:12.531172,12.73,restaurant,0.1,0
user_779,2025-07-04 04:51:02.531172,12.77,online_retail,0.6,0
user_131,2025-07-04 05:24:41.531172,7.11,department_store,0.6,0
user_394,2025-07-04 05:25:24.531172,40.18,grocery,0.3,0
user_548,2025-07-04 05:26:20.531172,5.41,pharmacy,0.1,0
user_155,2025-07-04 05:35:34.531172,123.18,airline,0.1,0
user_400,2025-07-04 05:41:08.531172,13.18,gas_station,0.1,0
user_617,2025-07-04 05:41:57.531172,49.52,department_store,0.7,0
user_409,2025-07-04 06:34:26.531172,5.0,online_retail,0.1,0
user_149,2025-07-04 06:34:27.531172,7.47,hotel,0.1,0
user_54,2025-07-04 06:38:43.531172,15.35,pharmacy,0.9,0
user_438,2025-07-04 07:04:13.531172,12.33,restaurant,0.4,0
user_189,2025-07-04 07:27:56.531172,5.0,department_store,0.1,0
user_374,2025-07-04 07:43:54.531172,14.36,car_rental,0.3,0
user_576,2025-07-04 07:47:27.531172,26.87,online_retail,0.3,0
user_809,2025-07-04 07:55:58.531172,18.6,gas_station,0.1,0
user_336,2025-07-04 08:06:16.531172,21.19,gas_station,0.1,0
user_622,2025-07-04 08:51:25.531172,60.7,grocery,0.6,0
user_194,2025-07-04 09:00:13.531172,27.46,restaurant,0.3,0
user_268,2025-07-04 09:14:54.531172,27.87,pharmacy,0.1,0
user_142,2025-07-04 09:17:58.531172,5.0,grocery,0.1,0
user_142,2025-07-04 09:18:01.531172,324.41,grocery,0.4,0
user_165,2025-07-04 09:37:26.531172,17.67,restaurant,0.3,0
user_298,2025-07-04 10:09:15.531172,5.0,grocery,0.1,0
user_510,2025-07-04 10:15:36.531172,106.53,grocery,0.3,0
user_513,2025-07-04 11:15:30.531172,5.76,gas_station,0.1,0
user_753,2025-07-04 11:18:51.531172,19.72,jewelry,0.1,0
user_240,2025-07-04 11:39:45.531172,7.3,gas_station,0.1,0
user_576,2025-07-04 11:57:39.531172,158.52,restaurant,0.4,0
user_421,2025-07-04 12:15:03.531172,16.01,restaurant,0.3,0
user_443,2025-07-04 12:21:06.531172,58.9,pharmacy,0.1,0
user_442,2025-07-04 12:25:09.531172,11.14,entertainment,0.1,0
user_201,2025-07-04 12:25:50.531172,31.28,hotel,0.1,0
user_89,2025-07-04 12:39:34.531172,8.67,hotel,0.1,0
user_856,2025-07-04 12:58:05.531172,23.06,restaurant,0.1,0
user_334,2025-07-04 13:05:12.531172,54.65,gas_station,0.3,0
user_21,2025-07-04 13:20:17.531172,624.16,restaurant,0.1,0
user_804,2025-07-04 13:30:09.531172,95.5,grocery,0.1,0
user_132,2025-07-04 13:31:54.531172,38.67,gas_station,0.1,0
user_635,2025-07-04 13:33:53.531172,35.9,entertainment,0.6,0
user_928,2025-07-04 13:57:22.531172,13.45,entertainment,0.4,0
user_419,2025-07-04 13:57:53.531172,5.0,restaurant,0.1,0
user_675,2025-07-04 14:11:43.531172,5.0,gas_station,0.3,0
user_751,2025-07-04 14:20:42.531172,321.2,airline,0.1,0
user_184,2025-07-04 15:05:35.531172,6.17,car_rental,0.3,0
user_866,2025-07-04 15:06:18.531172,8.71,gas_station,0.6,0
user_308,2025-07-04 15:13:25.531172,5.0,entertainment,0.1,0
user_952,2025-07-04 15:28:51.531172,18.33,entertainment,0.3,0
user_108,2025-07-04 15:40:14.531172,25.03,department_store,0.3,0
user_471,2025-07-04 16:06:40.531172,13.37,grocery,0.1,0
user_976,2025-07-04 16:19:54.531172,92.76,pharmacy,0.1,0
user_642,2025-07-04 16:44:02.531172,252.71,hotel,0.3,0
user_670,2025-07-04 16:48:12.531172,8.17,hotel,0.6,0
user_504,2025-07-04 16:50:23.531172,203.04,grocery,0.4,0
user_805,2025-07-04 17:17:47.531172,5.0,gas_station,0.1,0
user_295,2025-07-04 17:29:26.531172,19.41,restaurant,0.1,0
user_573,2025-07-04 17:55:44.531172,34.5,grocery,0.6,0
user_288,2025-07-04 17:57:20.531172,11.33,airline,0.1,0
user_373,2025-07-04 18:37:49.531172,12.8,airline,0.1,0
user_932,2025-07-04 18:44:48.531172,5.0,department_store,0.4,0
user_540,2025-07-04 19:26:23.531172,91.78,hotel,0.1,0
user_712,2025-07-04 19:34:24.531172,148.81,gas_station,0.3,0
user_720,2025-07-04 20:02:11.531172,10.0,grocery,0.6,0
user_25,2025-07-04 20:08:01.531172,5.0,gas_station,0.1,0
user_827,2025-07-04 20:44:58.531172,21.09,grocery,0.3,0
user_426,2025-07-04 21:18:32.531172,7.94,gas_station,0.3,0
user_623,2025-07-04 21:38:21.531172,17.36,online_retail,0.3,0
user_676,2025-07-04 21:47:36.531172,42.05,car_rental,0.1,0
user_366,2025-07-04 21:48:44.531172,12.21,grocery,0.1,0
user_2,2025-07-04 21:50:40.531172,45.4,gas_station,0.1,0
user_769,2025-07-04 21:58:46.531172,5.0,pharmacy,0.1,0
user_857,2025-07-04 22:09:26.531172,21.44,department_store,0.1,0
user_519,2025-07-04 22:16:54.531172,5.0,gas_station,0.6,0
user_539,2025-07-04 22:30:46.531172,61.04,gas_station,0.1,0
user_996,2025-07-04 22:35:24.531172,5.0,online_retail,0.1,0
user_752,2025-07-04 22:45:51.531172,6.28,online_retail,0.1,0
user_360,2025-07-04 23:23:47.531172,26.88,hotel,0.3,0
user_148,2025-07-04 23:30:27.531172,15.51,online_retail,0.1,0
user_49,2025-07-04 23:31:22.531172,56.23,grocery,0.1,0
user_828,2025-07-05 00:05:47.531172,5.0,restaurant,0.3,0
user_331,2025-07-05 00:11:20.531172,8.16,grocery,0.4,0
user_321,2025-07-05 00:24:48.531172,5.0,grocery,0.3,0
user_762,2025-07-05 00:26:11.531172,14.96,online_retail,0.6,0
user_820,2025-07-05 00:51:01.531172,5.0,hotel,0.1,0
user_3,2025-07-05 00:56:48.531172,109.67,entertainment,0.1,0
user_259,2025-07-05 00:58:04.531172,38.66,restaurant,0.1,0
user_407,2025-07-05 01:03:51.531172,32.93,grocery,0.1,0
user_692,2025-07-05 01:11:31.531172,121.73,restaurant,0.1,0
user_628,2025-07-05 01:14:42.531172,163.65,electronics,0.1,0
user_969,2025-07-05 01:27:57.531172,20.66,entertainment,0.3,0
user_504,2025-07-05 01:33:12.531172,240.32,restaurant,0.1,0
user_186,2025-07-05 01:37:16.531172,5.0,grocery,0.6,0
user_601,2025-07-05 01:40:03.531172,14.87,department_store,0.3,0
user_80,2025-07-05 01:52:10.531172,321.47,grocery,0.1,0
user_824,2025-07-05 02:04:31.531172,5.0,entertainment,0.3,0
user_501,2025-07-05 02:04:37.531172,11.26,grocery,0.1,0
user_836,2025-07-05 02:26:02.531172,66.19,car_rental,0.1,0
user_30,2025-07-05 02:57:18.531172,5.32,grocery,0.1,0
user_676,2025-07-05 03:10:49.531172,57.81,grocery,0.6,0
user_529,2025-07-05 03:16:02.531172,37.83,hotel,0.1,0
user_371,2025-07-05 03:19:00.531172,5.04,department_store,0.3,0
user_20,2025-07-05 03:24:50.531172,98.62,restaurant,0.1,0
user_800,2025-07-05 03:29:33.531172,5.0,entertainment,0.1,0
user_261,2025-07-05 03:42:37.531172,27.78,gas_station,0.7,0
user_880,2025-07-05 03:46:36.531172,7.9,grocery,0.1,0
user_463,2025-07-05 04:20:08.531172,17.92,pharmacy,0.3,0
user_526,2025-07-05 04:34:35.531172,129.21,grocery,0.1,0
user_217,2025-07-05 04:35:35.531172,7.17,electronics,0.3,0
user_773,2025-07-05 05:38:42.531172,675.52,grocery,0.1,0
user_846,2025-07-05 05:45:49.531172,12.13,electronics,0.1,0
user_479,2025-07-05 05:53:35.531172,22.45,hotel,0.6,0
user_577,2025-07-05 06:28:17.531172,30.99,restaurant,0.1,0
user_661,2025-07-05 06:51:22.531172,279.33,car_rental,0.1,0
user_369,2025-07-05 06:55:53.531172,77.83,entertainment,0.1,0
user_512,2025-07-05 06:58:33.531172,92.99,grocery,0.1,0
user_94,2025-07-05 07:05:22.531172,100.12,hotel,0.3,0
user_89,2025-07-05 07:26:42.531172,4643.71,jewelry,0.9,1
user_120,2025-07-05 07:39:25.531172,32.83,gas_station,0.6,0
user_21,2025-07-05 07:44:29.531172,85.09,entertainment,0.1,0
user_219,2025-07-05 07:47:21.531172,5.0,gas_station,0.1,0
user_475,2025-07-05 08:21:39.531172,14.65,restaurant,0.3,0
user_414,2025-07-05 08:23:43.531172,8.82,grocery,0.1,0
user_580,2025-07-05 08:45:39.531172,10.43,restaurant,0.3,0
user_878,2025-07-05 08:54:05.531172,6.56,restaurant,0.1,0
user_986,2025-07-05 09:19:13.531172,520.56,online_retail,0.1,0
user_586,2025-07-05 09:31:55.531172,18.48,online_retail,0.1,0
user_946,2025-07-05 09:36:36.531172,11.68,electronics,0.1,0
user_739,2025-07-05 09:45:03.531172,7.55,gas_station,0.1,0
user_55,2025-07-05 09:49:14.531172,11.22,restaurant,0.3,0
user_49,2025-07-05 10:27:50.531172,22.35,gas_station,0.1,0
user_595,2025-07-05 10:35:49.531172,5.0,department_store,0.3,0
user_477,2025-07-05 11:00:32.531172,29.54,department_store,0.1,0
user_719,2025-07-05 11:07:03.531172,5.0,jewelry,0.3,0
user_153,2025-07-05 11:44:21.531172,23.94,online_retail,0.1,0
user_55,2025-07-05 11:51:02.531172,8.6,restaurant,0.1,0
user_281,2025-07-05 11:58:12.531172,14.49,gas_station,0.3,0
user_677,2025-07-05 11:58:39.531172,37.72,restaurant,0.3,0
user_497,2025-07-05 12:44:04.531172,13.77,restaurant,0.7,0
user_333,2025-07-05 12:44:22.531172,5.0,online_retail,0.1,0
user_738,2025-07-05 12:58:58.531172,19.89,gas_station,0.1,0
user_704,2025-07-05 13:01:02.531172,6.05,online_retail,0.1,0
user_588,2025-07-05 13:08:07.531172,14.82,online_retail,0.4,0
user_284,2025-07-05 13:22:30.531172,47.69,airline,0.3,0
user_300,2025-07-05 14:13:14.531172,5.0,grocery,0.7,0
user_293,2025-07-05 14:22:17.531172,6.02,online_retail,0.1,0
user_487,2025-07-05 14:29:22.531172,5.0,hotel,0.1,0
user_561,2025-07-05 14:30:27.531172,5.0,gas_station,0.3,0
user_837,2025-07-05 14:56:26.531172,26.4,restaurant,0.1,0
user_839,2025-07-05 15:01:50.531172,103.8,grocery,0.1,0
user_953,2025-07-05 15:12:02.531172,6.38,grocery,0.3,0
user_217,2025-07-05 15:38:32.531172,5.0,restaurant,0.1,0
user_434,2025-07-05 15:48:32.531172,20.82,pharmacy,0.1,0
user_923,2025-07-05 15:52:00.531172,227.73,department_store,0.1,0
user_209,2025-07-05 15:59:51.531172,5.6,grocery,0.3,0
user_933,2025-07-05 16:05:15.531172,14.54,airline,0.1,0
user_722,2025-07-05 16:22:07.531172,19.13,online_retail,0.3,0
user_447,2025-07-05 16:24:01.531172,10.93,gas_station,0.3,0
user_112,2025-07-05 16:26:16.531172,34.78,restaurant,0.1,0
user_654,2025-07-05 16:40:08.531172,66.12,grocery,0.1,0
user_415,2025-07-05 17:24:47.531172,14.58,grocery,0.6,0
user_601,2025-07-05 17:29:14.531172,67.73,department_store,0.1,0
user_150,2025-07-05 17:35:15.531172,160.16,grocery,0.3,0
user_101,2025-07-05 17:41:29.531172,45.36,grocery,0.3,0
user_3,2025-07-05 17:42:34.531172,116.48,gas_station,0.1,0
user_68,2025-07-05 17:47:04.531172,43.94,grocery,0.3,0
user_300,2025-07-05 17:51:24.531172,16.07,restaurant,0.1,0
user_126,2025-07-05 17:56:12.531172,23.62,online_retail,0.1,0
user_266,2025-07-05 18:03:12.531172,51.19,online_retail,0.9,0
user_829,2025-07-05 18:37:27.531172,32.66,grocery,0.7,0
user_508,2025-07-05 18:53:34.531172,19.81,department_store,0.1,0
user_746,2025-07-05 18:53:54.531172,71.75,online_retail,0.6,0
user_943,2025-07-05 19:24:04.531172,6.61,airline,0.3,0
user_340,2025-07-05 19:33:23.531172,67.4,entertainment,0.3,0
user_449,2025-07-05 19:40:12.531172,3.99,online_retail,0.9,1
user_124,2025-07-05 19:45:26.531172,5.0,gas_station,0.1,0
user_315,2025-07-05 19:51:42.531172,43.27,airline,0.1,0
user_264,2025-07-05 20:18:53.531172,12.6,gas_station,0.1,0
user_745,2025-07-05 20:20:28.531172,5.82,gas_station,0.1,0
user_882,2025-07-05 20:31:47.531172,83.89,restaurant,0.4,0
user_546,2025-07-05 20:51:02.531172,9.5,restaurant,0.6,0
user_544,2025-07-05 20:54:06.531172,200.87,department_store,0.3,0
user_70,2025-07-05 21:14:55.531172,14.94,restaurant,0.3,0
user_134,2025-07-05 21:18:04.531172,5.08,gas_station,0.1,0
user_182,2025-07-05 21:22:29.531172,5.0,entertainment,0.1,0
user_751,2025-07-05 21:24:10.531172,39.8,gas_station,0.1,0
user_109,2025-07-05 21:27:47.531172,5.0,car_rental,0.1,0
user_625,2025-07-05 22:12:40.531172,187.69,grocery,0.1,0
user_56,2025-07-05 22:14:00.531172,83.91,gas_station,0.1,0
user_479,2025-07-05 22:20:52.531172,19.26,restaurant,0.6,0
user_595,2025-07-05 22:53:27.531172,5.0,grocery,0.3,0
user_580,2025-07-05 23:17:47.531172,12.12,pharmacy,0.1,0
user_815,2025-07-05 23:20:15.531172,177.7,gas_station,0.1,0
user_266,2025-07-06 00:01:11.531172,81.39,gas_station,0.1,0
user_512,2025-07-06 00:10:06.531172,65.19,grocery,0.1,0
user_23,2025-07-06 00:26:03.531172,12.16,restaurant,0.1,0
user_609,2025-07-06 00:37:26.531172,148.39,grocery,0.1,0
user_341,2025-07-06 00:46:35.531172,12.45,grocery,0.1,0
user_676,2025-07-06 01:22:11.531172,6.07,restaurant,0.1,0
user_986,2025-07-06 01:35:32.531172,137.79,pharmacy,0.3,0
user_500,2025-07-06 01:48:27.531172,9.37,pharmacy,0.1,0
user_541,2025-07-06 01:55:26.531172,14.58,restaurant,0.6,0
user_70,2025-07-06 01:56:46.531172,5.0,hotel,0.1,0
user_721,2025-07-06 02:15:53.531172,15.73,gas_station,0.3,0
user_628,2025-07-06 02:32:58.531172,48.34,grocery,0.3,0
user_623,2025-07-06 02:33:34.531172,42.47,restaurant,0.1,0
user_106,2025-07-06 02:35:31.531172,5.0,grocery,0.1,0
user_248,2025-07-06 02:38:42.531172,5.0,online_retail,0.6,0
user_287,2025-07-06 02:53:57.531172,49.94,airline,0.1,0
user_142,2025-07-06 03:14:58.531172,20.01,department_store,0.1,0
user_501,2025-07-06 03:45:16.531172,5.0,gas_station,0.1,0
user_618,2025-07-06 03:53:48.531172,5.0,department_store,0.1,0
user_400,2025-07-06 04:01:03.531172,9.0,restaurant,0.6,0
user_277,2025-07-06 04:08:14.531172,219.13,grocery,0.1,0
user_800,2025-07-06 04:19:02.531172,68.75,grocery,0.1,0
user_183,2025-07-06 04:23:36.531172,8.2,online_retail,0.1,0
user_707,2025-07-06 04:51:58.531172,7.58,pharmacy,0.1,0
user_306,2025-07-06 05:03:11.531172,13.72,car_rental,0.3,0
user_751,2025-07-06 05:17:37.531172,24.17,grocery,0.1,0
user_398,2025-07-06 05:56:44.531172,5.85,online_retail,0.3,0
user_103,2025-07-06 06:01:08.531172,5.0,online_retail,0.1,0
user_142,2025-07-06 06:02:21.531172,6.65,grocery,0.9,0
user_892,2025-07-06 06:10:13.531172,22.28,gas_station,0.1,0
user_457,2025-07-06 06:16:42.531172,32.77,jewelry,0.1,0
user_828,2025-07-06 06:23:52.531172,221.31,department_store,0.3,0
user_567,2025-07-06 07:21:44.531172,69.77,hotel,0.1,0
user_562,2025-07-06 07:24:22.531172,5.02,pharmacy,0.3,0
user_305,2025-07-06 07:27:44.531172,11.12,grocery,0.7,0
user_198,2025-07-06 08:19:34.531172,7.79,grocery,0.3,0
user_960,2025-07-06 08:23:26.531172,31.85,restaurant,0.3,0
user_357,2025-07-06 08:50:33.531172,2000.0,restaurant,0.6,0
user_657,2025-07-06 09:43:48.531172,9.61,entertainment,0.1,0
user_437,2025-07-06 09:53:36.531172,14.1,department_store,0.1,0
user_802,2025-07-06 10:03:09.531172,124.88,restaurant,0.1,0
user_696,2025-07-06 10:04:41.531172,49.83,grocery,0.1,0
user_971,2025-07-06 10:10:51.531172,11.31,department_store,0.1,0
user_461,2025-07-06 10:27:07.531172,7.28,grocery,0.1,0
user_466,2025-07-06 10:28:53.531172,25.23,entertainment,0.1,0
user_473,2025-07-06 10:41:34.531172,9.08,grocery,0.1,0
user_310,2025-07-06 10:50:15.531172,85.78,department_store,0.3,0
user_403,2025-07-06 11:08:40.531172,103.35,restaurant,0.3,0
user_185,2025-07-06 11:10:51.531172,6.2,electronics,0.7,1
user_871,2025-07-06 11:17:01.531172,6.16,department_store,0.1,0
user_674,2025-07-06 11:23:19.531172,32.51,pharmacy,0.1,0
user_385,2025-07-06 11:30:13.531172,10.28,gas_station,0.1,0
user_896,2025-07-06 11:37:20.531172,625.07,department_store,0.1,0
user_613,2025-07-06 12:01:16.531172,12.59,grocery,0.1,0
user_925,2025-07-06 12:25:03.531172,83.41,gas_station,0.3,0
user_71,2025-07-06 12:32:43.531172,298.19,online_retail,0.6,0
user_119,2025-07-06 12:39:19.531172,8.53,entertainment,0.1,0
user_711,2025-07-06 13:01:43.531172,16.11,grocery,0.1,0
user_712,2025-07-06 13:18:19.531172,14.72,gas_station,0.3,0
user_757,2025-07-06 13:20:21.531172,44.51,restaurant,0.1,0
user_270,2025-07-06 13:31:04.531172,10.84,entertainment,0.3,0
user_698,2025-07-06 13:33:25.531172,30.64,online_retail,0.3,0
user_667,2025-07-06 14:12:41.531172,82.43,restaurant,0.3,0
user_40,2025-07-06 14:19:10.531172,5.0,restaurant,0.1,0
user_580,2025-07-06 14:26:32.531172,47.37,grocery,0.1,0
user_340,2025-07-06 14:37:48.531172,5.0,online_retail,0.1,0
user_353,2025-07-06 14:38:52.531172,104.86,online_retail,0.1,0
user_247,2025-07-06 14:55:06.531172,5.0,entertainment,0.3,0
user_107,2025-07-06 15:11:30.531172,19.37,gas_station,0.1,0
user_287,2025-07-06 15:32:48.531172,1229.88,department_store,0.1,0
user_473,2025-07-06 15:38:07.531172,239.34,restaurant,0.6,0
user_275,2025-07-06 16:00:14.531172,5.0,restaurant,0.3,0
user_868,2025-07-06 16:00:49.531172,82.91,pharmacy,0.1,0
user_720,2025-07-06 16:22:51.531172,15.54,airline,0.1,0
user_66,2025-07-06 16:30:22.531172,11.53,grocery,0.1,0
user_359,2025-07-06 16:34:43.531172,5.0,department_store,0.6,0
user_911,2025-07-06 17:07:39.531172,41.44,restaurant,0.1,0
user_511,2025-07-06 17:24:09.531172,27.31,online_retail,0.1,0
user_583,2025-07-06 17:47:02.531172,30.08,grocery,0.6,0
user_325,2025-07-06 18:18:53.531172,11.78,online_retail,0.3,0
user_275,2025-07-06 18:38:27.531172,5.0,department_store,0.7,0
user_439,2025-07-06 19:24:44.531172,239.96,entertainment,0.6,0
user_701,2025-07-06 19:26:25.531172,7.87,department_store,0.1,0
user_814,2025-07-06 19:50:52.531172,5.0,pharmacy,0.1,0
user_549,2025-07-06 19:52:22.531172,6.7,car_rental,0.1,0
user_981,2025-07-06 20:05:05.531172,164.7,restaurant,0.9,0
user_287,2025-07-06 20:18:07.531172,31.92,online_retail,0.1,0
user_844,2025-07-06 20:19:47.531172,35.74,grocery,0.3,0
user_958,2025-07-06 21:03:54.531172,156.73,department_store,0.3,0
user_449,2025-07-06 21:31:44.531172,14.68,department_store,0.3,0
user_368,2025-07-06 21:40:04.531172,7.95,gas_station,0.1,0
user_920,2025-07-06 21:51:24.531172,28.5,online_retail,0.1,0
user_377,2025-07-06 21:51:39.531172,78.67,jewelry,0.3,0
user_662,2025-07-06 21:52:21.531172,91.25,entertainment,0.1,0
user_62,2025-07-06 22:15:09.531172,17.71,entertainment,0.1,0
user_517,2025-07-06 22:47:47.531172,179.93,department_store,0.1,0
user_286,2025-07-06 23:21:26.531172,100.36,airline,0.1,0
user_587,2025-07-06 23:24:36.531172,5.0,restaurant,0.3,0
user_505,2025-07-06 23:40:56.531172,92.99,entertainment,0.1,0
user_691,2025-07-07 00:03:17.531172,46.25,gas_station,0.1,0
user_609,2025-07-07 00:15:57.531172,18.44,pharmacy,0.1,0
user_422,2025-07-07 00:35:39.531172,5.0,restaurant,0.1,0
user_982,2025-07-07 00:52:59.531172,22.99,electronics,0.3,0
user_958,2025-07-07 01:06:33.531172,5.0,grocery,0.3,0
user_882,2025-07-07 01:09:28.531172,11.83,pharmacy,0.1,0
user_770,2025-07-07 01:12:00.531172,5.84,entertainment,0.3,0
user_480,2025-07-07 01:12:18.531172,23.97,grocery,0.1,0
user_207,2025-07-07 01:29:40.531172,20.67,grocery,0.3,0
user_281,2025-07-07 01:30:42.531172,30.9,grocery,0.3,0
user_232,2025-07-07 01:36:55.531172,46.37,hotel,0.3,0
user_623,2025-07-07 01:51:16.531172,10.13,hotel,0.1,0
user_148,2025-07-07 01:54:06.531172,12.5,online_retail,0.4,0
user_438,2025-07-07 02:08:12.531172,11.31,grocery,0.1,0
user_629,2025-07-07 02:46:25.531172,16.33,department_store,0.1,0
user_968,2025-07-07 02:47:41.531172,20.65,grocery,0.1,0
user_829,2025-07-07 02:51:02.531172,24.96,entertainment,0.4,0
user_135,2025-07-07 02:57:03.531172,5.0,grocery,0.3,0
user_266,2025-07-07 03:17:27.531172,12.52,department_store,0.1,0
user_623,2025-07-07 03:23:09.531172,82.71,restaurant,0.1,0
user_457,2025-07-07 03:32:03.531172,42.45,grocery,0.3,0
user_368,2025-07-07 03:53:22.531172,61.34,restaurant,0.3,0
user_965,2025-07-07 03:57:02.531172,220.11,gas_station,0.1,0
user_757,2025-07-07 04:08:11.531172,82.01,grocery,0.1,0
user_785,2025-07-07 04:18:35.531172,28.84,gas_station,0.3,0
user_45,2025-07-07 04:25:00.531172,45.44,gas_station,0.1,0
user_326,2025-07-07 04:43:03.531172,11.57,gas_station,0.3,0
user_914,2025-07-07 04:49:41.531172,12.38,online_retail,0.6,0
user_574,2025-07-07 05:11:27.531172,19.06,department_store,0.1,0
user_627,2025-07-07 05:27:04.531172,11.31,grocery,0.1,0
user_238,2025-07-07 05:48:50.531172,5.56,department_store,0.3,0
user_462,2025-07-07 06:20:40.531172,376.11,entertainment,0.6,0
user_659,2025-07-07 06:23:51.531172,7.33,online_retail,0.1,0
user_406,2025-07-07 06:28:08.531172,18.01,gas_station,0.1,0
user_652,2025-07-07 07:57:12.531172,16.11,grocery,0.1,0
user_225,2025-07-07 08:05:52.531172,70.51,entertainment,0.1,0
user_457,2025-07-07 08:10:10.531172,5.44,online_retail,0.6,0
user_159,2025-07-07 08:10:17.531172,33.48,pharmacy,0.3,0
user_634,2025-07-07 08:15:35.531172,14.13,grocery,0.1,0
user_69,2025-07-07 08:16:45.531172,154.54,online_retail,0.4,0
user_789,2025-07-07 08:17:28.531172,5.0,jewelry,0.1,0
user_671,2025-07-07 08:18:19.531172,17.05,entertainment,0.1,0
user_246,2025-07-07 08:28:11.531172,5.0,restaurant,0.6,0
user_699,2025-07-07 08:44:43.531172,37.74,online_retail,0.3,0
user_665,2025-07-07 09:49:33.531172,23.09,grocery,0.3,0
user_425,2025-07-07 09:51:23.531172,27.02,online_retail,0.3,0
user_936,2025-07-07 09:54:02.531172,34.67,entertainment,0.3,0
user_752,2025-07-07 10:19:11.531172,35.58,car_rental,0.1,0
user_717,2025-07-07 10:33:19.531172,6.92,restaurant,0.1,0
user_524,2025-07-07 10:36:07.531172,33.27,pharmacy,0.3,0
user_675,2025-07-07 11:03:14.531172,386.07,department_store,0.1,0
user_747,2025-07-07 11:03:36.531172,78.06,restaurant,0.3,0
user_608,2025-07-07 11:40:11.531172,18.5,jewelry,0.1,0
user_694,2025-07-07 11:48:59.531172,36.99,gas_station,0.1,0
user_241,2025-07-07 12:28:18.531172,22.29,grocery,0.4,0
user_867,2025-07-07 12:36:04.531172,13.42,grocery,0.1,0
user_709,2025-07-07 13:09:33.531172,37.48,entertainment,0.1,0
user_469,2025-07-07 13:14:06.531172,45.37,department_store,0.1,0
user_116,2025-07-07 13:15:05.531172,5.0,pharmacy,0.1,0
user_860,2025-07-07 13:23:44.531172,28.04,grocery,0.3,0
user_354,2025-07-07 13:26:24.531172,16.46,hotel,0.1,0
user_917,2025-07-07 13:44:06.531172,79.71,department_store,0.1,0
user_175,2025-07-07 14:02:15.531172,5.13,gas_station,0.1,0
user_856,2025-07-07 14:07:44.531172,8.86,department_store,0.6,0
user_445,2025-07-07 14:08:14.531172,59.38,restaurant,0.1,0
user_343,2025-07-07 14:15:47.531172,5.0,grocery,0.3,0
user_939,2025-07-07 14:15:59.531172,5.0,airline,0.3,0
user_463,2025-07-07 14:24:35.531172,77.74,department_store,0.1,0
user_436,2025-07-07 15:23:04.531172,68.37,restaurant,0.9,0
user_436,2025-07-07 15:50:58.531172,55.3,online_retail,0.3,0
user_541,2025-07-07 15:53:09.531172,19.97,restaurant,0.1,0
user_456,2025-07-07 16:14:51.531172,71.95,jewelry,0.6,1
user_313,2025-07-07 16:39:40.531172,179.15,airline,0.3,0
user_479,2025-07-07 16:57:39.531172,102.73,department_store,0.6,0
user_939,2025-07-07 17:22:38.531172,13.32,grocery,0.3,0
user_41,2025-07-07 17:30:47.531172,7.53,pharmacy,0.3,0
user_172,2025-07-07 17:34:32.531172,240.46,grocery,0.3,0
user_448,2025-07-07 17:39:41.531172,636.17,department_store,0.3,0
user_711,2025-07-07 17:55:35.531172,88.84,restaurant,0.4,0
user_458,2025-07-07 18:00:05.531172,22.89,department_store,0.3,0
user_119,2025-07-07 18:11:19.531172,8.89,pharmacy,0.1,0
user_385,2025-07-07 18:11:25.531172,27.65,grocery,0.3,0
user_453,2025-07-07 18:13:13.531172,16.73,hotel,0.3,0
user_504,2025-07-07 18:18:57.531172,114.89,gas_station,0.1,0
user_536,2025-07-07 18:39:40.531172,128.29,restaurant,0.3,0
user_825,2025-07-07 19:02:36.531172,10.8,department_store,0.3,0
user_359,2025-07-07 19:18:55.531172,489.17,restaurant,0.1,0
user_881,2025-07-07 19:25:58.531172,17.76,entertainment,0.1,0
user_123,2025-07-07 19:31:39.531172,20.65,gas_station,0.6,0
user_29,2025-07-07 19:36:07.531172,85.11,gas_station,0.6,0
user_762,2025-07-07 19:51:41.531172,5.0,grocery,0.1,0
user_41,2025-07-07 20:26:32.531172,5.44,grocery,0.3,0
user_577,2025-07-07 20:56:32.531172,243.32,grocery,0.1,0
user_384,2025-07-07 21:57:56.531172,23.26,entertainment,0.1,0
user_784,2025-07-07 21:59:14.531172,5.13,hotel,0.1,0
user_385,2025-07-07 22:02:20.531172,5.0,department_store,0.1,0
user_229,2025-07-07 22:12:28.531172,13.44,grocery,0.1,0
user_651,2025-07-07 22:31:41.531172,21.07,grocery,0.3,0
user_259,2025-07-07 22:33:18.531172,9.9,online_retail,0.3,0
user_791,2025-07-07 22:56:45.531172,16.98,restaurant,0.1,0
user_997,2025-07-07 22:57:56.531172,20.8,restaurant,0.1,0
user_715,2025-07-07 23:04:18.531172,5.0,electronics,0.3,0
user_228,2025-07-07 23:06:18.531172,12.01,pharmacy,0.3,0
user_737,2025-07-07 23:33:56.531172,190.78,grocery,0.1,0
user_472,2025-07-07 23:39:15.531172,5.0,gas_station,0.1,0
user_136,2025-07-08 00:02:41.531172,5.0,department_store,0.1,0
user_729,2025-07-08 00:23:21.531172,18.05,pharmacy,0.3,0
user_577,2025-07-08 00:25:40.531172,18.75,electronics,0.6,0
user_746,2025-07-08 00:37:12.531172,6.42,pharmacy,0.1,0
user_6,2025-07-08 01:03:21.531172,13.65,hotel,0.3,0
user_588,2025-07-08 01:03:56.531172,128.42,gas_station,0.1,0
user_447,2025-07-08 01:05:01.531172,179.69,restaurant,0.1,0
user_36,2025-07-08 01:07:15.531172,5.0,gas_station,0.1,0
user_584,2025-07-08 01:29:15.531172,22.61,electronics,0.1,0
user_275,2025-07-08 01:33:44.531172,28.98,car_rental,0.1,0
user_540,2025-07-08 01:47:54.531172,7.92,online_retail,0.1,0
user_328,2025-07-08 01:54:40.531172,119.17,restaurant,0.3,0
user_101,2025-07-08 01:55:37.531172,34.35,car_rental,0.6,0
user_686,2025-07-08 02:01:10.531172,127.28,grocery,0.1,0
user_154,2025-07-08 02:07:21.531172,5.0,hotel,0.1,0
user_621,2025-07-08 02:09:19.531172,6.55,gas_station,0.3,0
user_773,2025-07-08 02:14:35.531172,28.45,car_rental,0.6,0
user_144,2025-07-08 02:31:36.531172,57.91,department_store,0.6,0
user_395,2025-07-08 02:51:39.531172,77.61,restaurant,0.3,0
user_467,2025-07-08 03:12:21.531172,65.57,department_store,0.3,0
user_673,2025-07-08 04:06:06.531172,6.47,grocery,0.3,0
user_17,2025-07-08 04:24:26.531172,6.38,pharmacy,0.6,0
user_62,2025-07-08 04:41:16.531172,5.0,online_retail,0.3,0
user_960,2025-07-08 04:46:05.531172,6.41,entertainment,0.4,0
user_600,2025-07-08 04:56:35.531172,10.92,entertainment,0.6,0
user_732,2025-07-08 04:58:06.531172,15.4,car_rental,0.1,0
user_881,2025-07-08 05:14:41.531172,96.23,jewelry,0.3,0
user_858,2025-07-08 05:19:30.531172,109.04,gas_station,0.1,0
user_269,2025-07-08 05:35:16.531172,13.55,department_store,0.1,0
user_451,2025-07-08 05:39:51.531172,5.0,hotel,0.1,0
user_655,2025-07-08 05:54:42.531172,56.89,department_store,0.1,0
user_501,2025-07-08 06:13:24.531172,64.35,restaurant,0.3,0
user_95,2025-07-08 06:24:27.531172,7.24,restaurant,0.1,0
user_55,2025-07-08 06:38:42.531172,5.0,department_store,0.4,0
user_801,2025-07-08 06:49:23.531172,78.34,entertainment,0.1,0
user_119,2025-07-08 06:55:01.531172,6.6,department_store,0.1,0
user_570,2025-07-08 07:08:01.531172,35.51,restaurant,0.3,0
user_990,2025-07-08 07:37:14.531172,78.38,gas_station,0.1,0
user_434,2025-07-08 07:38:03.531172,5.0,gas_station,0.1,0
user_719,2025-07-08 07:40:39.531172,65.34,online_retail,0.1,0
user_718,2025-07-08 07:51:20.531172,5.0,hotel,0.1,0
user_156,2025-07-08 07:54:18.531172,3412.39,jewelry,0.7,1
user_197,2025-07-08 08:08:15.531172,5.49,grocery,0.1,0
user_31,2025-07-08 08:17:27.531172,5.0,grocery,0.7,0
user_730,2025-07-08 08:21:40.531172,10.9,entertainment,0.1,0
user_38,2025-07-08 08:26:30.531172,29.42,department_store,0.3,0
user_757,2025-07-08 08:33:07.531172,121.61,restaurant,0.1,0
user_486,2025-07-08 08:47:11.531172,10.79,grocery,0.3,0
user_274,2025-07-08 09:34:45.531172,27.33,grocery,0.3,0
user_400,2025-07-08 09:54:45.531172,108.43,online_retail,0.3,0
user_155,2025-07-08 10:00:24.531172,11.28,restaurant,0.6,0
user_881,2025-07-08 10:01:01.531172,23.6,jewelry,0.1,0
user_418,2025-07-08 10:01:48.531172,5.0,department_store,0.1,0
user_472,2025-07-08 10:03:34.531172,7.45,car_rental,0.1,0
user_694,2025-07-08 10:03:51.531172,9.31,entertainment,0.6,0
user_102,2025-07-08 10:10:04.531172,8.48,restaurant,0.3,0
user_89,2025-07-08 10:13:14.531172,17.13,entertainment,0.1,0
user_605,2025-07-08 10:16:40.531172,11.56,entertainment,0.1,0
user_310,2025-07-08 10:21:54.531172,5.0,online_retail,0.1,0
user_515,2025-07-08 10:51:10.531172,12.75,electronics,0.3,0
user_47,2025-07-08 10:52:58.531172,66.33,hotel,0.1,0
user_284,2025-07-08 11:16:20.531172,151.91,hotel,0.1,0
user_121,2025-07-08 11:30:40.531172,11.26,jewelry,0.4,0
user_350,2025-07-08 11:34:40.531172,5.0,entertainment,0.3,0
user_488,2025-07-08 12:21:34.531172,5.0,gas_station,0.3,0
user_378,2025-07-08 12:24:13.531172,140.82,restaurant,0.1,0
user_994,2025-07-08 12:51:19.531172,5.0,car_rental,0.3,0
user_618,2025-07-08 13:03:35.531172,8.15,online_retail,0.1,0
user_383,2025-07-08 13:15:14.531172,20.0,gas_station,0.6,0
user_803,2025-07-08 13:17:44.531172,104.35,online_retail,0.6,0
user_362,2025-07-08 13:20:36.531172,16.6,pharmacy,0.1,0
user_561,2025-07-08 13:47:19.531172,143.56,gas_station,0.6,0
user_136,2025-07-08 14:09:22.531172,9.18,department_store,0.3,0
user_694,2025-07-08 14:22:04.531172,47.09,grocery,0.1,0
user_118,2025-07-08 14:49:59.531172,5.0,restaurant,0.4,0
user_851,2025-07-08 14:56:55.531172,14.98,pharmacy,0.1,0
user_723,2025-07-08 14:59:53.531172,5.0,restaurant,0.1,0
user_257,2025-07-08 15:02:40.531172,117.79,grocery,0.7,0
user_177,2025-07-08 15:04:54.531172,20.62,pharmacy,0.1,0
user_94,2025-07-08 15:34:18.531172,182.46,department_store,0.1,0
user_41,2025-07-08 15:39:14.531172,97.56,department_store,0.6,0
user_374,2025-07-08 15:47:11.531172,26.58,gas_station,0.1,0
user_831,2025-07-08 16:07:30.531172,100.07,airline,0.1,0
user_288,2025-07-08 16:33:20.531172,72.74,entertainment,0.1,0
user_546,2025-07-08 16:52:51.531172,10.0,restaurant,0.1,0
user_395,2025-07-08 17:00:20.531172,119.41,entertainment,0.1,0
user_449,2025-07-08 17:15:37.531172,177.1,restaurant,0.3,0
user_247,2025-07-08 17:25:49.531172,10.12,hotel,0.1,0
user_572,2025-07-08 17:36:19.531172,60.93,jewelry,0.7,1
user_108,2025-07-08 17:40:49.531172,10.29,pharmacy,0.6,0
user_203,2025-07-08 17:51:45.531172,7.58,grocery,0.3,0
user_783,2025-07-08 17:55:12.531172,8.4,car_rental,0.3,0
user_790,2025-07-08 17:55:14.531172,22.73,restaurant,0.1,0
user_557,2025-07-08 17:57:20.531172,9.32,pharmacy,0.1,0
user_184,2025-07-08 18:04:38.531172,5.0,online_retail,0.7,0
user_72,2025-07-08 18:26:10.531172,93.76,pharmacy,0.1,0
user_527,2025-07-08 18:31:17.531172,22.46,online_retail,0.1,0
user_5,2025-07-08 18:35:45.531172,5.0,restaurant,0.1,0
user_464,2025-07-08 18:49:45.531172,8.48,pharmacy,0.1,0
user_585,2025-07-08 19:13:12.531172,22.92,grocery,0.1,0
user_601,2025-07-08 20:28:47.531172,61.65,pharmacy,0.3,0
user_379,2025-07-08 20:39:58.531172,5.0,grocery,0.3,0
user_743,2025-07-08 20:48:25.531172,7.82,restaurant,0.1,0
user_477,2025-07-08 20:58:40.531172,40.43,pharmacy,0.1,0
user_351,2025-07-08 21:23:03.531172,133.72,hotel,0.6,0
user_5,2025-07-08 21:31:36.531172,224.78,department_store,0.3,0
user_368,2025-07-08 21:35:55.531172,97.64,gas_station,0.1,0
user_488,2025-07-08 21:54:25.531172,5.0,electronics,0.1,0
user_843,2025-07-08 21:55:19.531172,5.13,grocery,0.6,0
user_176,2025-07-08 22:01:42.531172,30.9,grocery,0.3,0
user_690,2025-07-08 22:40:57.531172,35.65,grocery,0.6,0
user_134,2025-07-08 22:47:04.531172,16.45,grocery,0.1,0
user_738,2025-07-08 22:49:19.531172,17.5,car_rental,0.1,0
user_152,2025-07-08 23:12:42.531172,5.0,entertainment,0.7,0
user_740,2025-07-08 23:22:01.531172,12.27,grocery,0.3,0
user_266,2025-07-08 23:27:24.531172,142.22,grocery,0.1,0
user_171,2025-07-08 23:47:16.531172,184.36,department_store,0.1,0
user_411,2025-07-08 23:51:07.531172,15.1,department_store,0.1,0
user_155,2025-07-09 00:00:40.531172,11.9,pharmacy,0.1,0
user_405,2025-07-09 00:37:52.531172,5.0,grocery,0.1,0
user_561,2025-07-09 00:53:22.531172,5.0,restaurant,0.3,0
user_372,2025-07-09 01:30:58.531172,157.03,gas_station,0.1,0
user_709,2025-07-09 02:03:45.531172,19.35,grocery,0.1,0
user_100,2025-07-09 02:05:27.531172,34.66,gas_station,0.1,0
user_307,2025-07-09 02:08:18.531172,19.51,electronics,0.1,0
user_631,2025-07-09 02:26:05.531172,114.73,gas_station,0.1,0
user_55,2025-07-09 02:30:50.531172,15.96,department_store,0.1,0
user_399,2025-07-09 02:31:09.531172,42.04,gas_station,0.1,0
user_11,2025-07-09 02:38:14.531172,45.94,grocery,0.1,0
user_708,2025-07-09 03:18:50.531172,33.83,grocery,0.6,0
user_853,2025-07-09 03:50:32.531172,8.16,online_retail,0.1,0
user_409,2025-07-09 03:51:35.531172,16.77,hotel,0.4,0
user_199,2025-07-09 04:20:33.531172,14.36,gas_station,0.1,0
user_247,2025-07-09 04:38:14.531172,5.0,entertainment,0.1,0
user_505,2025-07-09 04:39:47.531172,59.67,online_retail,0.9,0
user_710,2025-07-09 05:08:15.531172,62.01,department_store,0.1,0
user_495,2025-07-09 05:42:27.531172,16.42,restaurant,0.1,0
user_857,2025-07-09 06:09:10.531172,20.66,grocery,0.1,0
user_686,2025-07-09 06:14:23.531172,9.03,gas_station,0.9,0
user_717,2025-07-09 06:16:59.531172,22.52,airline,0.6,0
user_573,2025-07-09 06:17:39.531172,13.25,car_rental,0.1,0
user_991,2025-07-09 06:20:42.531172,5.74,hotel,0.3,0
user_461,2025-07-09 06:31:26.531172,8.24,gas_station,0.1,0
user_423,2025-07-09 07:16:26.531172,74.26,grocery,0.1,0
user_663,2025-07-09 07:20:18.531172,16.44,restaurant,0.1,0
user_6,2025-07-09 07:48:31.531172,70.89,restaurant,0.1,0
user_199,2025-07-09 07:57:38.531172,78.81,gas_station,0.3,0
user_525,2025-07-09 08:16:08.531172,5.0,hotel,0.3,0
user_218,2025-07-09 08:50:53.531172,218.37,gas_station,0.6,0
user_988,2025-07-09 08:56:21.531172,32.13,grocery,0.1,0
user_488,2025-07-09 09:22:03.531172,6.23,gas_station,0.1,0
user_56,2025-07-09 09:36:48.531172,56.84,grocery,0.6,0
user_504,2025-07-09 09:59:20.531172,5.0,entertainment,0.1,0
user_788,2025-07-09 10:05:18.531172,5.0,restaurant,0.1,0
user_630,2025-07-09 10:07:06.531172,16.99,online_retail,0.1,0
user_851,2025-07-09 10:07:56.531172,12.4,entertainment,0.3,0
user_752,2025-07-09 10:11:15.531172,133.31,pharmacy,0.3,0
user_169,2025-07-09 10:13:28.531172,5.0,jewelry,0.1,0
user_266,2025-07-09 10:15:53.531172,189.27,online_retail,0.1,0
user_831,2025-07-09 10:26:06.531172,173.62,gas_station,0.1,0
user_891,2025-07-09 10:32:50.531172,5.0,gas_station,0.3,0
user_82,2025-07-09 10:57:17.531172,14.84,airline,0.1,0
user_997,2025-07-09 11:02:09.531172,52.12,entertainment,0.1,0
user_462,2025-07-09 11:14:08.531172,12.97,restaurant,0.3,0
user_849,2025-07-09 11:31:06.531172,236.79,restaurant,0.3,0
user_840,2025-07-09 11:59:55.531172,9.27,online_retail,0.1,0
user_136,2025-07-09 12:07:53.531172,30.08,restaurant,0.1,0
user_531,2025-07-09 12:09:46.531172,47.32,grocery,0.6,0
user_516,2025-07-09 12:17:39.531172,10.1,online_retail,0.1,0
user_423,2025-07-09 12:47:10.531172,6.27,jewelry,0.1,0
user_44,2025-07-09 13:03:12.531172,15.89,pharmacy,0.3,0
user_928,2025-07-09 13:10:18.531172,39.11,department_store,0.1,0
user_483,2025-07-09 13:19:44.531172,17.44,restaurant,0.1,0
user_287,2025-07-09 13:55:27.531172,215.47,electronics,0.3,0
user_656,2025-07-09 13:58:00.531172,56.49,pharmacy,0.1,0
user_462,2025-07-09 13:58:35.531172,12.16,grocery,0.6,0
user_122,2025-07-09 14:02:04.531172,6.52,gas_station,0.3,0
user_223,2025-07-09 14:31:02.531172,17.07,online_retail,0.3,0
user_803,2025-07-09 14:33:09.531172,1023.71,department_store,0.3,0
user_384,2025-07-09 14:33:49.531172,180.52,online_retail,0.6,0
user_731,2025-07-09 14:51:10.531172,7.03,grocery,0.1,0
user_980,2025-07-09 15:07:03.531172,6.68,gas_station,0.7,0
user_466,2025-07-09 15:26:12.531172,12.78,online_retail,0.4,0
user_322,2025-07-09 15:40:09.531172,490.37,entertainment,0.7,0
user_796,2025-07-09 15:45:01.531172,37.85,department_store,0.6,0
user_881,2025-07-09 15:55:18.531172,5.0,pharmacy,0.1,0
user_476,2025-07-09 16:02:04.531172,5.0,restaurant,0.7,0
user_537,2025-07-09 16:26:33.531172,8.17,pharmacy,0.1,0
user_730,2025-07-09 16:45:51.531172,5.0,department_store,0.1,0
user_826,2025-07-09 16:56:00.531172,5.64,grocery,0.1,0
user_881,2025-07-09 17:01:27.531172,5.0,restaurant,0.1,0
user_700,2025-07-09 17:17:32.531172,114.69,department_store,0.1,0
user_528,2025-07-09 17:28:15.531172,47.72,grocery,0.6,0
user_179,2025-07-09 17:46:04.531172,8.17,hotel,0.3,0
user_387,2025-07-09 17:51:03.531172,16.57,grocery,0.1,0
user_944,2025-07-09 17:53:03.531172,14.03,restaurant,0.3,0
user_337,2025-07-09 18:09:59.531172,5.0,restaurant,0.9,0
user_272,2025-07-09 18:13:27.531172,10.78,online_retail,0.1,0
user_991,2025-07-09 18:33:39.531172,164.6,gas_station,0.9,0
user_94,2025-07-09 18:38:17.531172,5.0,restaurant,0.1,0
user_809,2025-07-09 18:43:36.531172,80.54,gas_station,0.1,0
user_269,2025-07-09 18:58:25.531172,41.69,restaurant,0.1,0
user_394,2025-07-09 19:24:09.531172,380.34,online_retail,0.3,0
user_234,2025-07-09 19:45:37.531172,7.96,online_retail,0.3,0
user_981,2025-07-09 19:45:53.531172,229.14,online_retail,0.3,0
user_301,2025-07-09 19:57:13.531172,15.22,online_retail,0.6,0
user_427,2025-07-09 20:19:12.531172,61.04,car_rental,0.1,0
user_62,2025-07-09 20:38:05.531172,147.16,online_retail,0.1,0
user_865,2025-07-09 20:55:13.531172,5.0,restaurant,0.6,0
user_231,2025-07-09 20:55:29.531172,29.52,restaurant,0.1,0
user_985,2025-07-09 20:56:23.531172,5.0,gas_station,0.1,0
user_486,2025-07-09 20:59:33.531172,5.0,entertainment,0.1,0
user_5,2025-07-09 21:17:24.531172,5.0,pharmacy,0.1,0
user_652,2025-07-09 22:21:56.531172,74.76,gas_station,0.1,0
user_471,2025-07-09 22:24:40.531172,114.33,department_store,0.1,0
user_601,2025-07-09 22:32:01.531172,21.88,grocery,0.1,0
user_680,2025-07-09 22:51:58.531172,67.26,grocery,0.3,0
user_676,2025-07-09 22:59:55.531172,39.47,pharmacy,0.1,0
user_921,2025-07-09 23:01:53.531172,10.7,department_store,0.4,0
user_702,2025-07-09 23:09:56.531172,5.0,pharmacy,0.1,0
user_520,2025-07-09 23:35:05.531172,216.81,restaurant,0.1,0
user_353,2025-07-09 23:41:57.531172,31.1,pharmacy,0.3,0
user_563,2025-07-09 23:58:43.531172,5.0,pharmacy,0.1,0
user_510,2025-07-10 00:03:12.531172,20.72,electronics,0.1,0
user_265,2025-07-10 00:07:46.531172,42.11,department_store,0.6,0
user_862,2025-07-10 00:17:18.531172,34.97,electronics,0.1,0
user_996,2025-07-10 00:20:40.531172,9.08,restaurant,0.3,0
user_790,2025-07-10 00:39:08.531172,20.09,grocery,0.1,0
user_723,2025-07-10 01:27:15.531172,5.0,gas_station,0.1,0
user_217,2025-07-10 01:27:37.531172,33.08,airline,0.1,0
user_823,2025-07-10 02:39:36.531172,5.0,entertainment,0.4,0
user_347,2025-07-10 02:53:14.531172,5.0,hotel,0.1,0
user_264,2025-07-10 02:53:46.531172,43.98,car_rental,0.1,0
user_109,2025-07-10 03:04:26.531172,6.41,gas_station,0.3,0
user_614,2025-07-10 03:53:11.531172,27.8,pharmacy,0.6,0
user_79,2025-07-10 04:15:46.531172,5.0,restaurant,0.3,0
user_774,2025-07-10 04:48:51.531172,42.96,grocery,0.1,0
user_902,2025-07-10 04:58:13.531172,56.99,grocery,0.1,0
user_920,2025-07-10 05:20:50.531172,5.0,department_store,0.3,0
user_736,2025-07-10 05:23:13.531172,20.4,restaurant,0.3,0
user_407,2025-07-10 05:24:25.531172,20.53,airline,0.6,0
user_336,2025-07-10 05:42:31.531172,5.0,grocery,0.1,0
user_165,2025-07-10 07:11:16.531172,88.25,gas_station,0.6,0
user_624,2025-07-10 07:13:59.531172,10.15,airline,0.1,0
user_783,2025-07-10 07:27:30.531172,13.37,department_store,0.3,0
user_453,2025-07-10 07:36:43.531172,54.98,grocery,0.1,0
user_70,2025-07-10 07:48:55.531172,5.0,jewelry,0.1,0
user_491,2025-07-10 07:49:20.531172,13.76,entertainment,0.1,0
user_836,2025-07-10 08:22:03.531172,5.0,restaurant,0.7,0
user_643,2025-07-10 08:59:34.531172,73.56,gas_station,0.1,0
user_891,2025-07-10 10:02:26.531172,10.91,pharmacy,0.1,0
user_635,2025-07-10 10:05:56.531172,31.61,gas_station,0.1,0
user_470,2025-07-10 10:08:59.531172,68.51,jewelry,0.6,0
user_722,2025-07-10 10:17:41.531172,31.96,restaurant,0.1,0
user_80,2025-07-10 10:20:34.531172,13.83,car_rental,0.1,0
user_79,2025-07-10 10:28:35.531172,14.79,online_retail,0.1,0
user_483,2025-07-10 10:41:04.531172,973.48,grocery,0.1,0
user_294,2025-07-10 10:41:44.531172,41.98,gas_station,0.6,0
user_708,2025-07-10 10:50:17.531172,218.51,grocery,0.1,0
user_256,2025-07-10 10:52:04.531172,36.37,grocery,0.1,0
user_100,2025-07-10 11:25:55.531172,5.14,grocery,0.1,0
user_583,2025-07-10 11:49:38.531172,79.08,airline,0.1,0
user_340,2025-07-10 11:51:39.531172,56.31,electronics,0.1,0
user_950,2025-07-10 11:55:55.531172,31.02,pharmacy,0.1,0
user_303,2025-07-10 12:05:29.531172,4187.6,online_retail,0.9,1
user_929,2025-07-10 12:08:50.531172,5.0,gas_station,0.1,0
user_547,2025-07-10 12:10:59.531172,7.57,department_store,0.3,0
user_448,2025-07-10 12:15:45.531172,19.47,grocery,0.1,0
user_990,2025-07-10 12:21:49.531172,163.19,grocery,0.1,0
user_600,2025-07-10 12:42:29.531172,20.81,gas_station,0.1,0
user_55,2025-07-10 13:07:54.531172,5.0,department_store,0.1,0
user_837,2025-07-10 13:09:20.531172,9.24,restaurant,0.3,0
user_312,2025-07-10 13:16:18.531172,5.0,department_store,0.6,0
user_898,2025-07-10 13:22:31.531172,5.0,grocery,0.1,0
user_182,2025-07-10 13:55:19.531172,143.28,online_retail,0.4,0
user_64,2025-07-10 14:42:10.531172,5.0,entertainment,0.1,0
user_265,2025-07-10 14:46:58.531172,73.92,grocery,0.1,0
user_71,2025-07-10 14:50:47.531172,5.0,grocery,0.6,0
user_515,2025-07-10 15:20:06.531172,6.08,entertainment,0.4,0
user_479,2025-07-10 15:41:42.531172,30.52,online_retail,0.1,0
user_828,2025-07-10 15:52:20.531172,59.05,grocery,0.4,0
user_181,2025-07-10 15:54:43.531172,119.45,pharmacy,0.3,0
user_707,2025-07-10 16:13:35.531172,52.5,grocery,0.1,0
user_156,2025-07-10 16:30:59.531172,72.64,entertainment,0.1,0
user_225,2025-07-10 16:39:18.531172,5.0,department_store,0.1,0
user_123,2025-07-10 17:12:05.531172,76.89,restaurant,0.6,0
user_268,2025-07-10 17:12:55.531172,12.55,grocery,0.3,0
user_340,2025-07-10 17:39:34.531172,17.92,online_retail,0.1,0
user_427,2025-07-10 17:43:33.531172,25.01,entertainment,0.3,0
user_125,2025-07-10 17:46:27.531172,111.05,gas_station,0.3,0
user_626,2025-07-10 17:48:47.531172,5.0,grocery,0.6,0
user_678,2025-07-10 17:49:57.531172,5.0,gas_station,0.1,0
user_220,2025-07-10 17:52:30.531172,97.77,department_store,0.1,0
user_199,2025-07-10 18:16:16.531172,41.48,online_retail,0.6,0
user_349,2025-07-10 18:52:38.531172,45.51,electronics,0.3,0
user_701,2025-07-10 18:55:41.531172,5.0,grocery,0.3,0
user_14,2025-07-10 19:10:31.531172,86.85,entertainment,0.1,0
user_471,2025-07-10 19:28:18.531172,56.16,airline,0.1,0
user_654,2025-07-10 19:31:29.531172,47.91,grocery,0.1,0
user_354,2025-07-10 19:32:24.531172,35.56,department_store,0.7,0
user_583,2025-07-10 19:32:31.531172,316.48,grocery,0.1,0
user_936,2025-07-10 20:11:26.531172,31.34,online_retail,0.3,0
user_929,2025-07-10 20:20:02.531172,16.52,restaurant,0.1,0
user_317,2025-07-10 20:20:45.531172,6.55,gas_station,0.1,0
user_232,2025-07-10 20:42:11.531172,11.4,entertainment,0.3,0
user_379,2025-07-10 20:43:05.531172,8.84,pharmacy,0.6,0
user_348,2025-07-10 20:48:26.531172,78.08,department_store,0.1,0
user_956,2025-07-10 20:58:56.531172,27.56,grocery,0.6,0
user_705,2025-07-10 21:37:46.531172,48.53,grocery,0.1,0
user_929,2025-07-10 22:06:14.531172,25.15,restaurant,0.1,0
user_997,2025-07-10 22:06:42.531172,32.89,hotel,0.1,0
user_351,2025-07-10 22:14:36.531172,32.72,online_retail,0.6,0
user_940,2025-07-10 22:34:01.531172,7.03,online_retail,0.1,0
user_687,2025-07-10 22:59:30.531172,41.3,online_retail,0.7,0
user_345,2025-07-10 23:03:05.531172,144.23,restaurant,0.1,0
user_81,2025-07-10 23:15:01.531172,160.51,grocery,0.6,0
user_712,2025-07-10 23:26:16.531172,10.67,department_store,0.1,0
user_704,2025-07-10 23:43:07.531172,33.94,grocery,0.3,0
user_714,2025-07-10 23:54:08.531172,15.16,grocery,0.1,0
user_651,2025-07-10 23:55:30.531172,76.48,grocery,0.9,0
user_515,2025-07-11 00:00:02.531172,92.97,grocery,0.1,0
user_896,2025-07-11 00:22:21.531172,50.46,grocery,0.1,0
user_135,2025-07-11 00:42:30.531172,69.26,online_retail,0.3,0
user_519,2025-07-11 00:54:31.531172,83.82,car_rental,0.1,0
user_31,2025-07-11 01:02:14.531172,10.36,entertainment,0.6,0
user_903,2025-07-11 01:38:44.531172,20.26,online_retail,0.1,0
user_785,2025-07-11 01:43:42.531172,6.68,pharmacy,0.4,0
user_863,2025-07-11 01:55:12.531172,18.37,gas_station,0.1,0
user_634,2025-07-11 02:23:26.531172,5.0,hotel,0.1,0
user_698,2025-07-11 02:26:35.531172,5.0,restaurant,0.3,0
user_666,2025-07-11 02:27:30.531172,5.0,restaurant,0.1,0
user_46,2025-07-11 02:34:50.531172,98.72,gas_station,0.1,0
user_102,2025-07-11 02:37:28.531172,52.88,restaurant,0.3,0
user_898,2025-07-11 02:49:51.531172,7.1,pharmacy,0.1,0
user_495,2025-07-11 02:56:52.531172,16.51,restaurant,0.1,0
user_755,2025-07-11 03:13:09.531172,5.0,airline,0.4,0
user_946,2025-07-11 03:43:12.531172,34.35,grocery,0.1,0
user_239,2025-07-11 03:59:05.531172,5.0,online_retail,0.3,0
user_175,2025-07-11 04:05:02.531172,5.0,entertainment,0.1,0
user_961,2025-07-11 04:43:47.531172,9.9,department_store,0.1,0
user_760,2025-07-11 05:05:25.531172,5.0,restaurant,0.1,0
user_457,2025-07-11 05:34:50.531172,28.27,gas_station,0.1,0
user_701,2025-07-11 05:46:36.531172,62.69,grocery,0.1,0
user_802,2025-07-11 05:53:44.531172,12.49,restaurant,0.6,0
user_250,2025-07-11 05:59:17.531172,644.24,pharmacy,0.6,0
user_415,2025-07-11 06:01:27.531172,5.0,airline,0.1,0
user_129,2025-07-11 06:05:04.531172,86.57,grocery,0.1,0
user_585,2025-07-11 06:33:48.531172,27.91,restaurant,0.1,0
user_173,2025-07-11 06:42:36.531172,15.02,department_store,0.9,0
user_323,2025-07-11 06:50:30.531172,121.86,grocery,0.3,0
user_564,2025-07-11 07:05:11.531172,8.49,entertainment,0.1,0
user_370,2025-07-11 07:17:47.531172,71.54,grocery,0.1,0
user_575,2025-07-11 07:33:34.531172,188.06,pharmacy,0.1,0
user_423,2025-07-11 07:54:09.531172,17.77,gas_station,0.6,0
user_395,2025-07-11 07:57:10.531172,52.29,gas_station,0.1,0
user_784,2025-07-11 08:21:14.531172,13.77,grocery,0.3,0
user_122,2025-07-11 08:54:21.531172,110.7,restaurant,0.6,0
